2024-07-01 08:04:48.472 [background-preinit] INFO  o.h.validator.internal.util.Version - HV000001: Hibernate Validator 8.0.1.Final
2024-07-01 08:04:48.510 [main] INFO  c.project.shopapp.ShopappApplication - Starting ShopappApplication using Java 21.0.3 with PID 7256 (C:\code\udemy\ShopApp\shopapp-backend\target\classes started by nguye in C:\code\udemy\ShopApp\shopapp-backend)
2024-07-01 08:04:48.510 [main] INFO  c.project.shopapp.ShopappApplication - No active profile set, falling back to 1 default profile: "default"
2024-07-01 08:04:50.196 [main] INFO  o.s.d.r.c.RepositoryConfigurationDelegate - Multiple Spring Data modules found, entering strict repository configuration mode
2024-07-01 08:04:50.196 [main] INFO  o.s.d.r.c.RepositoryConfigurationDelegate - Bootstrapping Spring Data JPA repositories in DEFAULT mode.
2024-07-01 08:04:50.321 [main] INFO  o.s.d.r.c.RepositoryConfigurationDelegate - Finished Spring Data repository scanning in 116 ms. Found 12 JPA repository interfaces.
2024-07-01 08:04:50.776 [main] INFO  o.s.d.r.c.RepositoryConfigurationDelegate - Multiple Spring Data modules found, entering strict repository configuration mode
2024-07-01 08:04:50.776 [main] INFO  o.s.d.r.c.RepositoryConfigurationDelegate - Bootstrapping Spring Data Redis repositories in DEFAULT mode.
2024-07-01 08:04:50.808 [main] INFO  o.s.d.r.c.RepositoryConfigurationExtensionSupport - Spring Data Redis - Could not safely identify store assignment for repository candidate interface com.project.shopapp.repositories.CategoryRepository; If you want this repository to be a Redis repository, consider annotating your entities with one of these annotations: org.springframework.data.redis.core.RedisHash (preferred), or consider extending one of the following types with your repository: org.springframework.data.keyvalue.repository.KeyValueRepository
2024-07-01 08:04:50.808 [main] INFO  o.s.d.r.c.RepositoryConfigurationExtensionSupport - Spring Data Redis - Could not safely identify store assignment for repository candidate interface com.project.shopapp.repositories.CommentRepository; If you want this repository to be a Redis repository, consider annotating your entities with one of these annotations: org.springframework.data.redis.core.RedisHash (preferred), or consider extending one of the following types with your repository: org.springframework.data.keyvalue.repository.KeyValueRepository
2024-07-01 08:04:50.808 [main] INFO  o.s.d.r.c.RepositoryConfigurationExtensionSupport - Spring Data Redis - Could not safely identify store assignment for repository candidate interface com.project.shopapp.repositories.CouponConditionRepository; If you want this repository to be a Redis repository, consider annotating your entities with one of these annotations: org.springframework.data.redis.core.RedisHash (preferred), or consider extending one of the following types with your repository: org.springframework.data.keyvalue.repository.KeyValueRepository
2024-07-01 08:04:50.808 [main] INFO  o.s.d.r.c.RepositoryConfigurationExtensionSupport - Spring Data Redis - Could not safely identify store assignment for repository candidate interface com.project.shopapp.repositories.CouponRepository; If you want this repository to be a Redis repository, consider annotating your entities with one of these annotations: org.springframework.data.redis.core.RedisHash (preferred), or consider extending one of the following types with your repository: org.springframework.data.keyvalue.repository.KeyValueRepository
2024-07-01 08:04:50.808 [main] INFO  o.s.d.r.c.RepositoryConfigurationExtensionSupport - Spring Data Redis - Could not safely identify store assignment for repository candidate interface com.project.shopapp.repositories.FavoriteRepository; If you want this repository to be a Redis repository, consider annotating your entities with one of these annotations: org.springframework.data.redis.core.RedisHash (preferred), or consider extending one of the following types with your repository: org.springframework.data.keyvalue.repository.KeyValueRepository
2024-07-01 08:04:50.808 [main] INFO  o.s.d.r.c.RepositoryConfigurationExtensionSupport - Spring Data Redis - Could not safely identify store assignment for repository candidate interface com.project.shopapp.repositories.OrderDetailRepository; If you want this repository to be a Redis repository, consider annotating your entities with one of these annotations: org.springframework.data.redis.core.RedisHash (preferred), or consider extending one of the following types with your repository: org.springframework.data.keyvalue.repository.KeyValueRepository
2024-07-01 08:04:50.808 [main] INFO  o.s.d.r.c.RepositoryConfigurationExtensionSupport - Spring Data Redis - Could not safely identify store assignment for repository candidate interface com.project.shopapp.repositories.OrderRepository; If you want this repository to be a Redis repository, consider annotating your entities with one of these annotations: org.springframework.data.redis.core.RedisHash (preferred), or consider extending one of the following types with your repository: org.springframework.data.keyvalue.repository.KeyValueRepository
2024-07-01 08:04:50.808 [main] INFO  o.s.d.r.c.RepositoryConfigurationExtensionSupport - Spring Data Redis - Could not safely identify store assignment for repository candidate interface com.project.shopapp.repositories.ProductImageRepository; If you want this repository to be a Redis repository, consider annotating your entities with one of these annotations: org.springframework.data.redis.core.RedisHash (preferred), or consider extending one of the following types with your repository: org.springframework.data.keyvalue.repository.KeyValueRepository
2024-07-01 08:04:50.808 [main] INFO  o.s.d.r.c.RepositoryConfigurationExtensionSupport - Spring Data Redis - Could not safely identify store assignment for repository candidate interface com.project.shopapp.repositories.ProductRepository; If you want this repository to be a Redis repository, consider annotating your entities with one of these annotations: org.springframework.data.redis.core.RedisHash (preferred), or consider extending one of the following types with your repository: org.springframework.data.keyvalue.repository.KeyValueRepository
2024-07-01 08:04:50.808 [main] INFO  o.s.d.r.c.RepositoryConfigurationExtensionSupport - Spring Data Redis - Could not safely identify store assignment for repository candidate interface com.project.shopapp.repositories.RoleRepository; If you want this repository to be a Redis repository, consider annotating your entities with one of these annotations: org.springframework.data.redis.core.RedisHash (preferred), or consider extending one of the following types with your repository: org.springframework.data.keyvalue.repository.KeyValueRepository
2024-07-01 08:04:50.808 [main] INFO  o.s.d.r.c.RepositoryConfigurationExtensionSupport - Spring Data Redis - Could not safely identify store assignment for repository candidate interface com.project.shopapp.repositories.TokenRepository; If you want this repository to be a Redis repository, consider annotating your entities with one of these annotations: org.springframework.data.redis.core.RedisHash (preferred), or consider extending one of the following types with your repository: org.springframework.data.keyvalue.repository.KeyValueRepository
2024-07-01 08:04:50.808 [main] INFO  o.s.d.r.c.RepositoryConfigurationExtensionSupport - Spring Data Redis - Could not safely identify store assignment for repository candidate interface com.project.shopapp.repositories.UserRepository; If you want this repository to be a Redis repository, consider annotating your entities with one of these annotations: org.springframework.data.redis.core.RedisHash (preferred), or consider extending one of the following types with your repository: org.springframework.data.keyvalue.repository.KeyValueRepository
2024-07-01 08:04:50.808 [main] INFO  o.s.d.r.c.RepositoryConfigurationDelegate - Finished Spring Data repository scanning in 28 ms. Found 0 Redis repository interfaces.
2024-07-01 08:04:51.828 [main] INFO  o.s.b.w.e.tomcat.TomcatWebServer - Tomcat initialized with port 8088 (http)
2024-07-01 08:04:51.844 [main] INFO  o.a.coyote.http11.Http11NioProtocol - Initializing ProtocolHandler ["http-nio-8088"]
2024-07-01 08:04:51.844 [main] INFO  o.a.catalina.core.StandardService - Starting service [Tomcat]
2024-07-01 08:04:51.844 [main] INFO  o.a.catalina.core.StandardEngine - Starting Servlet engine: [Apache Tomcat/10.1.24]
2024-07-01 08:04:51.929 [main] INFO  o.a.c.c.C.[Tomcat].[localhost].[/] - Initializing Spring embedded WebApplicationContext
2024-07-01 08:04:51.929 [main] INFO  o.s.b.w.s.c.ServletWebServerApplicationContext - Root WebApplicationContext: initialization completed in 3377 ms
2024-07-01 08:04:52.409 [main] ERROR o.s.b.w.e.tomcat.TomcatStarter - Error starting Tomcat context. Exception: org.springframework.beans.factory.UnsatisfiedDependencyException. Message: Error creating bean with name 'jwtTokenFilter' defined in file [C:\code\udemy\ShopApp\shopapp-backend\target\classes\com\project\shopapp\filters\JwtTokenFilter.class]: Unsatisfied dependency expressed through constructor parameter 0: Error creating bean with name 'securityConfig' defined in file [C:\code\udemy\ShopApp\shopapp-backend\target\classes\com\project\shopapp\configurations\SecurityConfig.class]: Unsatisfied dependency expressed through constructor parameter 0: Error creating bean with name 'userRepository' defined in com.project.shopapp.repositories.UserRepository defined in @EnableJpaRepositories declared on ShopappApplication: Cannot resolve reference to bean 'jpaSharedEM_entityManagerFactory' while setting bean property 'entityManager'
2024-07-01 08:04:52.440 [main] INFO  o.a.catalina.core.StandardService - Stopping service [Tomcat]
2024-07-01 08:04:52.440 [main] WARN  o.s.b.w.s.c.AnnotationConfigServletWebServerApplicationContext - Exception encountered during context initialization - cancelling refresh attempt: org.springframework.context.ApplicationContextException: Unable to start web server
2024-07-01 08:04:52.456 [main] INFO  o.s.b.a.l.ConditionEvaluationReportLogger - 

Error starting ApplicationContext. To display the condition evaluation report re-run your application with 'debug' enabled.
2024-07-01 08:04:52.472 [main] ERROR o.s.boot.SpringApplication - Application run failed
org.springframework.context.ApplicationContextException: Unable to start web server
	at org.springframework.boot.web.servlet.context.ServletWebServerApplicationContext.onRefresh(ServletWebServerApplicationContext.java:165)
	at org.springframework.context.support.AbstractApplicationContext.refresh(AbstractApplicationContext.java:618)
	at org.springframework.boot.web.servlet.context.ServletWebServerApplicationContext.refresh(ServletWebServerApplicationContext.java:146)
	at org.springframework.boot.SpringApplication.refresh(SpringApplication.java:754)
	at org.springframework.boot.SpringApplication.refreshContext(SpringApplication.java:456)
	at org.springframework.boot.SpringApplication.run(SpringApplication.java:335)
	at org.springframework.boot.SpringApplication.run(SpringApplication.java:1363)
	at org.springframework.boot.SpringApplication.run(SpringApplication.java:1352)
	at com.project.shopapp.ShopappApplication.main(ShopappApplication.java:25)
Caused by: org.springframework.boot.web.server.WebServerException: Unable to start embedded Tomcat
	at org.springframework.boot.web.embedded.tomcat.TomcatWebServer.initialize(TomcatWebServer.java:147)
	at org.springframework.boot.web.embedded.tomcat.TomcatWebServer.<init>(TomcatWebServer.java:107)
	at org.springframework.boot.web.embedded.tomcat.TomcatServletWebServerFactory.getTomcatWebServer(TomcatServletWebServerFactory.java:516)
	at org.springframework.boot.web.embedded.tomcat.TomcatServletWebServerFactory.getWebServer(TomcatServletWebServerFactory.java:222)
	at org.springframework.boot.web.servlet.context.ServletWebServerApplicationContext.createWebServer(ServletWebServerApplicationContext.java:188)
	at org.springframework.boot.web.servlet.context.ServletWebServerApplicationContext.onRefresh(ServletWebServerApplicationContext.java:162)
	... 8 common frames omitted
Caused by: org.springframework.beans.factory.UnsatisfiedDependencyException: Error creating bean with name 'jwtTokenFilter' defined in file [C:\code\udemy\ShopApp\shopapp-backend\target\classes\com\project\shopapp\filters\JwtTokenFilter.class]: Unsatisfied dependency expressed through constructor parameter 0: Error creating bean with name 'securityConfig' defined in file [C:\code\udemy\ShopApp\shopapp-backend\target\classes\com\project\shopapp\configurations\SecurityConfig.class]: Unsatisfied dependency expressed through constructor parameter 0: Error creating bean with name 'userRepository' defined in com.project.shopapp.repositories.UserRepository defined in @EnableJpaRepositories declared on ShopappApplication: Cannot resolve reference to bean 'jpaSharedEM_entityManagerFactory' while setting bean property 'entityManager'
	at org.springframework.beans.factory.support.ConstructorResolver.createArgumentArray(ConstructorResolver.java:795)
	at org.springframework.beans.factory.support.ConstructorResolver.autowireConstructor(ConstructorResolver.java:237)
	at org.springframework.beans.factory.support.AbstractAutowireCapableBeanFactory.autowireConstructor(AbstractAutowireCapableBeanFactory.java:1357)
	at org.springframework.beans.factory.support.AbstractAutowireCapableBeanFactory.createBeanInstance(AbstractAutowireCapableBeanFactory.java:1194)
	at org.springframework.beans.factory.support.AbstractAutowireCapableBeanFactory.doCreateBean(AbstractAutowireCapableBeanFactory.java:562)
	at org.springframework.beans.factory.support.AbstractAutowireCapableBeanFactory.createBean(AbstractAutowireCapableBeanFactory.java:522)
	at org.springframework.beans.factory.support.AbstractBeanFactory.lambda$doGetBean$0(AbstractBeanFactory.java:337)
	at org.springframework.beans.factory.support.DefaultSingletonBeanRegistry.getSingleton(DefaultSingletonBeanRegistry.java:234)
	at org.springframework.beans.factory.support.AbstractBeanFactory.doGetBean(AbstractBeanFactory.java:335)
	at org.springframework.beans.factory.support.AbstractBeanFactory.getBean(AbstractBeanFactory.java:205)
	at org.springframework.boot.web.servlet.ServletContextInitializerBeans.getOrderedBeansOfType(ServletContextInitializerBeans.java:211)
	at org.springframework.boot.web.servlet.ServletContextInitializerBeans.addAsRegistrationBean(ServletContextInitializerBeans.java:174)
	at org.springframework.boot.web.servlet.ServletContextInitializerBeans.addAsRegistrationBean(ServletContextInitializerBeans.java:169)
	at org.springframework.boot.web.servlet.ServletContextInitializerBeans.addAdaptableBeans(ServletContextInitializerBeans.java:154)
	at org.springframework.boot.web.servlet.ServletContextInitializerBeans.<init>(ServletContextInitializerBeans.java:87)
	at org.springframework.boot.web.servlet.context.ServletWebServerApplicationContext.getServletContextInitializerBeans(ServletWebServerApplicationContext.java:266)
	at org.springframework.boot.web.servlet.context.ServletWebServerApplicationContext.selfInitialize(ServletWebServerApplicationContext.java:240)
	at org.springframework.boot.web.embedded.tomcat.TomcatStarter.onStartup(TomcatStarter.java:52)
	at org.apache.catalina.core.StandardContext.startInternal(StandardContext.java:4414)
	at org.apache.catalina.util.LifecycleBase.start(LifecycleBase.java:171)
	at org.apache.catalina.core.ContainerBase$StartChild.call(ContainerBase.java:1203)
	at org.apache.catalina.core.ContainerBase$StartChild.call(ContainerBase.java:1193)
	at java.base/java.util.concurrent.FutureTask.run(FutureTask.java:317)
	at org.apache.tomcat.util.threads.InlineExecutorService.execute(InlineExecutorService.java:75)
	at java.base/java.util.concurrent.AbstractExecutorService.submit(AbstractExecutorService.java:145)
	at org.apache.catalina.core.ContainerBase.startInternal(ContainerBase.java:749)
	at org.apache.catalina.core.StandardHost.startInternal(StandardHost.java:772)
	at org.apache.catalina.util.LifecycleBase.start(LifecycleBase.java:171)
	at org.apache.catalina.core.ContainerBase$StartChild.call(ContainerBase.java:1203)
	at org.apache.catalina.core.ContainerBase$StartChild.call(ContainerBase.java:1193)
	at java.base/java.util.concurrent.FutureTask.run(FutureTask.java:317)
	at org.apache.tomcat.util.threads.InlineExecutorService.execute(InlineExecutorService.java:75)
	at java.base/java.util.concurrent.AbstractExecutorService.submit(AbstractExecutorService.java:145)
	at org.apache.catalina.core.ContainerBase.startInternal(ContainerBase.java:749)
	at org.apache.catalina.core.StandardEngine.startInternal(StandardEngine.java:203)
	at org.apache.catalina.util.LifecycleBase.start(LifecycleBase.java:171)
	at org.apache.catalina.core.StandardService.startInternal(StandardService.java:415)
	at org.apache.catalina.util.LifecycleBase.start(LifecycleBase.java:171)
	at org.apache.catalina.core.StandardServer.startInternal(StandardServer.java:874)
	at org.apache.catalina.util.LifecycleBase.start(LifecycleBase.java:171)
	at org.apache.catalina.startup.Tomcat.start(Tomcat.java:437)
	at org.springframework.boot.web.embedded.tomcat.TomcatWebServer.initialize(TomcatWebServer.java:128)
	... 13 common frames omitted
Caused by: org.springframework.beans.factory.UnsatisfiedDependencyException: Error creating bean with name 'securityConfig' defined in file [C:\code\udemy\ShopApp\shopapp-backend\target\classes\com\project\shopapp\configurations\SecurityConfig.class]: Unsatisfied dependency expressed through constructor parameter 0: Error creating bean with name 'userRepository' defined in com.project.shopapp.repositories.UserRepository defined in @EnableJpaRepositories declared on ShopappApplication: Cannot resolve reference to bean 'jpaSharedEM_entityManagerFactory' while setting bean property 'entityManager'
	at org.springframework.beans.factory.support.ConstructorResolver.createArgumentArray(ConstructorResolver.java:795)
	at org.springframework.beans.factory.support.ConstructorResolver.autowireConstructor(ConstructorResolver.java:237)
	at org.springframework.beans.factory.support.AbstractAutowireCapableBeanFactory.autowireConstructor(AbstractAutowireCapableBeanFactory.java:1357)
	at org.springframework.beans.factory.support.AbstractAutowireCapableBeanFactory.createBeanInstance(AbstractAutowireCapableBeanFactory.java:1194)
	at org.springframework.beans.factory.support.AbstractAutowireCapableBeanFactory.doCreateBean(AbstractAutowireCapableBeanFactory.java:562)
	at org.springframework.beans.factory.support.AbstractAutowireCapableBeanFactory.createBean(AbstractAutowireCapableBeanFactory.java:522)
	at org.springframework.beans.factory.support.AbstractBeanFactory.lambda$doGetBean$0(AbstractBeanFactory.java:337)
	at org.springframework.beans.factory.support.DefaultSingletonBeanRegistry.getSingleton(DefaultSingletonBeanRegistry.java:234)
	at org.springframework.beans.factory.support.AbstractBeanFactory.doGetBean(AbstractBeanFactory.java:335)
	at org.springframework.beans.factory.support.AbstractBeanFactory.getBean(AbstractBeanFactory.java:200)
	at org.springframework.beans.factory.support.ConstructorResolver.instantiateUsingFactoryMethod(ConstructorResolver.java:409)
	at org.springframework.beans.factory.support.AbstractAutowireCapableBeanFactory.instantiateUsingFactoryMethod(AbstractAutowireCapableBeanFactory.java:1337)
	at org.springframework.beans.factory.support.AbstractAutowireCapableBeanFactory.createBeanInstance(AbstractAutowireCapableBeanFactory.java:1167)
	at org.springframework.beans.factory.support.AbstractAutowireCapableBeanFactory.doCreateBean(AbstractAutowireCapableBeanFactory.java:562)
	at org.springframework.beans.factory.support.AbstractAutowireCapableBeanFactory.createBean(AbstractAutowireCapableBeanFactory.java:522)
	at org.springframework.beans.factory.support.AbstractBeanFactory.lambda$doGetBean$0(AbstractBeanFactory.java:337)
	at org.springframework.beans.factory.support.DefaultSingletonBeanRegistry.getSingleton(DefaultSingletonBeanRegistry.java:234)
	at org.springframework.beans.factory.support.AbstractBeanFactory.doGetBean(AbstractBeanFactory.java:335)
	at org.springframework.beans.factory.support.AbstractBeanFactory.getBean(AbstractBeanFactory.java:200)
	at org.springframework.beans.factory.config.DependencyDescriptor.resolveCandidate(DependencyDescriptor.java:254)
	at org.springframework.beans.factory.support.DefaultListableBeanFactory.doResolveDependency(DefaultListableBeanFactory.java:1443)
	at org.springframework.beans.factory.support.DefaultListableBeanFactory.resolveDependency(DefaultListableBeanFactory.java:1353)
	at org.springframework.beans.factory.support.ConstructorResolver.resolveAutowiredArgument(ConstructorResolver.java:904)
	at org.springframework.beans.factory.support.ConstructorResolver.createArgumentArray(ConstructorResolver.java:782)
	... 54 common frames omitted
Caused by: org.springframework.beans.factory.BeanCreationException: Error creating bean with name 'userRepository' defined in com.project.shopapp.repositories.UserRepository defined in @EnableJpaRepositories declared on ShopappApplication: Cannot resolve reference to bean 'jpaSharedEM_entityManagerFactory' while setting bean property 'entityManager'
	at org.springframework.beans.factory.support.BeanDefinitionValueResolver.resolveReference(BeanDefinitionValueResolver.java:377)
	at org.springframework.beans.factory.support.BeanDefinitionValueResolver.resolveValueIfNecessary(BeanDefinitionValueResolver.java:135)
	at org.springframework.beans.factory.support.AbstractAutowireCapableBeanFactory.applyPropertyValues(AbstractAutowireCapableBeanFactory.java:1687)
	at org.springframework.beans.factory.support.AbstractAutowireCapableBeanFactory.populateBean(AbstractAutowireCapableBeanFactory.java:1436)
	at org.springframework.beans.factory.support.AbstractAutowireCapableBeanFactory.doCreateBean(AbstractAutowireCapableBeanFactory.java:599)
	at org.springframework.beans.factory.support.AbstractAutowireCapableBeanFactory.createBean(AbstractAutowireCapableBeanFactory.java:522)
	at org.springframework.beans.factory.support.AbstractBeanFactory.lambda$doGetBean$0(AbstractBeanFactory.java:337)
	at org.springframework.beans.factory.support.DefaultSingletonBeanRegistry.getSingleton(DefaultSingletonBeanRegistry.java:234)
	at org.springframework.beans.factory.support.AbstractBeanFactory.doGetBean(AbstractBeanFactory.java:335)
	at org.springframework.beans.factory.support.AbstractBeanFactory.getBean(AbstractBeanFactory.java:200)
	at org.springframework.beans.factory.config.DependencyDescriptor.resolveCandidate(DependencyDescriptor.java:254)
	at org.springframework.beans.factory.support.DefaultListableBeanFactory.doResolveDependency(DefaultListableBeanFactory.java:1443)
	at org.springframework.beans.factory.support.DefaultListableBeanFactory.resolveDependency(DefaultListableBeanFactory.java:1353)
	at org.springframework.beans.factory.support.ConstructorResolver.resolveAutowiredArgument(ConstructorResolver.java:904)
	at org.springframework.beans.factory.support.ConstructorResolver.createArgumentArray(ConstructorResolver.java:782)
	... 77 common frames omitted
Caused by: org.springframework.beans.factory.BeanCreationException: Error creating bean with name 'jpaSharedEM_entityManagerFactory': Cannot resolve reference to bean 'entityManagerFactory' while setting constructor argument
	at org.springframework.beans.factory.support.BeanDefinitionValueResolver.resolveReference(BeanDefinitionValueResolver.java:377)
	at org.springframework.beans.factory.support.BeanDefinitionValueResolver.resolveValueIfNecessary(BeanDefinitionValueResolver.java:135)
	at org.springframework.beans.factory.support.ConstructorResolver.resolveConstructorArguments(ConstructorResolver.java:682)
	at org.springframework.beans.factory.support.ConstructorResolver.instantiateUsingFactoryMethod(ConstructorResolver.java:509)
	at org.springframework.beans.factory.support.AbstractAutowireCapableBeanFactory.instantiateUsingFactoryMethod(AbstractAutowireCapableBeanFactory.java:1337)
	at org.springframework.beans.factory.support.AbstractAutowireCapableBeanFactory.createBeanInstance(AbstractAutowireCapableBeanFactory.java:1167)
	at org.springframework.beans.factory.support.AbstractAutowireCapableBeanFactory.doCreateBean(AbstractAutowireCapableBeanFactory.java:562)
	at org.springframework.beans.factory.support.AbstractAutowireCapableBeanFactory.createBean(AbstractAutowireCapableBeanFactory.java:522)
	at org.springframework.beans.factory.support.AbstractBeanFactory.lambda$doGetBean$0(AbstractBeanFactory.java:337)
	at org.springframework.beans.factory.support.DefaultSingletonBeanRegistry.getSingleton(DefaultSingletonBeanRegistry.java:234)
	at org.springframework.beans.factory.support.AbstractBeanFactory.doGetBean(AbstractBeanFactory.java:335)
	at org.springframework.beans.factory.support.AbstractBeanFactory.getBean(AbstractBeanFactory.java:200)
	at org.springframework.beans.factory.support.BeanDefinitionValueResolver.resolveReference(BeanDefinitionValueResolver.java:365)
	... 91 common frames omitted
Caused by: org.springframework.beans.factory.BeanCreationException: Error creating bean with name 'flyway' defined in class path resource [com/project/shopapp/configurations/FlywayConfig.class]: Failed to instantiate [org.flywaydb.core.Flyway]: Factory method 'flyway' threw exception with message: Unable to obtain connection from database: Communications link failure

The last packet sent successfully to the server was 0 milliseconds ago. The driver has not received any packets from the server.
--------------------------------------------------------------------------------------------------------------------------------------------------------------------------------------------------------
SQL State  : 08S01
Error Code : 0
Message    : Communications link failure

The last packet sent successfully to the server was 0 milliseconds ago. The driver has not received any packets from the server.

	at org.springframework.beans.factory.support.ConstructorResolver.instantiate(ConstructorResolver.java:648)
	at org.springframework.beans.factory.support.ConstructorResolver.instantiateUsingFactoryMethod(ConstructorResolver.java:485)
	at org.springframework.beans.factory.support.AbstractAutowireCapableBeanFactory.instantiateUsingFactoryMethod(AbstractAutowireCapableBeanFactory.java:1337)
	at org.springframework.beans.factory.support.AbstractAutowireCapableBeanFactory.createBeanInstance(AbstractAutowireCapableBeanFactory.java:1167)
	at org.springframework.beans.factory.support.AbstractAutowireCapableBeanFactory.doCreateBean(AbstractAutowireCapableBeanFactory.java:562)
	at org.springframework.beans.factory.support.AbstractAutowireCapableBeanFactory.createBean(AbstractAutowireCapableBeanFactory.java:522)
	at org.springframework.beans.factory.support.AbstractBeanFactory.lambda$doGetBean$0(AbstractBeanFactory.java:337)
	at org.springframework.beans.factory.support.DefaultSingletonBeanRegistry.getSingleton(DefaultSingletonBeanRegistry.java:234)
	at org.springframework.beans.factory.support.AbstractBeanFactory.doGetBean(AbstractBeanFactory.java:335)
	at org.springframework.beans.factory.support.AbstractBeanFactory.getBean(AbstractBeanFactory.java:200)
	at org.springframework.beans.factory.support.AbstractBeanFactory.doGetBean(AbstractBeanFactory.java:313)
	at org.springframework.beans.factory.support.AbstractBeanFactory.getBean(AbstractBeanFactory.java:200)
	at org.springframework.beans.factory.support.BeanDefinitionValueResolver.resolveReference(BeanDefinitionValueResolver.java:365)
	... 103 common frames omitted
Caused by: org.springframework.beans.BeanInstantiationException: Failed to instantiate [org.flywaydb.core.Flyway]: Factory method 'flyway' threw exception with message: Unable to obtain connection from database: Communications link failure

The last packet sent successfully to the server was 0 milliseconds ago. The driver has not received any packets from the server.
--------------------------------------------------------------------------------------------------------------------------------------------------------------------------------------------------------
SQL State  : 08S01
Error Code : 0
Message    : Communications link failure

The last packet sent successfully to the server was 0 milliseconds ago. The driver has not received any packets from the server.

	at org.springframework.beans.factory.support.SimpleInstantiationStrategy.instantiate(SimpleInstantiationStrategy.java:177)
	at org.springframework.beans.factory.support.ConstructorResolver.instantiate(ConstructorResolver.java:644)
	... 115 common frames omitted
Caused by: org.flywaydb.core.internal.exception.FlywaySqlException: Unable to obtain connection from database: Communications link failure

The last packet sent successfully to the server was 0 milliseconds ago. The driver has not received any packets from the server.
--------------------------------------------------------------------------------------------------------------------------------------------------------------------------------------------------------
SQL State  : 08S01
Error Code : 0
Message    : Communications link failure

The last packet sent successfully to the server was 0 milliseconds ago. The driver has not received any packets from the server.

	at org.flywaydb.core.internal.jdbc.JdbcUtils.openConnection(JdbcUtils.java:71)
	at org.flywaydb.core.internal.jdbc.JdbcConnectionFactory.<init>(JdbcConnectionFactory.java:76)
	at org.flywaydb.core.FlywayExecutor.execute(FlywayExecutor.java:138)
	at org.flywaydb.core.Flyway.migrate(Flyway.java:164)
	at com.project.shopapp.configurations.FlywayConfig.flyway(FlywayConfig.java:32)
	at com.project.shopapp.configurations.FlywayConfig$$SpringCGLIB$$0.CGLIB$flyway$1(<generated>)
	at com.project.shopapp.configurations.FlywayConfig$$SpringCGLIB$$FastClass$$1.invoke(<generated>)
	at org.springframework.cglib.proxy.MethodProxy.invokeSuper(MethodProxy.java:258)
	at org.springframework.context.annotation.ConfigurationClassEnhancer$BeanMethodInterceptor.intercept(ConfigurationClassEnhancer.java:339)
	at com.project.shopapp.configurations.FlywayConfig$$SpringCGLIB$$0.flyway(<generated>)
	at java.base/jdk.internal.reflect.DirectMethodHandleAccessor.invoke(DirectMethodHandleAccessor.java:103)
	at java.base/java.lang.reflect.Method.invoke(Method.java:580)
	at org.springframework.beans.factory.support.SimpleInstantiationStrategy.instantiate(SimpleInstantiationStrategy.java:140)
	... 116 common frames omitted
Caused by: com.mysql.cj.jdbc.exceptions.CommunicationsException: Communications link failure

The last packet sent successfully to the server was 0 milliseconds ago. The driver has not received any packets from the server.
	at com.mysql.cj.jdbc.exceptions.SQLError.createCommunicationsException(SQLError.java:174)
	at com.mysql.cj.jdbc.exceptions.SQLExceptionsMapping.translateException(SQLExceptionsMapping.java:64)
	at com.mysql.cj.jdbc.ConnectionImpl.createNewIO(ConnectionImpl.java:815)
	at com.mysql.cj.jdbc.ConnectionImpl.<init>(ConnectionImpl.java:438)
	at com.mysql.cj.jdbc.ConnectionImpl.getInstance(ConnectionImpl.java:241)
	at com.mysql.cj.jdbc.NonRegisteringDriver.connect(NonRegisteringDriver.java:189)
	at java.sql/java.sql.DriverManager.getConnection(DriverManager.java:683)
	at java.sql/java.sql.DriverManager.getConnection(DriverManager.java:191)
	at org.springframework.jdbc.datasource.DriverManagerDataSource.getConnectionFromDriverManager(DriverManagerDataSource.java:155)
	at org.springframework.jdbc.datasource.DriverManagerDataSource.getConnectionFromDriver(DriverManagerDataSource.java:146)
	at org.springframework.jdbc.datasource.AbstractDriverBasedDataSource.getConnectionFromDriver(AbstractDriverBasedDataSource.java:205)
	at org.springframework.jdbc.datasource.AbstractDriverBasedDataSource.getConnection(AbstractDriverBasedDataSource.java:169)
	at org.flywaydb.core.internal.jdbc.JdbcUtils.openConnection(JdbcUtils.java:59)
	... 128 common frames omitted
Caused by: com.mysql.cj.exceptions.CJCommunicationsException: Communications link failure

The last packet sent successfully to the server was 0 milliseconds ago. The driver has not received any packets from the server.
	at java.base/jdk.internal.reflect.DirectConstructorHandleAccessor.newInstance(DirectConstructorHandleAccessor.java:62)
	at java.base/java.lang.reflect.Constructor.newInstanceWithCaller(Constructor.java:502)
	at java.base/java.lang.reflect.Constructor.newInstance(Constructor.java:486)
	at com.mysql.cj.exceptions.ExceptionFactory.createException(ExceptionFactory.java:61)
	at com.mysql.cj.exceptions.ExceptionFactory.createException(ExceptionFactory.java:104)
	at com.mysql.cj.exceptions.ExceptionFactory.createException(ExceptionFactory.java:149)
	at com.mysql.cj.exceptions.ExceptionFactory.createCommunicationsException(ExceptionFactory.java:165)
	at com.mysql.cj.protocol.a.NativeSocketConnection.connect(NativeSocketConnection.java:88)
	at com.mysql.cj.NativeSession.connect(NativeSession.java:120)
	at com.mysql.cj.jdbc.ConnectionImpl.connectOneTryOnly(ConnectionImpl.java:935)
	at com.mysql.cj.jdbc.ConnectionImpl.createNewIO(ConnectionImpl.java:805)
	... 138 common frames omitted
Caused by: java.net.ConnectException: Connection refused: connect
	at java.base/sun.nio.ch.Net.connect0(Native Method)
	at java.base/sun.nio.ch.Net.connect(Net.java:589)
	at java.base/sun.nio.ch.Net.connect(Net.java:578)
	at java.base/sun.nio.ch.NioSocketImpl.connect(NioSocketImpl.java:583)
	at java.base/java.net.SocksSocketImpl.connect(SocksSocketImpl.java:327)
	at java.base/java.net.Socket.connect(Socket.java:751)
	at com.mysql.cj.protocol.StandardSocketFactory.connect(StandardSocketFactory.java:153)
	at com.mysql.cj.protocol.a.NativeSocketConnection.connect(NativeSocketConnection.java:62)
	... 141 common frames omitted
2024-07-01 08:12:16.151 [background-preinit] INFO  o.h.validator.internal.util.Version - HV000001: Hibernate Validator 8.0.1.Final
2024-07-01 08:12:16.192 [main] INFO  c.project.shopapp.ShopappApplication - Starting ShopappApplication using Java 21.0.3 with PID 14804 (C:\code\udemy\ShopApp\shopapp-backend\target\classes started by nguye in C:\code\udemy\ShopApp\shopapp-backend)
2024-07-01 08:12:16.192 [main] INFO  c.project.shopapp.ShopappApplication - No active profile set, falling back to 1 default profile: "default"
2024-07-01 08:12:17.867 [main] INFO  o.s.d.r.c.RepositoryConfigurationDelegate - Multiple Spring Data modules found, entering strict repository configuration mode
2024-07-01 08:12:17.867 [main] INFO  o.s.d.r.c.RepositoryConfigurationDelegate - Bootstrapping Spring Data JPA repositories in DEFAULT mode.
2024-07-01 08:12:17.977 [main] INFO  o.s.d.r.c.RepositoryConfigurationDelegate - Finished Spring Data repository scanning in 112 ms. Found 12 JPA repository interfaces.
2024-07-01 08:12:18.431 [main] INFO  o.s.d.r.c.RepositoryConfigurationDelegate - Multiple Spring Data modules found, entering strict repository configuration mode
2024-07-01 08:12:18.431 [main] INFO  o.s.d.r.c.RepositoryConfigurationDelegate - Bootstrapping Spring Data Redis repositories in DEFAULT mode.
2024-07-01 08:12:18.463 [main] INFO  o.s.d.r.c.RepositoryConfigurationExtensionSupport - Spring Data Redis - Could not safely identify store assignment for repository candidate interface com.project.shopapp.repositories.CategoryRepository; If you want this repository to be a Redis repository, consider annotating your entities with one of these annotations: org.springframework.data.redis.core.RedisHash (preferred), or consider extending one of the following types with your repository: org.springframework.data.keyvalue.repository.KeyValueRepository
2024-07-01 08:12:18.463 [main] INFO  o.s.d.r.c.RepositoryConfigurationExtensionSupport - Spring Data Redis - Could not safely identify store assignment for repository candidate interface com.project.shopapp.repositories.CommentRepository; If you want this repository to be a Redis repository, consider annotating your entities with one of these annotations: org.springframework.data.redis.core.RedisHash (preferred), or consider extending one of the following types with your repository: org.springframework.data.keyvalue.repository.KeyValueRepository
2024-07-01 08:12:18.463 [main] INFO  o.s.d.r.c.RepositoryConfigurationExtensionSupport - Spring Data Redis - Could not safely identify store assignment for repository candidate interface com.project.shopapp.repositories.CouponConditionRepository; If you want this repository to be a Redis repository, consider annotating your entities with one of these annotations: org.springframework.data.redis.core.RedisHash (preferred), or consider extending one of the following types with your repository: org.springframework.data.keyvalue.repository.KeyValueRepository
2024-07-01 08:12:18.463 [main] INFO  o.s.d.r.c.RepositoryConfigurationExtensionSupport - Spring Data Redis - Could not safely identify store assignment for repository candidate interface com.project.shopapp.repositories.CouponRepository; If you want this repository to be a Redis repository, consider annotating your entities with one of these annotations: org.springframework.data.redis.core.RedisHash (preferred), or consider extending one of the following types with your repository: org.springframework.data.keyvalue.repository.KeyValueRepository
2024-07-01 08:12:18.463 [main] INFO  o.s.d.r.c.RepositoryConfigurationExtensionSupport - Spring Data Redis - Could not safely identify store assignment for repository candidate interface com.project.shopapp.repositories.FavoriteRepository; If you want this repository to be a Redis repository, consider annotating your entities with one of these annotations: org.springframework.data.redis.core.RedisHash (preferred), or consider extending one of the following types with your repository: org.springframework.data.keyvalue.repository.KeyValueRepository
2024-07-01 08:12:18.463 [main] INFO  o.s.d.r.c.RepositoryConfigurationExtensionSupport - Spring Data Redis - Could not safely identify store assignment for repository candidate interface com.project.shopapp.repositories.OrderDetailRepository; If you want this repository to be a Redis repository, consider annotating your entities with one of these annotations: org.springframework.data.redis.core.RedisHash (preferred), or consider extending one of the following types with your repository: org.springframework.data.keyvalue.repository.KeyValueRepository
2024-07-01 08:12:18.463 [main] INFO  o.s.d.r.c.RepositoryConfigurationExtensionSupport - Spring Data Redis - Could not safely identify store assignment for repository candidate interface com.project.shopapp.repositories.OrderRepository; If you want this repository to be a Redis repository, consider annotating your entities with one of these annotations: org.springframework.data.redis.core.RedisHash (preferred), or consider extending one of the following types with your repository: org.springframework.data.keyvalue.repository.KeyValueRepository
2024-07-01 08:12:18.463 [main] INFO  o.s.d.r.c.RepositoryConfigurationExtensionSupport - Spring Data Redis - Could not safely identify store assignment for repository candidate interface com.project.shopapp.repositories.ProductImageRepository; If you want this repository to be a Redis repository, consider annotating your entities with one of these annotations: org.springframework.data.redis.core.RedisHash (preferred), or consider extending one of the following types with your repository: org.springframework.data.keyvalue.repository.KeyValueRepository
2024-07-01 08:12:18.463 [main] INFO  o.s.d.r.c.RepositoryConfigurationExtensionSupport - Spring Data Redis - Could not safely identify store assignment for repository candidate interface com.project.shopapp.repositories.ProductRepository; If you want this repository to be a Redis repository, consider annotating your entities with one of these annotations: org.springframework.data.redis.core.RedisHash (preferred), or consider extending one of the following types with your repository: org.springframework.data.keyvalue.repository.KeyValueRepository
2024-07-01 08:12:18.463 [main] INFO  o.s.d.r.c.RepositoryConfigurationExtensionSupport - Spring Data Redis - Could not safely identify store assignment for repository candidate interface com.project.shopapp.repositories.RoleRepository; If you want this repository to be a Redis repository, consider annotating your entities with one of these annotations: org.springframework.data.redis.core.RedisHash (preferred), or consider extending one of the following types with your repository: org.springframework.data.keyvalue.repository.KeyValueRepository
2024-07-01 08:12:18.463 [main] INFO  o.s.d.r.c.RepositoryConfigurationExtensionSupport - Spring Data Redis - Could not safely identify store assignment for repository candidate interface com.project.shopapp.repositories.TokenRepository; If you want this repository to be a Redis repository, consider annotating your entities with one of these annotations: org.springframework.data.redis.core.RedisHash (preferred), or consider extending one of the following types with your repository: org.springframework.data.keyvalue.repository.KeyValueRepository
2024-07-01 08:12:18.463 [main] INFO  o.s.d.r.c.RepositoryConfigurationExtensionSupport - Spring Data Redis - Could not safely identify store assignment for repository candidate interface com.project.shopapp.repositories.UserRepository; If you want this repository to be a Redis repository, consider annotating your entities with one of these annotations: org.springframework.data.redis.core.RedisHash (preferred), or consider extending one of the following types with your repository: org.springframework.data.keyvalue.repository.KeyValueRepository
2024-07-01 08:12:18.463 [main] INFO  o.s.d.r.c.RepositoryConfigurationDelegate - Finished Spring Data repository scanning in 28 ms. Found 0 Redis repository interfaces.
2024-07-01 08:12:19.450 [main] INFO  o.s.b.w.e.tomcat.TomcatWebServer - Tomcat initialized with port 8088 (http)
2024-07-01 08:12:19.450 [main] INFO  o.a.coyote.http11.Http11NioProtocol - Initializing ProtocolHandler ["http-nio-8088"]
2024-07-01 08:12:19.450 [main] INFO  o.a.catalina.core.StandardService - Starting service [Tomcat]
2024-07-01 08:12:19.465 [main] INFO  o.a.catalina.core.StandardEngine - Starting Servlet engine: [Apache Tomcat/10.1.24]
2024-07-01 08:12:19.527 [main] INFO  o.a.c.c.C.[Tomcat].[localhost].[/] - Initializing Spring embedded WebApplicationContext
2024-07-01 08:12:19.527 [main] INFO  o.s.b.w.s.c.ServletWebServerApplicationContext - Root WebApplicationContext: initialization completed in 3285 ms
2024-07-01 08:12:20.120 [main] INFO  org.flywaydb.core.FlywayExecutor - Database: jdbc:mysql://localhost:3307/ShopApp (MySQL 8.2)
2024-07-01 08:12:20.132 [main] WARN  o.f.c.i.database.base.Database - Flyway upgrade recommended: MySQL 8.2 is newer than this version of Flyway and support has not been tested. The latest supported version of MySQL is 8.1.
2024-07-01 08:12:20.192 [main] INFO  o.f.core.internal.command.DbValidate - Successfully validated 5 migrations (execution time 00:00.052s)
2024-07-01 08:12:20.209 [main] INFO  o.f.core.internal.command.DbMigrate - Current version of schema `ShopApp`: 5
2024-07-01 08:12:20.211 [main] INFO  o.f.core.internal.command.DbMigrate - Schema `ShopApp` is up to date. No migration necessary.
2024-07-01 08:12:20.356 [main] INFO  o.h.jpa.internal.util.LogHelper - HHH000204: Processing PersistenceUnitInfo [name: default]
2024-07-01 08:12:20.419 [main] INFO  org.hibernate.Version - HHH000412: Hibernate ORM core version 6.5.2.Final
2024-07-01 08:12:20.466 [main] INFO  o.h.c.i.RegionFactoryInitiator - HHH000026: Second-level cache disabled
2024-07-01 08:12:20.732 [main] INFO  o.s.o.j.p.SpringPersistenceUnitInfo - No LoadTimeWeaver setup: ignoring JPA class transformer
2024-07-01 08:12:21.122 [main] INFO  c.p.s.configurations.RedisConfig - redisHost = localhost, redisPort = 6379
2024-07-01 08:12:22.122 [main] INFO  o.h.e.t.j.p.i.JtaPlatformInitiator - HHH000489: No JTA platform available (set 'hibernate.transaction.jta.platform' to enable JTA platform integration)
2024-07-01 08:12:22.122 [main] INFO  o.s.o.j.LocalContainerEntityManagerFactoryBean - Initialized JPA EntityManagerFactory for persistence unit 'default'
2024-07-01 08:12:22.391 [main] INFO  o.s.d.j.r.query.QueryEnhancerFactory - Hibernate is in classpath; If applicable, HQL parser will be used.
2024-07-01 08:12:23.604 [main] INFO  o.s.b.a.e.web.EndpointLinksResolver - Exposing 2 endpoints beneath base path '/api/v1/actuator'
2024-07-01 08:12:23.675 [main] WARN  o.s.b.a.o.j.JpaBaseConfiguration$JpaWebConfiguration - spring.jpa.open-in-view is enabled by default. Therefore, database queries may be performed during view rendering. Explicitly configure spring.jpa.open-in-view to disable this warning
2024-07-01 08:12:24.226 [main] INFO  o.s.s.c.a.a.c.InitializeAuthenticationProviderBeanManagerConfigurer$InitializeAuthenticationProviderManagerConfigurer - Global AuthenticationManager configured with AuthenticationProvider bean with name authenticationProvider
2024-07-01 08:12:24.226 [main] WARN  o.s.s.c.a.a.c.InitializeUserDetailsBeanManagerConfigurer$InitializeUserDetailsManagerConfigurer - Global AuthenticationManager configured with an AuthenticationProvider bean. UserDetailsService beans will not be used for username/password login. Consider removing the AuthenticationProvider bean. Alternatively, consider using the UserDetailsService in a manually instantiated DaoAuthenticationProvider.
2024-07-01 08:12:24.623 [main] INFO  o.s.s.web.DefaultSecurityFilterChain - Will secure Or [Mvc [pattern='EndpointRequestMatcher includes=[*], excludes=[], includeLinks=true']] with [org.springframework.security.web.session.DisableEncodeUrlFilter@5e3cc41e, org.springframework.security.web.context.request.async.WebAsyncManagerIntegrationFilter@9dc20e0, org.springframework.security.web.context.SecurityContextHolderFilter@3375c9fb, org.springframework.security.web.header.HeaderWriterFilter@5ba1192c, org.springframework.web.filter.CorsFilter@f8b81a1, org.springframework.security.web.authentication.logout.LogoutFilter@3f51ee4f, org.springframework.security.oauth2.client.web.OAuth2AuthorizationRequestRedirectFilter@504bfa9a, org.springframework.security.oauth2.client.web.OAuth2LoginAuthenticationFilter@2c1aa907, com.project.shopapp.filters.JwtTokenFilter@671bda0b, org.springframework.security.oauth2.server.resource.web.authentication.BearerTokenAuthenticationFilter@7d6ac487, org.springframework.security.web.savedrequest.RequestCacheAwareFilter@791a2fb8, org.springframework.security.web.servletapi.SecurityContextHolderAwareRequestFilter@466802f9, org.springframework.security.web.authentication.AnonymousAuthenticationFilter@57885885, org.springframework.security.web.session.SessionManagementFilter@77c8c772, org.springframework.security.web.access.ExceptionTranslationFilter@1ae12304, org.springframework.security.web.access.intercept.AuthorizationFilter@12c75ba8]
2024-07-01 08:12:24.638 [main] WARN  o.s.s.c.a.web.builders.WebSecurity - 

********************************************************************
**********        Security debugging is enabled.       *************
**********    This may include sensitive information.  *************
**********      Do not use in a production system!     *************
********************************************************************


2024-07-01 08:12:25.722 [main] INFO  o.a.k.c.admin.AdminClientConfig - AdminClientConfig values: 
	auto.include.jmx.reporter = true
	bootstrap.controllers = []
	bootstrap.servers = [localhost:9092]
	client.dns.lookup = use_all_dns_ips
	client.id = 
	connections.max.idle.ms = 300000
	default.api.timeout.ms = 60000
	enable.metrics.push = true
	metadata.max.age.ms = 300000
	metric.reporters = []
	metrics.num.samples = 2
	metrics.recording.level = INFO
	metrics.sample.window.ms = 30000
	receive.buffer.bytes = 65536
	reconnect.backoff.max.ms = 1000
	reconnect.backoff.ms = 50
	request.timeout.ms = 30000
	retries = 2147483647
	retry.backoff.max.ms = 1000
	retry.backoff.ms = 100
	sasl.client.callback.handler.class = null
	sasl.jaas.config = null
	sasl.kerberos.kinit.cmd = /usr/bin/kinit
	sasl.kerberos.min.time.before.relogin = 60000
	sasl.kerberos.service.name = null
	sasl.kerberos.ticket.renew.jitter = 0.05
	sasl.kerberos.ticket.renew.window.factor = 0.8
	sasl.login.callback.handler.class = null
	sasl.login.class = null
	sasl.login.connect.timeout.ms = null
	sasl.login.read.timeout.ms = null
	sasl.login.refresh.buffer.seconds = 300
	sasl.login.refresh.min.period.seconds = 60
	sasl.login.refresh.window.factor = 0.8
	sasl.login.refresh.window.jitter = 0.05
	sasl.login.retry.backoff.max.ms = 10000
	sasl.login.retry.backoff.ms = 100
	sasl.mechanism = GSSAPI
	sasl.oauthbearer.clock.skew.seconds = 30
	sasl.oauthbearer.expected.audience = null
	sasl.oauthbearer.expected.issuer = null
	sasl.oauthbearer.jwks.endpoint.refresh.ms = 3600000
	sasl.oauthbearer.jwks.endpoint.retry.backoff.max.ms = 10000
	sasl.oauthbearer.jwks.endpoint.retry.backoff.ms = 100
	sasl.oauthbearer.jwks.endpoint.url = null
	sasl.oauthbearer.scope.claim.name = scope
	sasl.oauthbearer.sub.claim.name = sub
	sasl.oauthbearer.token.endpoint.url = null
	security.protocol = PLAINTEXT
	security.providers = null
	send.buffer.bytes = 131072
	socket.connection.setup.timeout.max.ms = 30000
	socket.connection.setup.timeout.ms = 10000
	ssl.cipher.suites = null
	ssl.enabled.protocols = [TLSv1.2, TLSv1.3]
	ssl.endpoint.identification.algorithm = https
	ssl.engine.factory.class = null
	ssl.key.password = null
	ssl.keymanager.algorithm = SunX509
	ssl.keystore.certificate.chain = null
	ssl.keystore.key = null
	ssl.keystore.location = null
	ssl.keystore.password = null
	ssl.keystore.type = JKS
	ssl.protocol = TLSv1.3
	ssl.provider = null
	ssl.secure.random.implementation = null
	ssl.trustmanager.algorithm = PKIX
	ssl.truststore.certificates = null
	ssl.truststore.location = null
	ssl.truststore.password = null
	ssl.truststore.type = JKS

2024-07-01 08:12:25.863 [main] INFO  o.a.kafka.common.utils.AppInfoParser - Kafka version: 3.7.0
2024-07-01 08:12:25.863 [main] INFO  o.a.kafka.common.utils.AppInfoParser - Kafka commitId: 2ae524ed625438c5
2024-07-01 08:12:25.863 [main] INFO  o.a.kafka.common.utils.AppInfoParser - Kafka startTimeMs: 1719796345863
2024-07-01 08:12:26.340 [kafka-admin-client-thread | adminclient-1] INFO  o.a.kafka.common.utils.AppInfoParser - App info kafka.admin.client for adminclient-1 unregistered
2024-07-01 08:12:26.345 [kafka-admin-client-thread | adminclient-1] INFO  o.a.kafka.common.metrics.Metrics - Metrics scheduler closed
2024-07-01 08:12:26.345 [kafka-admin-client-thread | adminclient-1] INFO  o.a.kafka.common.metrics.Metrics - Closing reporter org.apache.kafka.common.metrics.JmxReporter
2024-07-01 08:12:26.345 [kafka-admin-client-thread | adminclient-1] INFO  o.a.kafka.common.metrics.Metrics - Metrics reporters closed
2024-07-01 08:12:26.350 [main] INFO  o.a.coyote.http11.Http11NioProtocol - Starting ProtocolHandler ["http-nio-8088"]
2024-07-01 08:12:26.356 [main] INFO  o.s.b.w.e.tomcat.TomcatWebServer - Tomcat started on port 8088 (http) with context path '/'
2024-07-01 08:12:26.377 [main] INFO  o.a.k.c.consumer.ConsumerConfig - ConsumerConfig values: 
	allow.auto.create.topics = true
	auto.commit.interval.ms = 5000
	auto.include.jmx.reporter = true
	auto.offset.reset = latest
	bootstrap.servers = [localhost:9092]
	check.crcs = true
	client.dns.lookup = use_all_dns_ips
	client.id = consumer-groupA-1
	client.rack = 
	connections.max.idle.ms = 540000
	default.api.timeout.ms = 60000
	enable.auto.commit = false
	enable.metrics.push = true
	exclude.internal.topics = true
	fetch.max.bytes = 52428800
	fetch.max.wait.ms = 500
	fetch.min.bytes = 1
	group.id = groupA
	group.instance.id = null
	group.protocol = classic
	group.remote.assignor = null
	heartbeat.interval.ms = 3000
	interceptor.classes = []
	internal.leave.group.on.close = true
	internal.throw.on.fetch.stable.offset.unsupported = false
	isolation.level = read_uncommitted
	key.deserializer = class org.apache.kafka.common.serialization.StringDeserializer
	max.partition.fetch.bytes = 1048576
	max.poll.interval.ms = 300000
	max.poll.records = 500
	metadata.max.age.ms = 300000
	metric.reporters = []
	metrics.num.samples = 2
	metrics.recording.level = INFO
	metrics.sample.window.ms = 30000
	partition.assignment.strategy = [class org.apache.kafka.clients.consumer.RangeAssignor, class org.apache.kafka.clients.consumer.CooperativeStickyAssignor]
	receive.buffer.bytes = 65536
	reconnect.backoff.max.ms = 1000
	reconnect.backoff.ms = 50
	request.timeout.ms = 30000
	retry.backoff.max.ms = 1000
	retry.backoff.ms = 100
	sasl.client.callback.handler.class = null
	sasl.jaas.config = null
	sasl.kerberos.kinit.cmd = /usr/bin/kinit
	sasl.kerberos.min.time.before.relogin = 60000
	sasl.kerberos.service.name = null
	sasl.kerberos.ticket.renew.jitter = 0.05
	sasl.kerberos.ticket.renew.window.factor = 0.8
	sasl.login.callback.handler.class = null
	sasl.login.class = null
	sasl.login.connect.timeout.ms = null
	sasl.login.read.timeout.ms = null
	sasl.login.refresh.buffer.seconds = 300
	sasl.login.refresh.min.period.seconds = 60
	sasl.login.refresh.window.factor = 0.8
	sasl.login.refresh.window.jitter = 0.05
	sasl.login.retry.backoff.max.ms = 10000
	sasl.login.retry.backoff.ms = 100
	sasl.mechanism = GSSAPI
	sasl.oauthbearer.clock.skew.seconds = 30
	sasl.oauthbearer.expected.audience = null
	sasl.oauthbearer.expected.issuer = null
	sasl.oauthbearer.jwks.endpoint.refresh.ms = 3600000
	sasl.oauthbearer.jwks.endpoint.retry.backoff.max.ms = 10000
	sasl.oauthbearer.jwks.endpoint.retry.backoff.ms = 100
	sasl.oauthbearer.jwks.endpoint.url = null
	sasl.oauthbearer.scope.claim.name = scope
	sasl.oauthbearer.sub.claim.name = sub
	sasl.oauthbearer.token.endpoint.url = null
	security.protocol = PLAINTEXT
	security.providers = null
	send.buffer.bytes = 131072
	session.timeout.ms = 45000
	socket.connection.setup.timeout.max.ms = 30000
	socket.connection.setup.timeout.ms = 10000
	ssl.cipher.suites = null
	ssl.enabled.protocols = [TLSv1.2, TLSv1.3]
	ssl.endpoint.identification.algorithm = https
	ssl.engine.factory.class = null
	ssl.key.password = null
	ssl.keymanager.algorithm = SunX509
	ssl.keystore.certificate.chain = null
	ssl.keystore.key = null
	ssl.keystore.location = null
	ssl.keystore.password = null
	ssl.keystore.type = JKS
	ssl.protocol = TLSv1.3
	ssl.provider = null
	ssl.secure.random.implementation = null
	ssl.trustmanager.algorithm = PKIX
	ssl.truststore.certificates = null
	ssl.truststore.location = null
	ssl.truststore.password = null
	ssl.truststore.type = JKS
	value.deserializer = class org.apache.kafka.common.serialization.ByteArrayDeserializer

2024-07-01 08:12:26.408 [main] INFO  o.a.k.c.t.i.KafkaMetricsCollector - initializing Kafka metrics collector
2024-07-01 08:12:26.440 [main] INFO  o.a.kafka.common.utils.AppInfoParser - Kafka version: 3.7.0
2024-07-01 08:12:26.440 [main] INFO  o.a.kafka.common.utils.AppInfoParser - Kafka commitId: 2ae524ed625438c5
2024-07-01 08:12:26.440 [main] INFO  o.a.kafka.common.utils.AppInfoParser - Kafka startTimeMs: 1719796346440
2024-07-01 08:12:26.459 [main] INFO  o.a.k.c.c.i.LegacyKafkaConsumer - [Consumer clientId=consumer-groupA-1, groupId=groupA] Subscribed to topic(s): get-all-categories, insert-a-category
2024-07-01 08:12:26.482 [main] INFO  c.project.shopapp.ShopappApplication - Started ShopappApplication in 10.644 seconds (process running for 15.333)
2024-07-01 08:12:26.489 [groupA-0-C-1] INFO  org.apache.kafka.clients.Metadata - [Consumer clientId=consumer-groupA-1, groupId=groupA] Cluster ID: VzCIBTlDQOqaLrKyzionWA
2024-07-01 08:12:28.185 [groupA-0-C-1] INFO  o.a.k.c.c.i.ConsumerCoordinator - [Consumer clientId=consumer-groupA-1, groupId=groupA] Discovered group coordinator 127.0.0.1:9092 (id: 2147483646 rack: null)
2024-07-01 08:12:28.191 [groupA-0-C-1] INFO  o.a.k.c.c.i.ConsumerCoordinator - [Consumer clientId=consumer-groupA-1, groupId=groupA] (Re-)joining group
2024-07-01 08:12:28.237 [groupA-0-C-1] INFO  o.a.k.c.c.i.ConsumerCoordinator - [Consumer clientId=consumer-groupA-1, groupId=groupA] Request joining group due to: need to re-join with the given member-id: consumer-groupA-1-a9373087-ece5-4f91-b937-9d9f32d65dd1
2024-07-01 08:12:28.237 [groupA-0-C-1] INFO  o.a.k.c.c.i.ConsumerCoordinator - [Consumer clientId=consumer-groupA-1, groupId=groupA] (Re-)joining group
2024-07-01 08:12:31.252 [groupA-0-C-1] INFO  o.a.k.c.c.i.ConsumerCoordinator - [Consumer clientId=consumer-groupA-1, groupId=groupA] Successfully joined group with generation Generation{generationId=1, memberId='consumer-groupA-1-a9373087-ece5-4f91-b937-9d9f32d65dd1', protocol='range'}
2024-07-01 08:12:31.257 [groupA-0-C-1] INFO  o.a.k.c.c.i.ConsumerCoordinator - [Consumer clientId=consumer-groupA-1, groupId=groupA] Finished assignment for group at generation 1: {consumer-groupA-1-a9373087-ece5-4f91-b937-9d9f32d65dd1=Assignment(partitions=[get-all-categories-0, insert-a-category-0])}
2024-07-01 08:12:31.310 [groupA-0-C-1] INFO  o.a.k.c.c.i.ConsumerCoordinator - [Consumer clientId=consumer-groupA-1, groupId=groupA] Successfully synced group in generation Generation{generationId=1, memberId='consumer-groupA-1-a9373087-ece5-4f91-b937-9d9f32d65dd1', protocol='range'}
2024-07-01 08:12:31.311 [groupA-0-C-1] INFO  o.a.k.c.c.i.ConsumerCoordinator - [Consumer clientId=consumer-groupA-1, groupId=groupA] Notifying assignor about the new Assignment(partitions=[get-all-categories-0, insert-a-category-0])
2024-07-01 08:12:31.313 [groupA-0-C-1] INFO  o.a.k.c.c.i.ConsumerRebalanceListenerInvoker - [Consumer clientId=consumer-groupA-1, groupId=groupA] Adding newly assigned partitions: get-all-categories-0, insert-a-category-0
2024-07-01 08:12:31.325 [groupA-0-C-1] INFO  o.a.k.c.c.i.ConsumerCoordinator - [Consumer clientId=consumer-groupA-1, groupId=groupA] Found no committed offset for partition insert-a-category-0
2024-07-01 08:12:31.325 [groupA-0-C-1] INFO  o.a.k.c.c.i.ConsumerCoordinator - [Consumer clientId=consumer-groupA-1, groupId=groupA] Found no committed offset for partition get-all-categories-0
2024-07-01 08:12:31.330 [groupA-0-C-1] INFO  o.a.k.c.c.i.ConsumerCoordinator - [Consumer clientId=consumer-groupA-1, groupId=groupA] Found no committed offset for partition insert-a-category-0
2024-07-01 08:12:31.330 [groupA-0-C-1] INFO  o.a.k.c.c.i.ConsumerCoordinator - [Consumer clientId=consumer-groupA-1, groupId=groupA] Found no committed offset for partition get-all-categories-0
2024-07-01 08:12:31.342 [groupA-0-C-1] INFO  o.a.k.c.c.i.SubscriptionState - [Consumer clientId=consumer-groupA-1, groupId=groupA] Resetting offset for partition insert-a-category-0 to position FetchPosition{offset=0, offsetEpoch=Optional.empty, currentLeader=LeaderAndEpoch{leader=Optional[127.0.0.1:9092 (id: 1 rack: null)], epoch=0}}.
2024-07-01 08:12:31.342 [groupA-0-C-1] INFO  o.a.k.c.c.i.SubscriptionState - [Consumer clientId=consumer-groupA-1, groupId=groupA] Resetting offset for partition get-all-categories-0 to position FetchPosition{offset=0, offsetEpoch=Optional.empty, currentLeader=LeaderAndEpoch{leader=Optional[127.0.0.1:9092 (id: 1 rack: null)], epoch=0}}.
2024-07-01 08:12:31.361 [groupA-0-C-1] INFO  o.s.k.l.KafkaMessageListenerContainer - groupA: partitions assigned: [get-all-categories-0, insert-a-category-0]
2024-07-01 08:12:43.832 [groupA-0-C-1] INFO  o.a.k.c.c.i.ConsumerRebalanceListenerInvoker - [Consumer clientId=consumer-groupA-1, groupId=groupA] Revoke previously assigned partitions get-all-categories-0, insert-a-category-0
2024-07-01 08:12:43.832 [groupA-0-C-1] INFO  o.s.k.l.KafkaMessageListenerContainer - groupA: partitions revoked: [get-all-categories-0, insert-a-category-0]
2024-07-01 08:12:43.832 [groupA-0-C-1] INFO  o.a.k.c.c.i.ConsumerCoordinator - [Consumer clientId=consumer-groupA-1, groupId=groupA] Member consumer-groupA-1-a9373087-ece5-4f91-b937-9d9f32d65dd1 sending LeaveGroup request to coordinator 127.0.0.1:9092 (id: 2147483646 rack: null) due to the consumer unsubscribed from all topics
2024-07-01 08:12:43.832 [groupA-0-C-1] INFO  o.a.k.c.c.i.ConsumerCoordinator - [Consumer clientId=consumer-groupA-1, groupId=groupA] Resetting generation and member id due to: consumer pro-actively leaving the group
2024-07-01 08:12:43.832 [groupA-0-C-1] INFO  o.a.k.c.c.i.ConsumerCoordinator - [Consumer clientId=consumer-groupA-1, groupId=groupA] Request joining group due to: consumer pro-actively leaving the group
2024-07-01 08:12:43.832 [groupA-0-C-1] INFO  o.a.k.c.c.i.LegacyKafkaConsumer - [Consumer clientId=consumer-groupA-1, groupId=groupA] Unsubscribed all topics or patterns and assigned partitions
2024-07-01 08:12:43.832 [groupA-0-C-1] INFO  o.a.k.c.c.i.ConsumerCoordinator - [Consumer clientId=consumer-groupA-1, groupId=groupA] Resetting generation and member id due to: consumer pro-actively leaving the group
2024-07-01 08:12:43.832 [groupA-0-C-1] INFO  o.a.k.c.c.i.ConsumerCoordinator - [Consumer clientId=consumer-groupA-1, groupId=groupA] Request joining group due to: consumer pro-actively leaving the group
2024-07-01 08:12:44.170 [groupA-0-C-1] INFO  o.a.kafka.common.metrics.Metrics - Metrics scheduler closed
2024-07-01 08:12:44.170 [groupA-0-C-1] INFO  o.a.kafka.common.metrics.Metrics - Closing reporter org.apache.kafka.common.metrics.JmxReporter
2024-07-01 08:12:44.170 [groupA-0-C-1] INFO  o.a.kafka.common.metrics.Metrics - Closing reporter org.apache.kafka.common.telemetry.internals.ClientTelemetryReporter
2024-07-01 08:12:44.170 [groupA-0-C-1] INFO  o.a.kafka.common.metrics.Metrics - Metrics reporters closed
2024-07-01 08:12:44.176 [groupA-0-C-1] INFO  o.a.kafka.common.utils.AppInfoParser - App info kafka.consumer for consumer-groupA-1 unregistered
2024-07-01 08:12:44.177 [groupA-0-C-1] INFO  o.s.k.l.KafkaMessageListenerContainer - groupA: Consumer stopped
2024-07-01 08:12:44.296 [SpringApplicationShutdownHook] INFO  o.s.o.j.LocalContainerEntityManagerFactoryBean - Closing JPA EntityManagerFactory for persistence unit 'default'
2024-07-01 20:52:39.304 [background-preinit] INFO  o.h.validator.internal.util.Version - HV000001: Hibernate Validator 8.0.1.Final
2024-07-01 20:52:39.371 [main] INFO  c.project.shopapp.ShopappApplication - Starting ShopappApplication using Java 21.0.3 with PID 5372 (C:\code\udemy\ShopApp\shopapp-backend\target\classes started by nguye in C:\code\udemy\ShopApp\shopapp-backend)
2024-07-01 20:52:39.373 [main] INFO  c.project.shopapp.ShopappApplication - No active profile set, falling back to 1 default profile: "default"
2024-07-01 20:52:41.852 [main] INFO  o.s.d.r.c.RepositoryConfigurationDelegate - Multiple Spring Data modules found, entering strict repository configuration mode
2024-07-01 20:52:41.852 [main] INFO  o.s.d.r.c.RepositoryConfigurationDelegate - Bootstrapping Spring Data JPA repositories in DEFAULT mode.
2024-07-01 20:52:42.032 [main] INFO  o.s.d.r.c.RepositoryConfigurationDelegate - Finished Spring Data repository scanning in 170 ms. Found 12 JPA repository interfaces.
2024-07-01 20:52:42.657 [main] INFO  o.s.d.r.c.RepositoryConfigurationDelegate - Multiple Spring Data modules found, entering strict repository configuration mode
2024-07-01 20:52:42.662 [main] INFO  o.s.d.r.c.RepositoryConfigurationDelegate - Bootstrapping Spring Data Redis repositories in DEFAULT mode.
2024-07-01 20:52:42.722 [main] INFO  o.s.d.r.c.RepositoryConfigurationExtensionSupport - Spring Data Redis - Could not safely identify store assignment for repository candidate interface com.project.shopapp.repositories.CategoryRepository; If you want this repository to be a Redis repository, consider annotating your entities with one of these annotations: org.springframework.data.redis.core.RedisHash (preferred), or consider extending one of the following types with your repository: org.springframework.data.keyvalue.repository.KeyValueRepository
2024-07-01 20:52:42.722 [main] INFO  o.s.d.r.c.RepositoryConfigurationExtensionSupport - Spring Data Redis - Could not safely identify store assignment for repository candidate interface com.project.shopapp.repositories.CommentRepository; If you want this repository to be a Redis repository, consider annotating your entities with one of these annotations: org.springframework.data.redis.core.RedisHash (preferred), or consider extending one of the following types with your repository: org.springframework.data.keyvalue.repository.KeyValueRepository
2024-07-01 20:52:42.722 [main] INFO  o.s.d.r.c.RepositoryConfigurationExtensionSupport - Spring Data Redis - Could not safely identify store assignment for repository candidate interface com.project.shopapp.repositories.CouponConditionRepository; If you want this repository to be a Redis repository, consider annotating your entities with one of these annotations: org.springframework.data.redis.core.RedisHash (preferred), or consider extending one of the following types with your repository: org.springframework.data.keyvalue.repository.KeyValueRepository
2024-07-01 20:52:42.722 [main] INFO  o.s.d.r.c.RepositoryConfigurationExtensionSupport - Spring Data Redis - Could not safely identify store assignment for repository candidate interface com.project.shopapp.repositories.CouponRepository; If you want this repository to be a Redis repository, consider annotating your entities with one of these annotations: org.springframework.data.redis.core.RedisHash (preferred), or consider extending one of the following types with your repository: org.springframework.data.keyvalue.repository.KeyValueRepository
2024-07-01 20:52:42.725 [main] INFO  o.s.d.r.c.RepositoryConfigurationExtensionSupport - Spring Data Redis - Could not safely identify store assignment for repository candidate interface com.project.shopapp.repositories.FavoriteRepository; If you want this repository to be a Redis repository, consider annotating your entities with one of these annotations: org.springframework.data.redis.core.RedisHash (preferred), or consider extending one of the following types with your repository: org.springframework.data.keyvalue.repository.KeyValueRepository
2024-07-01 20:52:42.725 [main] INFO  o.s.d.r.c.RepositoryConfigurationExtensionSupport - Spring Data Redis - Could not safely identify store assignment for repository candidate interface com.project.shopapp.repositories.OrderDetailRepository; If you want this repository to be a Redis repository, consider annotating your entities with one of these annotations: org.springframework.data.redis.core.RedisHash (preferred), or consider extending one of the following types with your repository: org.springframework.data.keyvalue.repository.KeyValueRepository
2024-07-01 20:52:42.725 [main] INFO  o.s.d.r.c.RepositoryConfigurationExtensionSupport - Spring Data Redis - Could not safely identify store assignment for repository candidate interface com.project.shopapp.repositories.OrderRepository; If you want this repository to be a Redis repository, consider annotating your entities with one of these annotations: org.springframework.data.redis.core.RedisHash (preferred), or consider extending one of the following types with your repository: org.springframework.data.keyvalue.repository.KeyValueRepository
2024-07-01 20:52:42.725 [main] INFO  o.s.d.r.c.RepositoryConfigurationExtensionSupport - Spring Data Redis - Could not safely identify store assignment for repository candidate interface com.project.shopapp.repositories.ProductImageRepository; If you want this repository to be a Redis repository, consider annotating your entities with one of these annotations: org.springframework.data.redis.core.RedisHash (preferred), or consider extending one of the following types with your repository: org.springframework.data.keyvalue.repository.KeyValueRepository
2024-07-01 20:52:42.727 [main] INFO  o.s.d.r.c.RepositoryConfigurationExtensionSupport - Spring Data Redis - Could not safely identify store assignment for repository candidate interface com.project.shopapp.repositories.ProductRepository; If you want this repository to be a Redis repository, consider annotating your entities with one of these annotations: org.springframework.data.redis.core.RedisHash (preferred), or consider extending one of the following types with your repository: org.springframework.data.keyvalue.repository.KeyValueRepository
2024-07-01 20:52:42.727 [main] INFO  o.s.d.r.c.RepositoryConfigurationExtensionSupport - Spring Data Redis - Could not safely identify store assignment for repository candidate interface com.project.shopapp.repositories.RoleRepository; If you want this repository to be a Redis repository, consider annotating your entities with one of these annotations: org.springframework.data.redis.core.RedisHash (preferred), or consider extending one of the following types with your repository: org.springframework.data.keyvalue.repository.KeyValueRepository
2024-07-01 20:52:42.727 [main] INFO  o.s.d.r.c.RepositoryConfigurationExtensionSupport - Spring Data Redis - Could not safely identify store assignment for repository candidate interface com.project.shopapp.repositories.TokenRepository; If you want this repository to be a Redis repository, consider annotating your entities with one of these annotations: org.springframework.data.redis.core.RedisHash (preferred), or consider extending one of the following types with your repository: org.springframework.data.keyvalue.repository.KeyValueRepository
2024-07-01 20:52:42.727 [main] INFO  o.s.d.r.c.RepositoryConfigurationExtensionSupport - Spring Data Redis - Could not safely identify store assignment for repository candidate interface com.project.shopapp.repositories.UserRepository; If you want this repository to be a Redis repository, consider annotating your entities with one of these annotations: org.springframework.data.redis.core.RedisHash (preferred), or consider extending one of the following types with your repository: org.springframework.data.keyvalue.repository.KeyValueRepository
2024-07-01 20:52:42.727 [main] INFO  o.s.d.r.c.RepositoryConfigurationDelegate - Finished Spring Data repository scanning in 39 ms. Found 0 Redis repository interfaces.
2024-07-01 20:52:44.092 [main] INFO  o.s.b.w.e.tomcat.TomcatWebServer - Tomcat initialized with port 8088 (http)
2024-07-01 20:52:44.108 [main] INFO  o.a.coyote.http11.Http11NioProtocol - Initializing ProtocolHandler ["http-nio-8088"]
2024-07-01 20:52:44.108 [main] INFO  o.a.catalina.core.StandardService - Starting service [Tomcat]
2024-07-01 20:52:44.108 [main] INFO  o.a.catalina.core.StandardEngine - Starting Servlet engine: [Apache Tomcat/10.1.24]
2024-07-01 20:52:44.208 [main] INFO  o.a.c.c.C.[Tomcat].[localhost].[/] - Initializing Spring embedded WebApplicationContext
2024-07-01 20:52:44.212 [main] INFO  o.s.b.w.s.c.ServletWebServerApplicationContext - Root WebApplicationContext: initialization completed in 4766 ms
2024-07-01 20:52:45.140 [main] INFO  org.flywaydb.core.FlywayExecutor - Database: jdbc:mysql://localhost:3307/ShopApp (MySQL 8.2)
2024-07-01 20:52:45.164 [main] WARN  o.f.c.i.database.base.Database - Flyway upgrade recommended: MySQL 8.2 is newer than this version of Flyway and support has not been tested. The latest supported version of MySQL is 8.1.
2024-07-01 20:52:45.243 [main] INFO  o.f.core.internal.command.DbValidate - Successfully validated 5 migrations (execution time 00:00.066s)
2024-07-01 20:52:45.260 [main] INFO  o.f.core.internal.command.DbMigrate - Current version of schema `ShopApp`: 5
2024-07-01 20:52:45.265 [main] INFO  o.f.core.internal.command.DbMigrate - Schema `ShopApp` is up to date. No migration necessary.
2024-07-01 20:52:45.432 [main] INFO  o.h.jpa.internal.util.LogHelper - HHH000204: Processing PersistenceUnitInfo [name: default]
2024-07-01 20:52:45.532 [main] INFO  org.hibernate.Version - HHH000412: Hibernate ORM core version 6.5.2.Final
2024-07-01 20:52:45.573 [main] INFO  o.h.c.i.RegionFactoryInitiator - HHH000026: Second-level cache disabled
2024-07-01 20:52:45.952 [main] INFO  o.s.o.j.p.SpringPersistenceUnitInfo - No LoadTimeWeaver setup: ignoring JPA class transformer
2024-07-01 20:52:46.632 [main] INFO  c.p.s.configurations.RedisConfig - redisHost = localhost, redisPort = 6379
2024-07-01 20:52:48.104 [main] INFO  o.h.e.t.j.p.i.JtaPlatformInitiator - HHH000489: No JTA platform available (set 'hibernate.transaction.jta.platform' to enable JTA platform integration)
2024-07-01 20:52:48.104 [main] INFO  o.s.o.j.LocalContainerEntityManagerFactoryBean - Initialized JPA EntityManagerFactory for persistence unit 'default'
2024-07-01 20:52:48.497 [main] INFO  o.s.d.j.r.query.QueryEnhancerFactory - Hibernate is in classpath; If applicable, HQL parser will be used.
2024-07-01 20:52:50.037 [main] INFO  o.s.b.a.e.web.EndpointLinksResolver - Exposing 2 endpoints beneath base path '/api/v1/actuator'
2024-07-01 20:52:50.137 [main] WARN  o.s.b.a.o.j.JpaBaseConfiguration$JpaWebConfiguration - spring.jpa.open-in-view is enabled by default. Therefore, database queries may be performed during view rendering. Explicitly configure spring.jpa.open-in-view to disable this warning
2024-07-01 20:52:50.912 [main] INFO  o.s.s.c.a.a.c.InitializeAuthenticationProviderBeanManagerConfigurer$InitializeAuthenticationProviderManagerConfigurer - Global AuthenticationManager configured with AuthenticationProvider bean with name authenticationProvider
2024-07-01 20:52:50.922 [main] WARN  o.s.s.c.a.a.c.InitializeUserDetailsBeanManagerConfigurer$InitializeUserDetailsManagerConfigurer - Global AuthenticationManager configured with an AuthenticationProvider bean. UserDetailsService beans will not be used for username/password login. Consider removing the AuthenticationProvider bean. Alternatively, consider using the UserDetailsService in a manually instantiated DaoAuthenticationProvider.
2024-07-01 20:52:51.322 [main] INFO  o.s.s.web.DefaultSecurityFilterChain - Will secure Or [Mvc [pattern='EndpointRequestMatcher includes=[*], excludes=[], includeLinks=true']] with [org.springframework.security.web.session.DisableEncodeUrlFilter@fdc3482, org.springframework.security.web.context.request.async.WebAsyncManagerIntegrationFilter@1e709a4e, org.springframework.security.web.context.SecurityContextHolderFilter@143cb21, org.springframework.security.web.header.HeaderWriterFilter@2e044892, org.springframework.web.filter.CorsFilter@70cdf9a, org.springframework.security.web.authentication.logout.LogoutFilter@2a69158a, org.springframework.security.oauth2.client.web.OAuth2AuthorizationRequestRedirectFilter@d5fd167, org.springframework.security.oauth2.client.web.OAuth2LoginAuthenticationFilter@7adb3688, com.project.shopapp.filters.JwtTokenFilter@b8b6de6, org.springframework.security.oauth2.server.resource.web.authentication.BearerTokenAuthenticationFilter@7d5dfca7, org.springframework.security.web.savedrequest.RequestCacheAwareFilter@74aa2842, org.springframework.security.web.servletapi.SecurityContextHolderAwareRequestFilter@5b0fad3d, org.springframework.security.web.authentication.AnonymousAuthenticationFilter@4f86709d, org.springframework.security.web.session.SessionManagementFilter@3a2486d9, org.springframework.security.web.access.ExceptionTranslationFilter@623e8e88, org.springframework.security.web.access.intercept.AuthorizationFilter@608cff9e]
2024-07-01 20:52:51.342 [main] WARN  o.s.s.c.a.web.builders.WebSecurity - 

********************************************************************
**********        Security debugging is enabled.       *************
**********    This may include sensitive information.  *************
**********      Do not use in a production system!     *************
********************************************************************


2024-07-01 20:52:52.902 [main] INFO  o.a.k.c.admin.AdminClientConfig - AdminClientConfig values: 
	auto.include.jmx.reporter = true
	bootstrap.controllers = []
	bootstrap.servers = [localhost:9092]
	client.dns.lookup = use_all_dns_ips
	client.id = 
	connections.max.idle.ms = 300000
	default.api.timeout.ms = 60000
	enable.metrics.push = true
	metadata.max.age.ms = 300000
	metric.reporters = []
	metrics.num.samples = 2
	metrics.recording.level = INFO
	metrics.sample.window.ms = 30000
	receive.buffer.bytes = 65536
	reconnect.backoff.max.ms = 1000
	reconnect.backoff.ms = 50
	request.timeout.ms = 30000
	retries = 2147483647
	retry.backoff.max.ms = 1000
	retry.backoff.ms = 100
	sasl.client.callback.handler.class = null
	sasl.jaas.config = null
	sasl.kerberos.kinit.cmd = /usr/bin/kinit
	sasl.kerberos.min.time.before.relogin = 60000
	sasl.kerberos.service.name = null
	sasl.kerberos.ticket.renew.jitter = 0.05
	sasl.kerberos.ticket.renew.window.factor = 0.8
	sasl.login.callback.handler.class = null
	sasl.login.class = null
	sasl.login.connect.timeout.ms = null
	sasl.login.read.timeout.ms = null
	sasl.login.refresh.buffer.seconds = 300
	sasl.login.refresh.min.period.seconds = 60
	sasl.login.refresh.window.factor = 0.8
	sasl.login.refresh.window.jitter = 0.05
	sasl.login.retry.backoff.max.ms = 10000
	sasl.login.retry.backoff.ms = 100
	sasl.mechanism = GSSAPI
	sasl.oauthbearer.clock.skew.seconds = 30
	sasl.oauthbearer.expected.audience = null
	sasl.oauthbearer.expected.issuer = null
	sasl.oauthbearer.jwks.endpoint.refresh.ms = 3600000
	sasl.oauthbearer.jwks.endpoint.retry.backoff.max.ms = 10000
	sasl.oauthbearer.jwks.endpoint.retry.backoff.ms = 100
	sasl.oauthbearer.jwks.endpoint.url = null
	sasl.oauthbearer.scope.claim.name = scope
	sasl.oauthbearer.sub.claim.name = sub
	sasl.oauthbearer.token.endpoint.url = null
	security.protocol = PLAINTEXT
	security.providers = null
	send.buffer.bytes = 131072
	socket.connection.setup.timeout.max.ms = 30000
	socket.connection.setup.timeout.ms = 10000
	ssl.cipher.suites = null
	ssl.enabled.protocols = [TLSv1.2, TLSv1.3]
	ssl.endpoint.identification.algorithm = https
	ssl.engine.factory.class = null
	ssl.key.password = null
	ssl.keymanager.algorithm = SunX509
	ssl.keystore.certificate.chain = null
	ssl.keystore.key = null
	ssl.keystore.location = null
	ssl.keystore.password = null
	ssl.keystore.type = JKS
	ssl.protocol = TLSv1.3
	ssl.provider = null
	ssl.secure.random.implementation = null
	ssl.trustmanager.algorithm = PKIX
	ssl.truststore.certificates = null
	ssl.truststore.location = null
	ssl.truststore.password = null
	ssl.truststore.type = JKS

2024-07-01 20:52:53.157 [main] INFO  o.a.kafka.common.utils.AppInfoParser - Kafka version: 3.7.0
2024-07-01 20:52:53.157 [main] INFO  o.a.kafka.common.utils.AppInfoParser - Kafka commitId: 2ae524ed625438c5
2024-07-01 20:52:53.162 [main] INFO  o.a.kafka.common.utils.AppInfoParser - Kafka startTimeMs: 1719841973157
2024-07-01 20:52:54.036 [kafka-admin-client-thread | adminclient-1] INFO  o.a.kafka.common.utils.AppInfoParser - App info kafka.admin.client for adminclient-1 unregistered
2024-07-01 20:52:54.043 [kafka-admin-client-thread | adminclient-1] INFO  o.a.kafka.common.metrics.Metrics - Metrics scheduler closed
2024-07-01 20:52:54.043 [kafka-admin-client-thread | adminclient-1] INFO  o.a.kafka.common.metrics.Metrics - Closing reporter org.apache.kafka.common.metrics.JmxReporter
2024-07-01 20:52:54.044 [kafka-admin-client-thread | adminclient-1] INFO  o.a.kafka.common.metrics.Metrics - Metrics reporters closed
2024-07-01 20:52:54.051 [main] INFO  o.a.coyote.http11.Http11NioProtocol - Starting ProtocolHandler ["http-nio-8088"]
2024-07-01 20:52:54.062 [main] INFO  o.s.b.w.e.tomcat.TomcatWebServer - Tomcat started on port 8088 (http) with context path '/'
2024-07-01 20:52:54.108 [main] INFO  o.a.k.c.consumer.ConsumerConfig - ConsumerConfig values: 
	allow.auto.create.topics = true
	auto.commit.interval.ms = 5000
	auto.include.jmx.reporter = true
	auto.offset.reset = latest
	bootstrap.servers = [localhost:9092]
	check.crcs = true
	client.dns.lookup = use_all_dns_ips
	client.id = consumer-groupA-1
	client.rack = 
	connections.max.idle.ms = 540000
	default.api.timeout.ms = 60000
	enable.auto.commit = false
	enable.metrics.push = true
	exclude.internal.topics = true
	fetch.max.bytes = 52428800
	fetch.max.wait.ms = 500
	fetch.min.bytes = 1
	group.id = groupA
	group.instance.id = null
	group.protocol = classic
	group.remote.assignor = null
	heartbeat.interval.ms = 3000
	interceptor.classes = []
	internal.leave.group.on.close = true
	internal.throw.on.fetch.stable.offset.unsupported = false
	isolation.level = read_uncommitted
	key.deserializer = class org.apache.kafka.common.serialization.StringDeserializer
	max.partition.fetch.bytes = 1048576
	max.poll.interval.ms = 300000
	max.poll.records = 500
	metadata.max.age.ms = 300000
	metric.reporters = []
	metrics.num.samples = 2
	metrics.recording.level = INFO
	metrics.sample.window.ms = 30000
	partition.assignment.strategy = [class org.apache.kafka.clients.consumer.RangeAssignor, class org.apache.kafka.clients.consumer.CooperativeStickyAssignor]
	receive.buffer.bytes = 65536
	reconnect.backoff.max.ms = 1000
	reconnect.backoff.ms = 50
	request.timeout.ms = 30000
	retry.backoff.max.ms = 1000
	retry.backoff.ms = 100
	sasl.client.callback.handler.class = null
	sasl.jaas.config = null
	sasl.kerberos.kinit.cmd = /usr/bin/kinit
	sasl.kerberos.min.time.before.relogin = 60000
	sasl.kerberos.service.name = null
	sasl.kerberos.ticket.renew.jitter = 0.05
	sasl.kerberos.ticket.renew.window.factor = 0.8
	sasl.login.callback.handler.class = null
	sasl.login.class = null
	sasl.login.connect.timeout.ms = null
	sasl.login.read.timeout.ms = null
	sasl.login.refresh.buffer.seconds = 300
	sasl.login.refresh.min.period.seconds = 60
	sasl.login.refresh.window.factor = 0.8
	sasl.login.refresh.window.jitter = 0.05
	sasl.login.retry.backoff.max.ms = 10000
	sasl.login.retry.backoff.ms = 100
	sasl.mechanism = GSSAPI
	sasl.oauthbearer.clock.skew.seconds = 30
	sasl.oauthbearer.expected.audience = null
	sasl.oauthbearer.expected.issuer = null
	sasl.oauthbearer.jwks.endpoint.refresh.ms = 3600000
	sasl.oauthbearer.jwks.endpoint.retry.backoff.max.ms = 10000
	sasl.oauthbearer.jwks.endpoint.retry.backoff.ms = 100
	sasl.oauthbearer.jwks.endpoint.url = null
	sasl.oauthbearer.scope.claim.name = scope
	sasl.oauthbearer.sub.claim.name = sub
	sasl.oauthbearer.token.endpoint.url = null
	security.protocol = PLAINTEXT
	security.providers = null
	send.buffer.bytes = 131072
	session.timeout.ms = 45000
	socket.connection.setup.timeout.max.ms = 30000
	socket.connection.setup.timeout.ms = 10000
	ssl.cipher.suites = null
	ssl.enabled.protocols = [TLSv1.2, TLSv1.3]
	ssl.endpoint.identification.algorithm = https
	ssl.engine.factory.class = null
	ssl.key.password = null
	ssl.keymanager.algorithm = SunX509
	ssl.keystore.certificate.chain = null
	ssl.keystore.key = null
	ssl.keystore.location = null
	ssl.keystore.password = null
	ssl.keystore.type = JKS
	ssl.protocol = TLSv1.3
	ssl.provider = null
	ssl.secure.random.implementation = null
	ssl.trustmanager.algorithm = PKIX
	ssl.truststore.certificates = null
	ssl.truststore.location = null
	ssl.truststore.password = null
	ssl.truststore.type = JKS
	value.deserializer = class org.apache.kafka.common.serialization.ByteArrayDeserializer

2024-07-01 20:52:54.195 [main] INFO  o.a.k.c.t.i.KafkaMetricsCollector - initializing Kafka metrics collector
2024-07-01 20:52:54.312 [main] INFO  o.a.kafka.common.utils.AppInfoParser - Kafka version: 3.7.0
2024-07-01 20:52:54.312 [main] INFO  o.a.kafka.common.utils.AppInfoParser - Kafka commitId: 2ae524ed625438c5
2024-07-01 20:52:54.312 [main] INFO  o.a.kafka.common.utils.AppInfoParser - Kafka startTimeMs: 1719841974312
2024-07-01 20:52:54.337 [main] INFO  o.a.k.c.c.i.LegacyKafkaConsumer - [Consumer clientId=consumer-groupA-1, groupId=groupA] Subscribed to topic(s): get-all-categories, insert-a-category
2024-07-01 20:52:54.398 [main] INFO  c.project.shopapp.ShopappApplication - Started ShopappApplication in 15.612 seconds (process running for 18.16)
2024-07-01 20:52:54.432 [groupA-0-C-1] INFO  org.apache.kafka.clients.Metadata - [Consumer clientId=consumer-groupA-1, groupId=groupA] Cluster ID: Z_B2wa89TPqWucwDd3EZaw
2024-07-01 20:52:56.098 [groupA-0-C-1] INFO  o.a.k.c.c.i.ConsumerCoordinator - [Consumer clientId=consumer-groupA-1, groupId=groupA] Discovered group coordinator 127.0.0.1:9092 (id: 2147483646 rack: null)
2024-07-01 20:52:56.100 [groupA-0-C-1] INFO  o.a.k.c.c.i.ConsumerCoordinator - [Consumer clientId=consumer-groupA-1, groupId=groupA] (Re-)joining group
2024-07-01 20:52:56.126 [groupA-0-C-1] INFO  o.a.k.c.c.i.ConsumerCoordinator - [Consumer clientId=consumer-groupA-1, groupId=groupA] Request joining group due to: need to re-join with the given member-id: consumer-groupA-1-8b97f17d-7033-45c9-b7f2-a271a93d8825
2024-07-01 20:52:56.126 [groupA-0-C-1] INFO  o.a.k.c.c.i.ConsumerCoordinator - [Consumer clientId=consumer-groupA-1, groupId=groupA] (Re-)joining group
2024-07-01 20:52:59.147 [groupA-0-C-1] INFO  o.a.k.c.c.i.ConsumerCoordinator - [Consumer clientId=consumer-groupA-1, groupId=groupA] Successfully joined group with generation Generation{generationId=1, memberId='consumer-groupA-1-8b97f17d-7033-45c9-b7f2-a271a93d8825', protocol='range'}
2024-07-01 20:52:59.156 [groupA-0-C-1] INFO  o.a.k.c.c.i.ConsumerCoordinator - [Consumer clientId=consumer-groupA-1, groupId=groupA] Finished assignment for group at generation 1: {consumer-groupA-1-8b97f17d-7033-45c9-b7f2-a271a93d8825=Assignment(partitions=[get-all-categories-0, insert-a-category-0])}
2024-07-01 20:52:59.201 [groupA-0-C-1] INFO  o.a.k.c.c.i.ConsumerCoordinator - [Consumer clientId=consumer-groupA-1, groupId=groupA] Successfully synced group in generation Generation{generationId=1, memberId='consumer-groupA-1-8b97f17d-7033-45c9-b7f2-a271a93d8825', protocol='range'}
2024-07-01 20:52:59.201 [groupA-0-C-1] INFO  o.a.k.c.c.i.ConsumerCoordinator - [Consumer clientId=consumer-groupA-1, groupId=groupA] Notifying assignor about the new Assignment(partitions=[get-all-categories-0, insert-a-category-0])
2024-07-01 20:52:59.204 [groupA-0-C-1] INFO  o.a.k.c.c.i.ConsumerRebalanceListenerInvoker - [Consumer clientId=consumer-groupA-1, groupId=groupA] Adding newly assigned partitions: get-all-categories-0, insert-a-category-0
2024-07-01 20:52:59.218 [groupA-0-C-1] INFO  o.a.k.c.c.i.ConsumerCoordinator - [Consumer clientId=consumer-groupA-1, groupId=groupA] Found no committed offset for partition insert-a-category-0
2024-07-01 20:52:59.219 [groupA-0-C-1] INFO  o.a.k.c.c.i.ConsumerCoordinator - [Consumer clientId=consumer-groupA-1, groupId=groupA] Found no committed offset for partition get-all-categories-0
2024-07-01 20:52:59.226 [groupA-0-C-1] INFO  o.a.k.c.c.i.ConsumerCoordinator - [Consumer clientId=consumer-groupA-1, groupId=groupA] Found no committed offset for partition insert-a-category-0
2024-07-01 20:52:59.226 [groupA-0-C-1] INFO  o.a.k.c.c.i.ConsumerCoordinator - [Consumer clientId=consumer-groupA-1, groupId=groupA] Found no committed offset for partition get-all-categories-0
2024-07-01 20:52:59.241 [groupA-0-C-1] INFO  o.a.k.c.c.i.SubscriptionState - [Consumer clientId=consumer-groupA-1, groupId=groupA] Resetting offset for partition insert-a-category-0 to position FetchPosition{offset=0, offsetEpoch=Optional.empty, currentLeader=LeaderAndEpoch{leader=Optional[127.0.0.1:9092 (id: 1 rack: null)], epoch=0}}.
2024-07-01 20:52:59.242 [groupA-0-C-1] INFO  o.a.k.c.c.i.SubscriptionState - [Consumer clientId=consumer-groupA-1, groupId=groupA] Resetting offset for partition get-all-categories-0 to position FetchPosition{offset=0, offsetEpoch=Optional.empty, currentLeader=LeaderAndEpoch{leader=Optional[127.0.0.1:9092 (id: 1 rack: null)], epoch=0}}.
2024-07-01 20:52:59.263 [groupA-0-C-1] INFO  o.s.k.l.KafkaMessageListenerContainer - groupA: partitions assigned: [get-all-categories-0, insert-a-category-0]
2024-07-01 20:53:09.176 [http-nio-8088-exec-1] INFO  o.a.c.c.C.[Tomcat].[localhost].[/] - Initializing Spring DispatcherServlet 'dispatcherServlet'
2024-07-01 20:53:09.176 [http-nio-8088-exec-1] INFO  o.s.web.servlet.DispatcherServlet - Initializing Servlet 'dispatcherServlet'
2024-07-01 20:53:09.178 [http-nio-8088-exec-1] INFO  o.s.web.servlet.DispatcherServlet - Completed initialization in 2 ms
2024-07-01 20:53:09.201 [http-nio-8088-exec-1] INFO  Spring Security Debugger - 

************************************************************

Request received for GET '/api/v1/users/auth/social-login?login_type=google':

org.apache.catalina.connector.RequestFacade@512c5c3f

servletPath:/api/v1/users/auth/social-login
pathInfo:null
headers: 
user-agent: PostmanRuntime/7.39.0
accept: */*
postman-token: e7837a40-2ca4-483b-b33c-b9ca966ee580
host: localhost:8088
accept-encoding: gzip, deflate, br
connection: keep-alive


Security filter chain: no match


************************************************************


2024-07-01 20:53:13.243 [http-nio-8088-exec-1] WARN  o.s.web.servlet.PageNotFound - No mapping for GET /api/v1/users/auth/social-login
2024-07-01 21:01:52.217 [groupA-0-C-1] INFO  o.a.k.c.c.i.ConsumerRebalanceListenerInvoker - [Consumer clientId=consumer-groupA-1, groupId=groupA] Revoke previously assigned partitions get-all-categories-0, insert-a-category-0
2024-07-01 21:01:52.217 [groupA-0-C-1] INFO  o.s.k.l.KafkaMessageListenerContainer - groupA: partitions revoked: [get-all-categories-0, insert-a-category-0]
2024-07-01 21:01:52.217 [groupA-0-C-1] INFO  o.a.k.c.c.i.ConsumerCoordinator - [Consumer clientId=consumer-groupA-1, groupId=groupA] Member consumer-groupA-1-8b97f17d-7033-45c9-b7f2-a271a93d8825 sending LeaveGroup request to coordinator 127.0.0.1:9092 (id: 2147483646 rack: null) due to the consumer unsubscribed from all topics
2024-07-01 21:01:52.217 [groupA-0-C-1] INFO  o.a.k.c.c.i.ConsumerCoordinator - [Consumer clientId=consumer-groupA-1, groupId=groupA] Resetting generation and member id due to: consumer pro-actively leaving the group
2024-07-01 21:01:52.217 [groupA-0-C-1] INFO  o.a.k.c.c.i.ConsumerCoordinator - [Consumer clientId=consumer-groupA-1, groupId=groupA] Request joining group due to: consumer pro-actively leaving the group
2024-07-01 21:01:52.217 [groupA-0-C-1] INFO  o.a.k.c.c.i.LegacyKafkaConsumer - [Consumer clientId=consumer-groupA-1, groupId=groupA] Unsubscribed all topics or patterns and assigned partitions
2024-07-01 21:01:52.217 [groupA-0-C-1] INFO  o.a.k.c.c.i.ConsumerCoordinator - [Consumer clientId=consumer-groupA-1, groupId=groupA] Resetting generation and member id due to: consumer pro-actively leaving the group
2024-07-01 21:01:52.217 [groupA-0-C-1] INFO  o.a.k.c.c.i.ConsumerCoordinator - [Consumer clientId=consumer-groupA-1, groupId=groupA] Request joining group due to: consumer pro-actively leaving the group
2024-07-01 21:01:59.563 [background-preinit] INFO  o.h.validator.internal.util.Version - HV000001: Hibernate Validator 8.0.1.Final
2024-07-01 21:01:59.613 [main] INFO  c.project.shopapp.ShopappApplication - Starting ShopappApplication using Java 21.0.3 with PID 20160 (C:\code\udemy\ShopApp\shopapp-backend\target\classes started by nguye in C:\code\udemy\ShopApp\shopapp-backend)
2024-07-01 21:01:59.614 [main] INFO  c.project.shopapp.ShopappApplication - No active profile set, falling back to 1 default profile: "default"
2024-07-01 21:02:00.863 [main] INFO  o.s.d.r.c.RepositoryConfigurationDelegate - Multiple Spring Data modules found, entering strict repository configuration mode
2024-07-01 21:02:00.863 [main] INFO  o.s.d.r.c.RepositoryConfigurationDelegate - Bootstrapping Spring Data JPA repositories in DEFAULT mode.
2024-07-01 21:02:01.020 [main] INFO  o.s.d.r.c.RepositoryConfigurationDelegate - Finished Spring Data repository scanning in 151 ms. Found 12 JPA repository interfaces.
2024-07-01 21:02:01.640 [main] INFO  o.s.d.r.c.RepositoryConfigurationDelegate - Multiple Spring Data modules found, entering strict repository configuration mode
2024-07-01 21:02:01.640 [main] INFO  o.s.d.r.c.RepositoryConfigurationDelegate - Bootstrapping Spring Data Redis repositories in DEFAULT mode.
2024-07-01 21:02:01.695 [main] INFO  o.s.d.r.c.RepositoryConfigurationExtensionSupport - Spring Data Redis - Could not safely identify store assignment for repository candidate interface com.project.shopapp.repositories.CategoryRepository; If you want this repository to be a Redis repository, consider annotating your entities with one of these annotations: org.springframework.data.redis.core.RedisHash (preferred), or consider extending one of the following types with your repository: org.springframework.data.keyvalue.repository.KeyValueRepository
2024-07-01 21:02:01.697 [main] INFO  o.s.d.r.c.RepositoryConfigurationExtensionSupport - Spring Data Redis - Could not safely identify store assignment for repository candidate interface com.project.shopapp.repositories.CommentRepository; If you want this repository to be a Redis repository, consider annotating your entities with one of these annotations: org.springframework.data.redis.core.RedisHash (preferred), or consider extending one of the following types with your repository: org.springframework.data.keyvalue.repository.KeyValueRepository
2024-07-01 21:02:01.697 [main] INFO  o.s.d.r.c.RepositoryConfigurationExtensionSupport - Spring Data Redis - Could not safely identify store assignment for repository candidate interface com.project.shopapp.repositories.CouponConditionRepository; If you want this repository to be a Redis repository, consider annotating your entities with one of these annotations: org.springframework.data.redis.core.RedisHash (preferred), or consider extending one of the following types with your repository: org.springframework.data.keyvalue.repository.KeyValueRepository
2024-07-01 21:02:01.747 [main] INFO  o.s.d.r.c.RepositoryConfigurationExtensionSupport - Spring Data Redis - Could not safely identify store assignment for repository candidate interface com.project.shopapp.repositories.CouponRepository; If you want this repository to be a Redis repository, consider annotating your entities with one of these annotations: org.springframework.data.redis.core.RedisHash (preferred), or consider extending one of the following types with your repository: org.springframework.data.keyvalue.repository.KeyValueRepository
2024-07-01 21:02:01.747 [main] INFO  o.s.d.r.c.RepositoryConfigurationExtensionSupport - Spring Data Redis - Could not safely identify store assignment for repository candidate interface com.project.shopapp.repositories.FavoriteRepository; If you want this repository to be a Redis repository, consider annotating your entities with one of these annotations: org.springframework.data.redis.core.RedisHash (preferred), or consider extending one of the following types with your repository: org.springframework.data.keyvalue.repository.KeyValueRepository
2024-07-01 21:02:01.747 [main] INFO  o.s.d.r.c.RepositoryConfigurationExtensionSupport - Spring Data Redis - Could not safely identify store assignment for repository candidate interface com.project.shopapp.repositories.OrderDetailRepository; If you want this repository to be a Redis repository, consider annotating your entities with one of these annotations: org.springframework.data.redis.core.RedisHash (preferred), or consider extending one of the following types with your repository: org.springframework.data.keyvalue.repository.KeyValueRepository
2024-07-01 21:02:01.747 [main] INFO  o.s.d.r.c.RepositoryConfigurationExtensionSupport - Spring Data Redis - Could not safely identify store assignment for repository candidate interface com.project.shopapp.repositories.OrderRepository; If you want this repository to be a Redis repository, consider annotating your entities with one of these annotations: org.springframework.data.redis.core.RedisHash (preferred), or consider extending one of the following types with your repository: org.springframework.data.keyvalue.repository.KeyValueRepository
2024-07-01 21:02:01.747 [main] INFO  o.s.d.r.c.RepositoryConfigurationExtensionSupport - Spring Data Redis - Could not safely identify store assignment for repository candidate interface com.project.shopapp.repositories.ProductImageRepository; If you want this repository to be a Redis repository, consider annotating your entities with one of these annotations: org.springframework.data.redis.core.RedisHash (preferred), or consider extending one of the following types with your repository: org.springframework.data.keyvalue.repository.KeyValueRepository
2024-07-01 21:02:01.752 [main] INFO  o.s.d.r.c.RepositoryConfigurationExtensionSupport - Spring Data Redis - Could not safely identify store assignment for repository candidate interface com.project.shopapp.repositories.ProductRepository; If you want this repository to be a Redis repository, consider annotating your entities with one of these annotations: org.springframework.data.redis.core.RedisHash (preferred), or consider extending one of the following types with your repository: org.springframework.data.keyvalue.repository.KeyValueRepository
2024-07-01 21:02:01.753 [main] INFO  o.s.d.r.c.RepositoryConfigurationExtensionSupport - Spring Data Redis - Could not safely identify store assignment for repository candidate interface com.project.shopapp.repositories.RoleRepository; If you want this repository to be a Redis repository, consider annotating your entities with one of these annotations: org.springframework.data.redis.core.RedisHash (preferred), or consider extending one of the following types with your repository: org.springframework.data.keyvalue.repository.KeyValueRepository
2024-07-01 21:02:01.754 [main] INFO  o.s.d.r.c.RepositoryConfigurationExtensionSupport - Spring Data Redis - Could not safely identify store assignment for repository candidate interface com.project.shopapp.repositories.TokenRepository; If you want this repository to be a Redis repository, consider annotating your entities with one of these annotations: org.springframework.data.redis.core.RedisHash (preferred), or consider extending one of the following types with your repository: org.springframework.data.keyvalue.repository.KeyValueRepository
2024-07-01 21:02:01.754 [main] INFO  o.s.d.r.c.RepositoryConfigurationExtensionSupport - Spring Data Redis - Could not safely identify store assignment for repository candidate interface com.project.shopapp.repositories.UserRepository; If you want this repository to be a Redis repository, consider annotating your entities with one of these annotations: org.springframework.data.redis.core.RedisHash (preferred), or consider extending one of the following types with your repository: org.springframework.data.keyvalue.repository.KeyValueRepository
2024-07-01 21:02:01.754 [main] INFO  o.s.d.r.c.RepositoryConfigurationDelegate - Finished Spring Data repository scanning in 95 ms. Found 0 Redis repository interfaces.
2024-07-01 21:02:03.601 [main] INFO  o.s.b.w.e.tomcat.TomcatWebServer - Tomcat initialized with port 8088 (http)
2024-07-01 21:02:03.622 [main] INFO  o.a.coyote.http11.Http11NioProtocol - Initializing ProtocolHandler ["http-nio-8088"]
2024-07-01 21:02:03.627 [main] INFO  o.a.catalina.core.StandardService - Starting service [Tomcat]
2024-07-01 21:02:03.627 [main] INFO  o.a.catalina.core.StandardEngine - Starting Servlet engine: [Apache Tomcat/10.1.24]
2024-07-01 21:02:03.746 [main] INFO  o.a.c.c.C.[Tomcat].[localhost].[/] - Initializing Spring embedded WebApplicationContext
2024-07-01 21:02:03.748 [main] INFO  o.s.b.w.s.c.ServletWebServerApplicationContext - Root WebApplicationContext: initialization completed in 4071 ms
2024-07-01 21:02:04.763 [main] INFO  org.flywaydb.core.FlywayExecutor - Database: jdbc:mysql://localhost:3307/ShopApp (MySQL 8.2)
2024-07-01 21:02:04.782 [main] WARN  o.f.c.i.database.base.Database - Flyway upgrade recommended: MySQL 8.2 is newer than this version of Flyway and support has not been tested. The latest supported version of MySQL is 8.1.
2024-07-01 21:02:04.862 [main] INFO  o.f.core.internal.command.DbValidate - Successfully validated 5 migrations (execution time 00:00.068s)
2024-07-01 21:02:04.891 [main] INFO  o.f.core.internal.command.DbMigrate - Current version of schema `ShopApp`: 5
2024-07-01 21:02:04.901 [main] INFO  o.f.core.internal.command.DbMigrate - Schema `ShopApp` is up to date. No migration necessary.
2024-07-01 21:02:05.132 [main] INFO  o.h.jpa.internal.util.LogHelper - HHH000204: Processing PersistenceUnitInfo [name: default]
2024-07-01 21:02:05.245 [main] INFO  org.hibernate.Version - HHH000412: Hibernate ORM core version 6.5.2.Final
2024-07-01 21:02:05.317 [main] INFO  o.h.c.i.RegionFactoryInitiator - HHH000026: Second-level cache disabled
2024-07-01 21:02:05.757 [main] INFO  o.s.o.j.p.SpringPersistenceUnitInfo - No LoadTimeWeaver setup: ignoring JPA class transformer
2024-07-01 21:02:06.365 [main] INFO  c.p.s.configurations.RedisConfig - redisHost = localhost, redisPort = 6379
2024-07-01 21:02:07.767 [main] INFO  o.h.e.t.j.p.i.JtaPlatformInitiator - HHH000489: No JTA platform available (set 'hibernate.transaction.jta.platform' to enable JTA platform integration)
2024-07-01 21:02:07.767 [main] INFO  o.s.o.j.LocalContainerEntityManagerFactoryBean - Initialized JPA EntityManagerFactory for persistence unit 'default'
2024-07-01 21:02:08.108 [main] INFO  o.s.d.j.r.query.QueryEnhancerFactory - Hibernate is in classpath; If applicable, HQL parser will be used.
2024-07-01 21:02:09.692 [main] INFO  o.s.b.a.e.web.EndpointLinksResolver - Exposing 2 endpoints beneath base path '/api/v1/actuator'
2024-07-01 21:02:09.804 [main] WARN  o.s.b.a.o.j.JpaBaseConfiguration$JpaWebConfiguration - spring.jpa.open-in-view is enabled by default. Therefore, database queries may be performed during view rendering. Explicitly configure spring.jpa.open-in-view to disable this warning
2024-07-01 21:02:10.557 [main] INFO  o.s.s.c.a.a.c.InitializeAuthenticationProviderBeanManagerConfigurer$InitializeAuthenticationProviderManagerConfigurer - Global AuthenticationManager configured with AuthenticationProvider bean with name authenticationProvider
2024-07-01 21:02:10.567 [main] WARN  o.s.s.c.a.a.c.InitializeUserDetailsBeanManagerConfigurer$InitializeUserDetailsManagerConfigurer - Global AuthenticationManager configured with an AuthenticationProvider bean. UserDetailsService beans will not be used for username/password login. Consider removing the AuthenticationProvider bean. Alternatively, consider using the UserDetailsService in a manually instantiated DaoAuthenticationProvider.
2024-07-01 21:02:10.999 [main] INFO  o.s.s.web.DefaultSecurityFilterChain - Will secure Or [Mvc [pattern='EndpointRequestMatcher includes=[*], excludes=[], includeLinks=true']] with [org.springframework.security.web.session.DisableEncodeUrlFilter@2d83ea1b, org.springframework.security.web.context.request.async.WebAsyncManagerIntegrationFilter@16a1738d, org.springframework.security.web.context.SecurityContextHolderFilter@a98ce67, org.springframework.security.web.header.HeaderWriterFilter@48b16f22, org.springframework.web.filter.CorsFilter@6d0c8cd0, org.springframework.security.web.authentication.logout.LogoutFilter@7f8510d3, org.springframework.security.oauth2.client.web.OAuth2AuthorizationRequestRedirectFilter@4b1fd583, org.springframework.security.oauth2.client.web.OAuth2LoginAuthenticationFilter@2406cc58, com.project.shopapp.filters.JwtTokenFilter@6900e105, org.springframework.security.oauth2.server.resource.web.authentication.BearerTokenAuthenticationFilter@66b3a49c, org.springframework.security.web.savedrequest.RequestCacheAwareFilter@3c929623, org.springframework.security.web.servletapi.SecurityContextHolderAwareRequestFilter@752ee6e1, org.springframework.security.web.authentication.AnonymousAuthenticationFilter@48d8ab86, org.springframework.security.web.session.SessionManagementFilter@57ba665f, org.springframework.security.web.access.ExceptionTranslationFilter@7bc0ff69, org.springframework.security.web.access.intercept.AuthorizationFilter@5f5bc594]
2024-07-01 21:02:11.022 [main] WARN  o.s.s.c.a.web.builders.WebSecurity - 

********************************************************************
**********        Security debugging is enabled.       *************
**********    This may include sensitive information.  *************
**********      Do not use in a production system!     *************
********************************************************************


2024-07-01 21:02:12.273 [main] INFO  o.a.k.c.admin.AdminClientConfig - AdminClientConfig values: 
	auto.include.jmx.reporter = true
	bootstrap.controllers = []
	bootstrap.servers = [localhost:9092]
	client.dns.lookup = use_all_dns_ips
	client.id = 
	connections.max.idle.ms = 300000
	default.api.timeout.ms = 60000
	enable.metrics.push = true
	metadata.max.age.ms = 300000
	metric.reporters = []
	metrics.num.samples = 2
	metrics.recording.level = INFO
	metrics.sample.window.ms = 30000
	receive.buffer.bytes = 65536
	reconnect.backoff.max.ms = 1000
	reconnect.backoff.ms = 50
	request.timeout.ms = 30000
	retries = 2147483647
	retry.backoff.max.ms = 1000
	retry.backoff.ms = 100
	sasl.client.callback.handler.class = null
	sasl.jaas.config = null
	sasl.kerberos.kinit.cmd = /usr/bin/kinit
	sasl.kerberos.min.time.before.relogin = 60000
	sasl.kerberos.service.name = null
	sasl.kerberos.ticket.renew.jitter = 0.05
	sasl.kerberos.ticket.renew.window.factor = 0.8
	sasl.login.callback.handler.class = null
	sasl.login.class = null
	sasl.login.connect.timeout.ms = null
	sasl.login.read.timeout.ms = null
	sasl.login.refresh.buffer.seconds = 300
	sasl.login.refresh.min.period.seconds = 60
	sasl.login.refresh.window.factor = 0.8
	sasl.login.refresh.window.jitter = 0.05
	sasl.login.retry.backoff.max.ms = 10000
	sasl.login.retry.backoff.ms = 100
	sasl.mechanism = GSSAPI
	sasl.oauthbearer.clock.skew.seconds = 30
	sasl.oauthbearer.expected.audience = null
	sasl.oauthbearer.expected.issuer = null
	sasl.oauthbearer.jwks.endpoint.refresh.ms = 3600000
	sasl.oauthbearer.jwks.endpoint.retry.backoff.max.ms = 10000
	sasl.oauthbearer.jwks.endpoint.retry.backoff.ms = 100
	sasl.oauthbearer.jwks.endpoint.url = null
	sasl.oauthbearer.scope.claim.name = scope
	sasl.oauthbearer.sub.claim.name = sub
	sasl.oauthbearer.token.endpoint.url = null
	security.protocol = PLAINTEXT
	security.providers = null
	send.buffer.bytes = 131072
	socket.connection.setup.timeout.max.ms = 30000
	socket.connection.setup.timeout.ms = 10000
	ssl.cipher.suites = null
	ssl.enabled.protocols = [TLSv1.2, TLSv1.3]
	ssl.endpoint.identification.algorithm = https
	ssl.engine.factory.class = null
	ssl.key.password = null
	ssl.keymanager.algorithm = SunX509
	ssl.keystore.certificate.chain = null
	ssl.keystore.key = null
	ssl.keystore.location = null
	ssl.keystore.password = null
	ssl.keystore.type = JKS
	ssl.protocol = TLSv1.3
	ssl.provider = null
	ssl.secure.random.implementation = null
	ssl.trustmanager.algorithm = PKIX
	ssl.truststore.certificates = null
	ssl.truststore.location = null
	ssl.truststore.password = null
	ssl.truststore.type = JKS

2024-07-01 21:02:12.405 [main] INFO  o.a.kafka.common.utils.AppInfoParser - Kafka version: 3.7.0
2024-07-01 21:02:12.405 [main] INFO  o.a.kafka.common.utils.AppInfoParser - Kafka commitId: 2ae524ed625438c5
2024-07-01 21:02:12.405 [main] INFO  o.a.kafka.common.utils.AppInfoParser - Kafka startTimeMs: 1719842532398
2024-07-01 21:02:12.744 [kafka-admin-client-thread | adminclient-1] INFO  o.a.kafka.common.utils.AppInfoParser - App info kafka.admin.client for adminclient-1 unregistered
2024-07-01 21:02:12.749 [kafka-admin-client-thread | adminclient-1] INFO  o.a.kafka.common.metrics.Metrics - Metrics scheduler closed
2024-07-01 21:02:12.749 [kafka-admin-client-thread | adminclient-1] INFO  o.a.kafka.common.metrics.Metrics - Closing reporter org.apache.kafka.common.metrics.JmxReporter
2024-07-01 21:02:12.749 [kafka-admin-client-thread | adminclient-1] INFO  o.a.kafka.common.metrics.Metrics - Metrics reporters closed
2024-07-01 21:02:12.753 [main] INFO  o.a.coyote.http11.Http11NioProtocol - Starting ProtocolHandler ["http-nio-8088"]
2024-07-01 21:02:12.760 [main] INFO  o.s.b.w.e.tomcat.TomcatWebServer - Tomcat started on port 8088 (http) with context path '/'
2024-07-01 21:02:12.783 [main] INFO  o.a.k.c.consumer.ConsumerConfig - ConsumerConfig values: 
	allow.auto.create.topics = true
	auto.commit.interval.ms = 5000
	auto.include.jmx.reporter = true
	auto.offset.reset = latest
	bootstrap.servers = [localhost:9092]
	check.crcs = true
	client.dns.lookup = use_all_dns_ips
	client.id = consumer-groupA-1
	client.rack = 
	connections.max.idle.ms = 540000
	default.api.timeout.ms = 60000
	enable.auto.commit = false
	enable.metrics.push = true
	exclude.internal.topics = true
	fetch.max.bytes = 52428800
	fetch.max.wait.ms = 500
	fetch.min.bytes = 1
	group.id = groupA
	group.instance.id = null
	group.protocol = classic
	group.remote.assignor = null
	heartbeat.interval.ms = 3000
	interceptor.classes = []
	internal.leave.group.on.close = true
	internal.throw.on.fetch.stable.offset.unsupported = false
	isolation.level = read_uncommitted
	key.deserializer = class org.apache.kafka.common.serialization.StringDeserializer
	max.partition.fetch.bytes = 1048576
	max.poll.interval.ms = 300000
	max.poll.records = 500
	metadata.max.age.ms = 300000
	metric.reporters = []
	metrics.num.samples = 2
	metrics.recording.level = INFO
	metrics.sample.window.ms = 30000
	partition.assignment.strategy = [class org.apache.kafka.clients.consumer.RangeAssignor, class org.apache.kafka.clients.consumer.CooperativeStickyAssignor]
	receive.buffer.bytes = 65536
	reconnect.backoff.max.ms = 1000
	reconnect.backoff.ms = 50
	request.timeout.ms = 30000
	retry.backoff.max.ms = 1000
	retry.backoff.ms = 100
	sasl.client.callback.handler.class = null
	sasl.jaas.config = null
	sasl.kerberos.kinit.cmd = /usr/bin/kinit
	sasl.kerberos.min.time.before.relogin = 60000
	sasl.kerberos.service.name = null
	sasl.kerberos.ticket.renew.jitter = 0.05
	sasl.kerberos.ticket.renew.window.factor = 0.8
	sasl.login.callback.handler.class = null
	sasl.login.class = null
	sasl.login.connect.timeout.ms = null
	sasl.login.read.timeout.ms = null
	sasl.login.refresh.buffer.seconds = 300
	sasl.login.refresh.min.period.seconds = 60
	sasl.login.refresh.window.factor = 0.8
	sasl.login.refresh.window.jitter = 0.05
	sasl.login.retry.backoff.max.ms = 10000
	sasl.login.retry.backoff.ms = 100
	sasl.mechanism = GSSAPI
	sasl.oauthbearer.clock.skew.seconds = 30
	sasl.oauthbearer.expected.audience = null
	sasl.oauthbearer.expected.issuer = null
	sasl.oauthbearer.jwks.endpoint.refresh.ms = 3600000
	sasl.oauthbearer.jwks.endpoint.retry.backoff.max.ms = 10000
	sasl.oauthbearer.jwks.endpoint.retry.backoff.ms = 100
	sasl.oauthbearer.jwks.endpoint.url = null
	sasl.oauthbearer.scope.claim.name = scope
	sasl.oauthbearer.sub.claim.name = sub
	sasl.oauthbearer.token.endpoint.url = null
	security.protocol = PLAINTEXT
	security.providers = null
	send.buffer.bytes = 131072
	session.timeout.ms = 45000
	socket.connection.setup.timeout.max.ms = 30000
	socket.connection.setup.timeout.ms = 10000
	ssl.cipher.suites = null
	ssl.enabled.protocols = [TLSv1.2, TLSv1.3]
	ssl.endpoint.identification.algorithm = https
	ssl.engine.factory.class = null
	ssl.key.password = null
	ssl.keymanager.algorithm = SunX509
	ssl.keystore.certificate.chain = null
	ssl.keystore.key = null
	ssl.keystore.location = null
	ssl.keystore.password = null
	ssl.keystore.type = JKS
	ssl.protocol = TLSv1.3
	ssl.provider = null
	ssl.secure.random.implementation = null
	ssl.trustmanager.algorithm = PKIX
	ssl.truststore.certificates = null
	ssl.truststore.location = null
	ssl.truststore.password = null
	ssl.truststore.type = JKS
	value.deserializer = class org.apache.kafka.common.serialization.ByteArrayDeserializer

2024-07-01 21:02:12.819 [main] INFO  o.a.k.c.t.i.KafkaMetricsCollector - initializing Kafka metrics collector
2024-07-01 21:02:12.870 [main] INFO  o.a.kafka.common.utils.AppInfoParser - Kafka version: 3.7.0
2024-07-01 21:02:12.870 [main] INFO  o.a.kafka.common.utils.AppInfoParser - Kafka commitId: 2ae524ed625438c5
2024-07-01 21:02:12.870 [main] INFO  o.a.kafka.common.utils.AppInfoParser - Kafka startTimeMs: 1719842532870
2024-07-01 21:02:12.877 [main] INFO  o.a.k.c.c.i.LegacyKafkaConsumer - [Consumer clientId=consumer-groupA-1, groupId=groupA] Subscribed to topic(s): get-all-categories, insert-a-category
2024-07-01 21:02:12.909 [groupA-0-C-1] INFO  org.apache.kafka.clients.Metadata - [Consumer clientId=consumer-groupA-1, groupId=groupA] Cluster ID: Z_B2wa89TPqWucwDd3EZaw
2024-07-01 21:02:12.909 [main] INFO  c.project.shopapp.ShopappApplication - Started ShopappApplication in 13.829 seconds (process running for 15.018)
2024-07-01 21:02:12.911 [groupA-0-C-1] INFO  o.a.k.c.c.i.ConsumerCoordinator - [Consumer clientId=consumer-groupA-1, groupId=groupA] Discovered group coordinator 127.0.0.1:9092 (id: 2147483646 rack: null)
2024-07-01 21:02:12.915 [groupA-0-C-1] INFO  o.a.k.c.c.i.ConsumerCoordinator - [Consumer clientId=consumer-groupA-1, groupId=groupA] (Re-)joining group
2024-07-01 21:02:12.939 [groupA-0-C-1] INFO  o.a.k.c.c.i.ConsumerCoordinator - [Consumer clientId=consumer-groupA-1, groupId=groupA] Request joining group due to: need to re-join with the given member-id: consumer-groupA-1-6981ad57-1812-48bd-ad07-4d61dd1e3245
2024-07-01 21:02:12.941 [groupA-0-C-1] INFO  o.a.k.c.c.i.ConsumerCoordinator - [Consumer clientId=consumer-groupA-1, groupId=groupA] (Re-)joining group
2024-07-01 21:02:15.945 [groupA-0-C-1] INFO  o.a.k.c.c.i.ConsumerCoordinator - [Consumer clientId=consumer-groupA-1, groupId=groupA] Successfully joined group with generation Generation{generationId=3, memberId='consumer-groupA-1-6981ad57-1812-48bd-ad07-4d61dd1e3245', protocol='range'}
2024-07-01 21:02:15.952 [groupA-0-C-1] INFO  o.a.k.c.c.i.ConsumerCoordinator - [Consumer clientId=consumer-groupA-1, groupId=groupA] Finished assignment for group at generation 3: {consumer-groupA-1-6981ad57-1812-48bd-ad07-4d61dd1e3245=Assignment(partitions=[get-all-categories-0, insert-a-category-0])}
2024-07-01 21:02:15.959 [groupA-0-C-1] INFO  o.a.k.c.c.i.ConsumerCoordinator - [Consumer clientId=consumer-groupA-1, groupId=groupA] Successfully synced group in generation Generation{generationId=3, memberId='consumer-groupA-1-6981ad57-1812-48bd-ad07-4d61dd1e3245', protocol='range'}
2024-07-01 21:02:15.959 [groupA-0-C-1] INFO  o.a.k.c.c.i.ConsumerCoordinator - [Consumer clientId=consumer-groupA-1, groupId=groupA] Notifying assignor about the new Assignment(partitions=[get-all-categories-0, insert-a-category-0])
2024-07-01 21:02:15.961 [groupA-0-C-1] INFO  o.a.k.c.c.i.ConsumerRebalanceListenerInvoker - [Consumer clientId=consumer-groupA-1, groupId=groupA] Adding newly assigned partitions: get-all-categories-0, insert-a-category-0
2024-07-01 21:02:15.976 [groupA-0-C-1] INFO  o.a.k.c.c.internals.ConsumerUtils - Setting offset for partition get-all-categories-0 to the committed offset FetchPosition{offset=0, offsetEpoch=Optional.empty, currentLeader=LeaderAndEpoch{leader=Optional[127.0.0.1:9092 (id: 1 rack: null)], epoch=0}}
2024-07-01 21:02:15.976 [groupA-0-C-1] INFO  o.a.k.c.c.internals.ConsumerUtils - Setting offset for partition insert-a-category-0 to the committed offset FetchPosition{offset=0, offsetEpoch=Optional.empty, currentLeader=LeaderAndEpoch{leader=Optional[127.0.0.1:9092 (id: 1 rack: null)], epoch=0}}
2024-07-01 21:02:15.977 [groupA-0-C-1] INFO  o.s.k.l.KafkaMessageListenerContainer - groupA: partitions assigned: [get-all-categories-0, insert-a-category-0]
2024-07-01 21:05:02.010 [http-nio-8088-exec-2] INFO  o.a.c.c.C.[Tomcat].[localhost].[/] - Initializing Spring DispatcherServlet 'dispatcherServlet'
2024-07-01 21:05:02.010 [http-nio-8088-exec-2] INFO  o.s.web.servlet.DispatcherServlet - Initializing Servlet 'dispatcherServlet'
2024-07-01 21:05:02.012 [http-nio-8088-exec-2] INFO  o.s.web.servlet.DispatcherServlet - Completed initialization in 2 ms
2024-07-01 21:05:02.037 [http-nio-8088-exec-2] INFO  Spring Security Debugger - 

************************************************************

Request received for GET '/api/v1/users/auth/social-login?login_type=google':

org.apache.catalina.connector.RequestFacade@5c3e1374

servletPath:/api/v1/users/auth/social-login
pathInfo:null
headers: 
user-agent: PostmanRuntime/7.39.0
accept: */*
postman-token: 7601df12-642e-453e-be54-dfc96ea333a0
host: localhost:8088
accept-encoding: gzip, deflate, br
connection: keep-alive


Security filter chain: no match


************************************************************


2024-07-01 21:05:05.365 [http-nio-8088-exec-2] INFO  c.p.s.c.aspects.PerformanceAspect - Starting execution of socialAuth
2024-07-01 21:05:05.365 [http-nio-8088-exec-2] INFO  c.p.s.c.aspects.UserActivityLogger - User activity started: socialAuth, IP address: 0:0:0:0:0:0:0:1
2024-07-01 21:05:14.450 [http-nio-8088-exec-2] INFO  c.p.s.c.aspects.UserActivityLogger - User activity finished: socialAuth
2024-07-01 21:05:14.450 [http-nio-8088-exec-2] INFO  c.p.s.c.aspects.PerformanceAspect - Finished execution of socialAuth
2024-07-01 21:05:14.451 [http-nio-8088-exec-2] INFO  c.p.s.c.aspects.PerformanceAspect - Execution of socialAuth took 9086 ms
2024-07-01 21:05:27.342 [http-nio-8088-exec-3] INFO  Spring Security Debugger - 

************************************************************

Request received for GET '/api/v1/users/auth/social-login?login_type=facebook':

org.apache.catalina.connector.RequestFacade@7d2883a1

servletPath:/api/v1/users/auth/social-login
pathInfo:null
headers: 
user-agent: PostmanRuntime/7.39.0
accept: */*
postman-token: aecac4a9-fd78-4c3c-9569-65b5bae1f5aa
host: localhost:8088
accept-encoding: gzip, deflate, br
connection: keep-alive


Security filter chain: no match


************************************************************


2024-07-01 21:05:30.369 [http-nio-8088-exec-3] INFO  c.p.s.c.aspects.PerformanceAspect - Starting execution of socialAuth
2024-07-01 21:05:30.369 [http-nio-8088-exec-3] INFO  c.p.s.c.aspects.UserActivityLogger - User activity started: socialAuth, IP address: 0:0:0:0:0:0:0:1
2024-07-01 21:05:36.906 [http-nio-8088-exec-3] INFO  c.p.s.c.aspects.UserActivityLogger - User activity finished: socialAuth
2024-07-01 21:05:36.906 [http-nio-8088-exec-3] INFO  c.p.s.c.aspects.PerformanceAspect - Finished execution of socialAuth
2024-07-01 21:05:36.906 [http-nio-8088-exec-3] INFO  c.p.s.c.aspects.PerformanceAspect - Execution of socialAuth took 6537 ms
2024-07-01 21:11:13.114 [groupA-0-C-1] INFO  o.apache.kafka.clients.NetworkClient - [Consumer clientId=consumer-groupA-1, groupId=groupA] Node -1 disconnected.
2024-07-01 21:12:53.632 [groupA-0-C-1] INFO  o.a.k.c.c.i.ConsumerRebalanceListenerInvoker - [Consumer clientId=consumer-groupA-1, groupId=groupA] Revoke previously assigned partitions get-all-categories-0, insert-a-category-0
2024-07-01 21:12:53.634 [groupA-0-C-1] INFO  o.s.k.l.KafkaMessageListenerContainer - groupA: partitions revoked: [get-all-categories-0, insert-a-category-0]
2024-07-01 21:12:53.635 [groupA-0-C-1] INFO  o.a.k.c.c.i.ConsumerCoordinator - [Consumer clientId=consumer-groupA-1, groupId=groupA] Member consumer-groupA-1-6981ad57-1812-48bd-ad07-4d61dd1e3245 sending LeaveGroup request to coordinator 127.0.0.1:9092 (id: 2147483646 rack: null) due to the consumer unsubscribed from all topics
2024-07-01 21:12:53.637 [groupA-0-C-1] INFO  o.a.k.c.c.i.ConsumerCoordinator - [Consumer clientId=consumer-groupA-1, groupId=groupA] Resetting generation and member id due to: consumer pro-actively leaving the group
2024-07-01 21:12:53.638 [groupA-0-C-1] INFO  o.a.k.c.c.i.ConsumerCoordinator - [Consumer clientId=consumer-groupA-1, groupId=groupA] Request joining group due to: consumer pro-actively leaving the group
2024-07-01 21:12:53.638 [groupA-0-C-1] INFO  o.a.k.c.c.i.LegacyKafkaConsumer - [Consumer clientId=consumer-groupA-1, groupId=groupA] Unsubscribed all topics or patterns and assigned partitions
2024-07-01 21:12:53.639 [groupA-0-C-1] INFO  o.a.k.c.c.i.ConsumerCoordinator - [Consumer clientId=consumer-groupA-1, groupId=groupA] Resetting generation and member id due to: consumer pro-actively leaving the group
2024-07-01 21:12:53.639 [groupA-0-C-1] INFO  o.a.k.c.c.i.ConsumerCoordinator - [Consumer clientId=consumer-groupA-1, groupId=groupA] Request joining group due to: consumer pro-actively leaving the group
2024-07-01 21:12:57.423 [background-preinit] INFO  o.h.validator.internal.util.Version - HV000001: Hibernate Validator 8.0.1.Final
2024-07-01 21:12:57.461 [main] INFO  c.project.shopapp.ShopappApplication - Starting ShopappApplication using Java 21.0.3 with PID 18040 (C:\code\udemy\ShopApp\shopapp-backend\target\classes started by nguye in C:\code\udemy\ShopApp\shopapp-backend)
2024-07-01 21:12:57.461 [main] INFO  c.project.shopapp.ShopappApplication - No active profile set, falling back to 1 default profile: "default"
2024-07-01 21:12:58.472 [main] INFO  o.s.d.r.c.RepositoryConfigurationDelegate - Multiple Spring Data modules found, entering strict repository configuration mode
2024-07-01 21:12:58.472 [main] INFO  o.s.d.r.c.RepositoryConfigurationDelegate - Bootstrapping Spring Data JPA repositories in DEFAULT mode.
2024-07-01 21:12:58.613 [main] INFO  o.s.d.r.c.RepositoryConfigurationDelegate - Finished Spring Data repository scanning in 139 ms. Found 12 JPA repository interfaces.
2024-07-01 21:12:59.166 [main] INFO  o.s.d.r.c.RepositoryConfigurationDelegate - Multiple Spring Data modules found, entering strict repository configuration mode
2024-07-01 21:12:59.177 [main] INFO  o.s.d.r.c.RepositoryConfigurationDelegate - Bootstrapping Spring Data Redis repositories in DEFAULT mode.
2024-07-01 21:12:59.212 [main] INFO  o.s.d.r.c.RepositoryConfigurationExtensionSupport - Spring Data Redis - Could not safely identify store assignment for repository candidate interface com.project.shopapp.repositories.CategoryRepository; If you want this repository to be a Redis repository, consider annotating your entities with one of these annotations: org.springframework.data.redis.core.RedisHash (preferred), or consider extending one of the following types with your repository: org.springframework.data.keyvalue.repository.KeyValueRepository
2024-07-01 21:12:59.212 [main] INFO  o.s.d.r.c.RepositoryConfigurationExtensionSupport - Spring Data Redis - Could not safely identify store assignment for repository candidate interface com.project.shopapp.repositories.CommentRepository; If you want this repository to be a Redis repository, consider annotating your entities with one of these annotations: org.springframework.data.redis.core.RedisHash (preferred), or consider extending one of the following types with your repository: org.springframework.data.keyvalue.repository.KeyValueRepository
2024-07-01 21:12:59.212 [main] INFO  o.s.d.r.c.RepositoryConfigurationExtensionSupport - Spring Data Redis - Could not safely identify store assignment for repository candidate interface com.project.shopapp.repositories.CouponConditionRepository; If you want this repository to be a Redis repository, consider annotating your entities with one of these annotations: org.springframework.data.redis.core.RedisHash (preferred), or consider extending one of the following types with your repository: org.springframework.data.keyvalue.repository.KeyValueRepository
2024-07-01 21:12:59.212 [main] INFO  o.s.d.r.c.RepositoryConfigurationExtensionSupport - Spring Data Redis - Could not safely identify store assignment for repository candidate interface com.project.shopapp.repositories.CouponRepository; If you want this repository to be a Redis repository, consider annotating your entities with one of these annotations: org.springframework.data.redis.core.RedisHash (preferred), or consider extending one of the following types with your repository: org.springframework.data.keyvalue.repository.KeyValueRepository
2024-07-01 21:12:59.212 [main] INFO  o.s.d.r.c.RepositoryConfigurationExtensionSupport - Spring Data Redis - Could not safely identify store assignment for repository candidate interface com.project.shopapp.repositories.FavoriteRepository; If you want this repository to be a Redis repository, consider annotating your entities with one of these annotations: org.springframework.data.redis.core.RedisHash (preferred), or consider extending one of the following types with your repository: org.springframework.data.keyvalue.repository.KeyValueRepository
2024-07-01 21:12:59.212 [main] INFO  o.s.d.r.c.RepositoryConfigurationExtensionSupport - Spring Data Redis - Could not safely identify store assignment for repository candidate interface com.project.shopapp.repositories.OrderDetailRepository; If you want this repository to be a Redis repository, consider annotating your entities with one of these annotations: org.springframework.data.redis.core.RedisHash (preferred), or consider extending one of the following types with your repository: org.springframework.data.keyvalue.repository.KeyValueRepository
2024-07-01 21:12:59.214 [main] INFO  o.s.d.r.c.RepositoryConfigurationExtensionSupport - Spring Data Redis - Could not safely identify store assignment for repository candidate interface com.project.shopapp.repositories.OrderRepository; If you want this repository to be a Redis repository, consider annotating your entities with one of these annotations: org.springframework.data.redis.core.RedisHash (preferred), or consider extending one of the following types with your repository: org.springframework.data.keyvalue.repository.KeyValueRepository
2024-07-01 21:12:59.214 [main] INFO  o.s.d.r.c.RepositoryConfigurationExtensionSupport - Spring Data Redis - Could not safely identify store assignment for repository candidate interface com.project.shopapp.repositories.ProductImageRepository; If you want this repository to be a Redis repository, consider annotating your entities with one of these annotations: org.springframework.data.redis.core.RedisHash (preferred), or consider extending one of the following types with your repository: org.springframework.data.keyvalue.repository.KeyValueRepository
2024-07-01 21:12:59.214 [main] INFO  o.s.d.r.c.RepositoryConfigurationExtensionSupport - Spring Data Redis - Could not safely identify store assignment for repository candidate interface com.project.shopapp.repositories.ProductRepository; If you want this repository to be a Redis repository, consider annotating your entities with one of these annotations: org.springframework.data.redis.core.RedisHash (preferred), or consider extending one of the following types with your repository: org.springframework.data.keyvalue.repository.KeyValueRepository
2024-07-01 21:12:59.214 [main] INFO  o.s.d.r.c.RepositoryConfigurationExtensionSupport - Spring Data Redis - Could not safely identify store assignment for repository candidate interface com.project.shopapp.repositories.RoleRepository; If you want this repository to be a Redis repository, consider annotating your entities with one of these annotations: org.springframework.data.redis.core.RedisHash (preferred), or consider extending one of the following types with your repository: org.springframework.data.keyvalue.repository.KeyValueRepository
2024-07-01 21:12:59.214 [main] INFO  o.s.d.r.c.RepositoryConfigurationExtensionSupport - Spring Data Redis - Could not safely identify store assignment for repository candidate interface com.project.shopapp.repositories.TokenRepository; If you want this repository to be a Redis repository, consider annotating your entities with one of these annotations: org.springframework.data.redis.core.RedisHash (preferred), or consider extending one of the following types with your repository: org.springframework.data.keyvalue.repository.KeyValueRepository
2024-07-01 21:12:59.214 [main] INFO  o.s.d.r.c.RepositoryConfigurationExtensionSupport - Spring Data Redis - Could not safely identify store assignment for repository candidate interface com.project.shopapp.repositories.UserRepository; If you want this repository to be a Redis repository, consider annotating your entities with one of these annotations: org.springframework.data.redis.core.RedisHash (preferred), or consider extending one of the following types with your repository: org.springframework.data.keyvalue.repository.KeyValueRepository
2024-07-01 21:12:59.214 [main] INFO  o.s.d.r.c.RepositoryConfigurationDelegate - Finished Spring Data repository scanning in 29 ms. Found 0 Redis repository interfaces.
2024-07-01 21:13:00.342 [main] INFO  o.s.b.w.e.tomcat.TomcatWebServer - Tomcat initialized with port 8088 (http)
2024-07-01 21:13:00.351 [main] INFO  o.a.coyote.http11.Http11NioProtocol - Initializing ProtocolHandler ["http-nio-8088"]
2024-07-01 21:13:00.351 [main] INFO  o.a.catalina.core.StandardService - Starting service [Tomcat]
2024-07-01 21:13:00.351 [main] INFO  o.a.catalina.core.StandardEngine - Starting Servlet engine: [Apache Tomcat/10.1.24]
2024-07-01 21:13:00.438 [main] INFO  o.a.c.c.C.[Tomcat].[localhost].[/] - Initializing Spring embedded WebApplicationContext
2024-07-01 21:13:00.438 [main] INFO  o.s.b.w.s.c.ServletWebServerApplicationContext - Root WebApplicationContext: initialization completed in 2927 ms
2024-07-01 21:13:01.093 [main] INFO  org.flywaydb.core.FlywayExecutor - Database: jdbc:mysql://localhost:3307/ShopApp (MySQL 8.2)
2024-07-01 21:13:01.109 [main] WARN  o.f.c.i.database.base.Database - Flyway upgrade recommended: MySQL 8.2 is newer than this version of Flyway and support has not been tested. The latest supported version of MySQL is 8.1.
2024-07-01 21:13:01.172 [main] INFO  o.f.core.internal.command.DbValidate - Successfully validated 5 migrations (execution time 00:00.053s)
2024-07-01 21:13:01.195 [main] INFO  o.f.core.internal.command.DbMigrate - Current version of schema `ShopApp`: 5
2024-07-01 21:13:01.200 [main] INFO  o.f.core.internal.command.DbMigrate - Schema `ShopApp` is up to date. No migration necessary.
2024-07-01 21:13:01.323 [main] INFO  o.h.jpa.internal.util.LogHelper - HHH000204: Processing PersistenceUnitInfo [name: default]
2024-07-01 21:13:01.387 [main] INFO  org.hibernate.Version - HHH000412: Hibernate ORM core version 6.5.2.Final
2024-07-01 21:13:01.421 [main] INFO  o.h.c.i.RegionFactoryInitiator - HHH000026: Second-level cache disabled
2024-07-01 21:13:01.722 [main] INFO  o.s.o.j.p.SpringPersistenceUnitInfo - No LoadTimeWeaver setup: ignoring JPA class transformer
2024-07-01 21:13:02.152 [main] INFO  c.p.s.configurations.RedisConfig - redisHost = localhost, redisPort = 6379
2024-07-01 21:13:03.591 [main] INFO  o.h.e.t.j.p.i.JtaPlatformInitiator - HHH000489: No JTA platform available (set 'hibernate.transaction.jta.platform' to enable JTA platform integration)
2024-07-01 21:13:03.596 [main] INFO  o.s.o.j.LocalContainerEntityManagerFactoryBean - Initialized JPA EntityManagerFactory for persistence unit 'default'
2024-07-01 21:13:03.942 [main] INFO  o.s.d.j.r.query.QueryEnhancerFactory - Hibernate is in classpath; If applicable, HQL parser will be used.
2024-07-01 21:13:05.342 [main] INFO  o.s.b.a.e.web.EndpointLinksResolver - Exposing 2 endpoints beneath base path '/api/v1/actuator'
2024-07-01 21:13:05.422 [main] WARN  o.s.b.a.o.j.JpaBaseConfiguration$JpaWebConfiguration - spring.jpa.open-in-view is enabled by default. Therefore, database queries may be performed during view rendering. Explicitly configure spring.jpa.open-in-view to disable this warning
2024-07-01 21:13:06.172 [main] INFO  o.s.s.c.a.a.c.InitializeAuthenticationProviderBeanManagerConfigurer$InitializeAuthenticationProviderManagerConfigurer - Global AuthenticationManager configured with AuthenticationProvider bean with name authenticationProvider
2024-07-01 21:13:06.176 [main] WARN  o.s.s.c.a.a.c.InitializeUserDetailsBeanManagerConfigurer$InitializeUserDetailsManagerConfigurer - Global AuthenticationManager configured with an AuthenticationProvider bean. UserDetailsService beans will not be used for username/password login. Consider removing the AuthenticationProvider bean. Alternatively, consider using the UserDetailsService in a manually instantiated DaoAuthenticationProvider.
2024-07-01 21:13:06.622 [main] INFO  o.s.s.web.DefaultSecurityFilterChain - Will secure Or [Mvc [pattern='EndpointRequestMatcher includes=[*], excludes=[], includeLinks=true']] with [org.springframework.security.web.session.DisableEncodeUrlFilter@2a69158a, org.springframework.security.web.context.request.async.WebAsyncManagerIntegrationFilter@1b5a471d, org.springframework.security.web.context.SecurityContextHolderFilter@6d4f1a08, org.springframework.security.web.header.HeaderWriterFilter@181ae1b4, org.springframework.web.filter.CorsFilter@1ff49da3, org.springframework.security.web.authentication.logout.LogoutFilter@4f0a81f6, org.springframework.security.oauth2.client.web.OAuth2AuthorizationRequestRedirectFilter@7c9055e6, org.springframework.security.oauth2.client.web.OAuth2LoginAuthenticationFilter@5186e67f, com.project.shopapp.filters.JwtTokenFilter@4d0d97e3, org.springframework.security.oauth2.server.resource.web.authentication.BearerTokenAuthenticationFilter@42e71f6c, org.springframework.security.web.savedrequest.RequestCacheAwareFilter@763fc4dc, org.springframework.security.web.servletapi.SecurityContextHolderAwareRequestFilter@3e6b1a0d, org.springframework.security.web.authentication.AnonymousAuthenticationFilter@68fbb22, org.springframework.security.web.session.SessionManagementFilter@70dd5a12, org.springframework.security.web.access.ExceptionTranslationFilter@75ba14d7, org.springframework.security.web.access.intercept.AuthorizationFilter@cda805a]
2024-07-01 21:13:06.642 [main] WARN  o.s.s.c.a.web.builders.WebSecurity - 

********************************************************************
**********        Security debugging is enabled.       *************
**********    This may include sensitive information.  *************
**********      Do not use in a production system!     *************
********************************************************************


2024-07-01 21:13:08.148 [main] INFO  o.a.k.c.admin.AdminClientConfig - AdminClientConfig values: 
	auto.include.jmx.reporter = true
	bootstrap.controllers = []
	bootstrap.servers = [localhost:9092]
	client.dns.lookup = use_all_dns_ips
	client.id = 
	connections.max.idle.ms = 300000
	default.api.timeout.ms = 60000
	enable.metrics.push = true
	metadata.max.age.ms = 300000
	metric.reporters = []
	metrics.num.samples = 2
	metrics.recording.level = INFO
	metrics.sample.window.ms = 30000
	receive.buffer.bytes = 65536
	reconnect.backoff.max.ms = 1000
	reconnect.backoff.ms = 50
	request.timeout.ms = 30000
	retries = 2147483647
	retry.backoff.max.ms = 1000
	retry.backoff.ms = 100
	sasl.client.callback.handler.class = null
	sasl.jaas.config = null
	sasl.kerberos.kinit.cmd = /usr/bin/kinit
	sasl.kerberos.min.time.before.relogin = 60000
	sasl.kerberos.service.name = null
	sasl.kerberos.ticket.renew.jitter = 0.05
	sasl.kerberos.ticket.renew.window.factor = 0.8
	sasl.login.callback.handler.class = null
	sasl.login.class = null
	sasl.login.connect.timeout.ms = null
	sasl.login.read.timeout.ms = null
	sasl.login.refresh.buffer.seconds = 300
	sasl.login.refresh.min.period.seconds = 60
	sasl.login.refresh.window.factor = 0.8
	sasl.login.refresh.window.jitter = 0.05
	sasl.login.retry.backoff.max.ms = 10000
	sasl.login.retry.backoff.ms = 100
	sasl.mechanism = GSSAPI
	sasl.oauthbearer.clock.skew.seconds = 30
	sasl.oauthbearer.expected.audience = null
	sasl.oauthbearer.expected.issuer = null
	sasl.oauthbearer.jwks.endpoint.refresh.ms = 3600000
	sasl.oauthbearer.jwks.endpoint.retry.backoff.max.ms = 10000
	sasl.oauthbearer.jwks.endpoint.retry.backoff.ms = 100
	sasl.oauthbearer.jwks.endpoint.url = null
	sasl.oauthbearer.scope.claim.name = scope
	sasl.oauthbearer.sub.claim.name = sub
	sasl.oauthbearer.token.endpoint.url = null
	security.protocol = PLAINTEXT
	security.providers = null
	send.buffer.bytes = 131072
	socket.connection.setup.timeout.max.ms = 30000
	socket.connection.setup.timeout.ms = 10000
	ssl.cipher.suites = null
	ssl.enabled.protocols = [TLSv1.2, TLSv1.3]
	ssl.endpoint.identification.algorithm = https
	ssl.engine.factory.class = null
	ssl.key.password = null
	ssl.keymanager.algorithm = SunX509
	ssl.keystore.certificate.chain = null
	ssl.keystore.key = null
	ssl.keystore.location = null
	ssl.keystore.password = null
	ssl.keystore.type = JKS
	ssl.protocol = TLSv1.3
	ssl.provider = null
	ssl.secure.random.implementation = null
	ssl.trustmanager.algorithm = PKIX
	ssl.truststore.certificates = null
	ssl.truststore.location = null
	ssl.truststore.password = null
	ssl.truststore.type = JKS

2024-07-01 21:13:08.282 [main] INFO  o.a.kafka.common.utils.AppInfoParser - Kafka version: 3.7.0
2024-07-01 21:13:08.283 [main] INFO  o.a.kafka.common.utils.AppInfoParser - Kafka commitId: 2ae524ed625438c5
2024-07-01 21:13:08.283 [main] INFO  o.a.kafka.common.utils.AppInfoParser - Kafka startTimeMs: 1719843188281
2024-07-01 21:13:08.610 [kafka-admin-client-thread | adminclient-1] INFO  o.a.kafka.common.utils.AppInfoParser - App info kafka.admin.client for adminclient-1 unregistered
2024-07-01 21:13:08.614 [kafka-admin-client-thread | adminclient-1] INFO  o.a.kafka.common.metrics.Metrics - Metrics scheduler closed
2024-07-01 21:13:08.614 [kafka-admin-client-thread | adminclient-1] INFO  o.a.kafka.common.metrics.Metrics - Closing reporter org.apache.kafka.common.metrics.JmxReporter
2024-07-01 21:13:08.615 [kafka-admin-client-thread | adminclient-1] INFO  o.a.kafka.common.metrics.Metrics - Metrics reporters closed
2024-07-01 21:13:08.620 [main] INFO  o.a.coyote.http11.Http11NioProtocol - Starting ProtocolHandler ["http-nio-8088"]
2024-07-01 21:13:08.628 [main] INFO  o.s.b.w.e.tomcat.TomcatWebServer - Tomcat started on port 8088 (http) with context path '/'
2024-07-01 21:13:08.645 [main] INFO  o.a.k.c.consumer.ConsumerConfig - ConsumerConfig values: 
	allow.auto.create.topics = true
	auto.commit.interval.ms = 5000
	auto.include.jmx.reporter = true
	auto.offset.reset = latest
	bootstrap.servers = [localhost:9092]
	check.crcs = true
	client.dns.lookup = use_all_dns_ips
	client.id = consumer-groupA-1
	client.rack = 
	connections.max.idle.ms = 540000
	default.api.timeout.ms = 60000
	enable.auto.commit = false
	enable.metrics.push = true
	exclude.internal.topics = true
	fetch.max.bytes = 52428800
	fetch.max.wait.ms = 500
	fetch.min.bytes = 1
	group.id = groupA
	group.instance.id = null
	group.protocol = classic
	group.remote.assignor = null
	heartbeat.interval.ms = 3000
	interceptor.classes = []
	internal.leave.group.on.close = true
	internal.throw.on.fetch.stable.offset.unsupported = false
	isolation.level = read_uncommitted
	key.deserializer = class org.apache.kafka.common.serialization.StringDeserializer
	max.partition.fetch.bytes = 1048576
	max.poll.interval.ms = 300000
	max.poll.records = 500
	metadata.max.age.ms = 300000
	metric.reporters = []
	metrics.num.samples = 2
	metrics.recording.level = INFO
	metrics.sample.window.ms = 30000
	partition.assignment.strategy = [class org.apache.kafka.clients.consumer.RangeAssignor, class org.apache.kafka.clients.consumer.CooperativeStickyAssignor]
	receive.buffer.bytes = 65536
	reconnect.backoff.max.ms = 1000
	reconnect.backoff.ms = 50
	request.timeout.ms = 30000
	retry.backoff.max.ms = 1000
	retry.backoff.ms = 100
	sasl.client.callback.handler.class = null
	sasl.jaas.config = null
	sasl.kerberos.kinit.cmd = /usr/bin/kinit
	sasl.kerberos.min.time.before.relogin = 60000
	sasl.kerberos.service.name = null
	sasl.kerberos.ticket.renew.jitter = 0.05
	sasl.kerberos.ticket.renew.window.factor = 0.8
	sasl.login.callback.handler.class = null
	sasl.login.class = null
	sasl.login.connect.timeout.ms = null
	sasl.login.read.timeout.ms = null
	sasl.login.refresh.buffer.seconds = 300
	sasl.login.refresh.min.period.seconds = 60
	sasl.login.refresh.window.factor = 0.8
	sasl.login.refresh.window.jitter = 0.05
	sasl.login.retry.backoff.max.ms = 10000
	sasl.login.retry.backoff.ms = 100
	sasl.mechanism = GSSAPI
	sasl.oauthbearer.clock.skew.seconds = 30
	sasl.oauthbearer.expected.audience = null
	sasl.oauthbearer.expected.issuer = null
	sasl.oauthbearer.jwks.endpoint.refresh.ms = 3600000
	sasl.oauthbearer.jwks.endpoint.retry.backoff.max.ms = 10000
	sasl.oauthbearer.jwks.endpoint.retry.backoff.ms = 100
	sasl.oauthbearer.jwks.endpoint.url = null
	sasl.oauthbearer.scope.claim.name = scope
	sasl.oauthbearer.sub.claim.name = sub
	sasl.oauthbearer.token.endpoint.url = null
	security.protocol = PLAINTEXT
	security.providers = null
	send.buffer.bytes = 131072
	session.timeout.ms = 45000
	socket.connection.setup.timeout.max.ms = 30000
	socket.connection.setup.timeout.ms = 10000
	ssl.cipher.suites = null
	ssl.enabled.protocols = [TLSv1.2, TLSv1.3]
	ssl.endpoint.identification.algorithm = https
	ssl.engine.factory.class = null
	ssl.key.password = null
	ssl.keymanager.algorithm = SunX509
	ssl.keystore.certificate.chain = null
	ssl.keystore.key = null
	ssl.keystore.location = null
	ssl.keystore.password = null
	ssl.keystore.type = JKS
	ssl.protocol = TLSv1.3
	ssl.provider = null
	ssl.secure.random.implementation = null
	ssl.trustmanager.algorithm = PKIX
	ssl.truststore.certificates = null
	ssl.truststore.location = null
	ssl.truststore.password = null
	ssl.truststore.type = JKS
	value.deserializer = class org.apache.kafka.common.serialization.ByteArrayDeserializer

2024-07-01 21:13:08.682 [main] INFO  o.a.k.c.t.i.KafkaMetricsCollector - initializing Kafka metrics collector
2024-07-01 21:13:08.732 [main] INFO  o.a.kafka.common.utils.AppInfoParser - Kafka version: 3.7.0
2024-07-01 21:13:08.733 [main] INFO  o.a.kafka.common.utils.AppInfoParser - Kafka commitId: 2ae524ed625438c5
2024-07-01 21:13:08.733 [main] INFO  o.a.kafka.common.utils.AppInfoParser - Kafka startTimeMs: 1719843188732
2024-07-01 21:13:08.746 [main] INFO  o.a.k.c.c.i.LegacyKafkaConsumer - [Consumer clientId=consumer-groupA-1, groupId=groupA] Subscribed to topic(s): get-all-categories, insert-a-category
2024-07-01 21:13:08.770 [groupA-0-C-1] INFO  org.apache.kafka.clients.Metadata - [Consumer clientId=consumer-groupA-1, groupId=groupA] Cluster ID: Z_B2wa89TPqWucwDd3EZaw
2024-07-01 21:13:08.771 [main] INFO  c.project.shopapp.ShopappApplication - Started ShopappApplication in 11.704 seconds (process running for 12.518)
2024-07-01 21:13:08.773 [groupA-0-C-1] INFO  o.a.k.c.c.i.ConsumerCoordinator - [Consumer clientId=consumer-groupA-1, groupId=groupA] Discovered group coordinator 127.0.0.1:9092 (id: 2147483646 rack: null)
2024-07-01 21:13:08.776 [groupA-0-C-1] INFO  o.a.k.c.c.i.ConsumerCoordinator - [Consumer clientId=consumer-groupA-1, groupId=groupA] (Re-)joining group
2024-07-01 21:13:08.798 [groupA-0-C-1] INFO  o.a.k.c.c.i.ConsumerCoordinator - [Consumer clientId=consumer-groupA-1, groupId=groupA] Request joining group due to: need to re-join with the given member-id: consumer-groupA-1-4ca4bdc9-9a7d-4dc5-88c5-b94011d656c8
2024-07-01 21:13:08.799 [groupA-0-C-1] INFO  o.a.k.c.c.i.ConsumerCoordinator - [Consumer clientId=consumer-groupA-1, groupId=groupA] (Re-)joining group
2024-07-01 21:13:09.267 [http-nio-8088-exec-2] INFO  o.a.c.c.C.[Tomcat].[localhost].[/] - Initializing Spring DispatcherServlet 'dispatcherServlet'
2024-07-01 21:13:09.268 [http-nio-8088-exec-2] INFO  o.s.web.servlet.DispatcherServlet - Initializing Servlet 'dispatcherServlet'
2024-07-01 21:13:09.269 [http-nio-8088-exec-2] INFO  o.s.web.servlet.DispatcherServlet - Completed initialization in 1 ms
2024-07-01 21:13:09.294 [http-nio-8088-exec-2] INFO  Spring Security Debugger - 

************************************************************

Request received for GET '/api/v1/users/auth/social-login?login_type=facebook':

org.apache.catalina.connector.RequestFacade@7f427d7e

servletPath:/api/v1/users/auth/social-login
pathInfo:null
headers: 
user-agent: PostmanRuntime/7.39.0
accept: */*
postman-token: ceb09467-f78b-4503-8b8c-2fee1c0aacc8
host: localhost:8088
accept-encoding: gzip, deflate, br
connection: keep-alive


Security filter chain: no match


************************************************************


2024-07-01 21:13:12.372 [groupA-0-C-1] INFO  o.a.k.c.c.i.ConsumerCoordinator - [Consumer clientId=consumer-groupA-1, groupId=groupA] Successfully joined group with generation Generation{generationId=5, memberId='consumer-groupA-1-4ca4bdc9-9a7d-4dc5-88c5-b94011d656c8', protocol='range'}
2024-07-01 21:13:12.383 [groupA-0-C-1] INFO  o.a.k.c.c.i.ConsumerCoordinator - [Consumer clientId=consumer-groupA-1, groupId=groupA] Finished assignment for group at generation 5: {consumer-groupA-1-4ca4bdc9-9a7d-4dc5-88c5-b94011d656c8=Assignment(partitions=[get-all-categories-0, insert-a-category-0])}
2024-07-01 21:13:12.392 [groupA-0-C-1] INFO  o.a.k.c.c.i.ConsumerCoordinator - [Consumer clientId=consumer-groupA-1, groupId=groupA] Successfully synced group in generation Generation{generationId=5, memberId='consumer-groupA-1-4ca4bdc9-9a7d-4dc5-88c5-b94011d656c8', protocol='range'}
2024-07-01 21:13:12.392 [groupA-0-C-1] INFO  o.a.k.c.c.i.ConsumerCoordinator - [Consumer clientId=consumer-groupA-1, groupId=groupA] Notifying assignor about the new Assignment(partitions=[get-all-categories-0, insert-a-category-0])
2024-07-01 21:13:12.394 [groupA-0-C-1] INFO  o.a.k.c.c.i.ConsumerRebalanceListenerInvoker - [Consumer clientId=consumer-groupA-1, groupId=groupA] Adding newly assigned partitions: get-all-categories-0, insert-a-category-0
2024-07-01 21:13:12.407 [groupA-0-C-1] INFO  o.a.k.c.c.internals.ConsumerUtils - Setting offset for partition get-all-categories-0 to the committed offset FetchPosition{offset=0, offsetEpoch=Optional.empty, currentLeader=LeaderAndEpoch{leader=Optional[127.0.0.1:9092 (id: 1 rack: null)], epoch=0}}
2024-07-01 21:13:12.407 [groupA-0-C-1] INFO  o.a.k.c.c.internals.ConsumerUtils - Setting offset for partition insert-a-category-0 to the committed offset FetchPosition{offset=0, offsetEpoch=Optional.empty, currentLeader=LeaderAndEpoch{leader=Optional[127.0.0.1:9092 (id: 1 rack: null)], epoch=0}}
2024-07-01 21:13:12.409 [groupA-0-C-1] INFO  o.s.k.l.KafkaMessageListenerContainer - groupA: partitions assigned: [get-all-categories-0, insert-a-category-0]
2024-07-01 21:13:12.420 [http-nio-8088-exec-2] INFO  c.p.s.c.aspects.PerformanceAspect - Starting execution of socialAuth
2024-07-01 21:13:12.421 [http-nio-8088-exec-2] INFO  c.p.s.c.aspects.UserActivityLogger - User activity started: socialAuth, IP address: 0:0:0:0:0:0:0:1
2024-07-01 21:13:13.453 [http-nio-8088-exec-2] INFO  c.p.s.c.aspects.UserActivityLogger - User activity finished: socialAuth
2024-07-01 21:13:13.454 [http-nio-8088-exec-2] INFO  c.p.s.c.aspects.PerformanceAspect - Finished execution of socialAuth
2024-07-01 21:13:13.455 [http-nio-8088-exec-2] INFO  c.p.s.c.aspects.PerformanceAspect - Execution of socialAuth took 1035 ms
2024-07-01 21:22:09.032 [groupA-0-C-1] INFO  o.apache.kafka.clients.NetworkClient - [Consumer clientId=consumer-groupA-1, groupId=groupA] Node -1 disconnected.
2024-07-01 21:32:09.030 [groupA-0-C-1] INFO  o.apache.kafka.clients.NetworkClient - [Consumer clientId=consumer-groupA-1, groupId=groupA] Node -1 disconnected.
2024-07-02 15:33:13.076 [background-preinit] INFO  o.h.validator.internal.util.Version - HV000001: Hibernate Validator 8.0.1.Final
2024-07-02 15:33:13.131 [main] INFO  c.project.shopapp.ShopappApplication - Starting ShopappApplication using Java 21.0.3 with PID 21408 (C:\code\udemy\ShopApp\shopapp-backend\target\classes started by nguye in C:\code\udemy\ShopApp\shopapp-backend)
2024-07-02 15:33:13.131 [main] INFO  c.project.shopapp.ShopappApplication - No active profile set, falling back to 1 default profile: "default"
2024-07-02 15:33:15.476 [main] INFO  o.s.d.r.c.RepositoryConfigurationDelegate - Multiple Spring Data modules found, entering strict repository configuration mode
2024-07-02 15:33:15.476 [main] INFO  o.s.d.r.c.RepositoryConfigurationDelegate - Bootstrapping Spring Data JPA repositories in DEFAULT mode.
2024-07-02 15:33:15.656 [main] INFO  o.s.d.r.c.RepositoryConfigurationDelegate - Finished Spring Data repository scanning in 168 ms. Found 12 JPA repository interfaces.
2024-07-02 15:33:16.368 [main] INFO  o.s.d.r.c.RepositoryConfigurationDelegate - Multiple Spring Data modules found, entering strict repository configuration mode
2024-07-02 15:33:16.371 [main] INFO  o.s.d.r.c.RepositoryConfigurationDelegate - Bootstrapping Spring Data Redis repositories in DEFAULT mode.
2024-07-02 15:33:16.436 [main] INFO  o.s.d.r.c.RepositoryConfigurationExtensionSupport - Spring Data Redis - Could not safely identify store assignment for repository candidate interface com.project.shopapp.repositories.CategoryRepository; If you want this repository to be a Redis repository, consider annotating your entities with one of these annotations: org.springframework.data.redis.core.RedisHash (preferred), or consider extending one of the following types with your repository: org.springframework.data.keyvalue.repository.KeyValueRepository
2024-07-02 15:33:16.439 [main] INFO  o.s.d.r.c.RepositoryConfigurationExtensionSupport - Spring Data Redis - Could not safely identify store assignment for repository candidate interface com.project.shopapp.repositories.CommentRepository; If you want this repository to be a Redis repository, consider annotating your entities with one of these annotations: org.springframework.data.redis.core.RedisHash (preferred), or consider extending one of the following types with your repository: org.springframework.data.keyvalue.repository.KeyValueRepository
2024-07-02 15:33:16.439 [main] INFO  o.s.d.r.c.RepositoryConfigurationExtensionSupport - Spring Data Redis - Could not safely identify store assignment for repository candidate interface com.project.shopapp.repositories.CouponConditionRepository; If you want this repository to be a Redis repository, consider annotating your entities with one of these annotations: org.springframework.data.redis.core.RedisHash (preferred), or consider extending one of the following types with your repository: org.springframework.data.keyvalue.repository.KeyValueRepository
2024-07-02 15:33:16.440 [main] INFO  o.s.d.r.c.RepositoryConfigurationExtensionSupport - Spring Data Redis - Could not safely identify store assignment for repository candidate interface com.project.shopapp.repositories.CouponRepository; If you want this repository to be a Redis repository, consider annotating your entities with one of these annotations: org.springframework.data.redis.core.RedisHash (preferred), or consider extending one of the following types with your repository: org.springframework.data.keyvalue.repository.KeyValueRepository
2024-07-02 15:33:16.440 [main] INFO  o.s.d.r.c.RepositoryConfigurationExtensionSupport - Spring Data Redis - Could not safely identify store assignment for repository candidate interface com.project.shopapp.repositories.FavoriteRepository; If you want this repository to be a Redis repository, consider annotating your entities with one of these annotations: org.springframework.data.redis.core.RedisHash (preferred), or consider extending one of the following types with your repository: org.springframework.data.keyvalue.repository.KeyValueRepository
2024-07-02 15:33:16.440 [main] INFO  o.s.d.r.c.RepositoryConfigurationExtensionSupport - Spring Data Redis - Could not safely identify store assignment for repository candidate interface com.project.shopapp.repositories.OrderDetailRepository; If you want this repository to be a Redis repository, consider annotating your entities with one of these annotations: org.springframework.data.redis.core.RedisHash (preferred), or consider extending one of the following types with your repository: org.springframework.data.keyvalue.repository.KeyValueRepository
2024-07-02 15:33:16.441 [main] INFO  o.s.d.r.c.RepositoryConfigurationExtensionSupport - Spring Data Redis - Could not safely identify store assignment for repository candidate interface com.project.shopapp.repositories.OrderRepository; If you want this repository to be a Redis repository, consider annotating your entities with one of these annotations: org.springframework.data.redis.core.RedisHash (preferred), or consider extending one of the following types with your repository: org.springframework.data.keyvalue.repository.KeyValueRepository
2024-07-02 15:33:16.441 [main] INFO  o.s.d.r.c.RepositoryConfigurationExtensionSupport - Spring Data Redis - Could not safely identify store assignment for repository candidate interface com.project.shopapp.repositories.ProductImageRepository; If you want this repository to be a Redis repository, consider annotating your entities with one of these annotations: org.springframework.data.redis.core.RedisHash (preferred), or consider extending one of the following types with your repository: org.springframework.data.keyvalue.repository.KeyValueRepository
2024-07-02 15:33:16.443 [main] INFO  o.s.d.r.c.RepositoryConfigurationExtensionSupport - Spring Data Redis - Could not safely identify store assignment for repository candidate interface com.project.shopapp.repositories.ProductRepository; If you want this repository to be a Redis repository, consider annotating your entities with one of these annotations: org.springframework.data.redis.core.RedisHash (preferred), or consider extending one of the following types with your repository: org.springframework.data.keyvalue.repository.KeyValueRepository
2024-07-02 15:33:16.444 [main] INFO  o.s.d.r.c.RepositoryConfigurationExtensionSupport - Spring Data Redis - Could not safely identify store assignment for repository candidate interface com.project.shopapp.repositories.RoleRepository; If you want this repository to be a Redis repository, consider annotating your entities with one of these annotations: org.springframework.data.redis.core.RedisHash (preferred), or consider extending one of the following types with your repository: org.springframework.data.keyvalue.repository.KeyValueRepository
2024-07-02 15:33:16.445 [main] INFO  o.s.d.r.c.RepositoryConfigurationExtensionSupport - Spring Data Redis - Could not safely identify store assignment for repository candidate interface com.project.shopapp.repositories.TokenRepository; If you want this repository to be a Redis repository, consider annotating your entities with one of these annotations: org.springframework.data.redis.core.RedisHash (preferred), or consider extending one of the following types with your repository: org.springframework.data.keyvalue.repository.KeyValueRepository
2024-07-02 15:33:16.445 [main] INFO  o.s.d.r.c.RepositoryConfigurationExtensionSupport - Spring Data Redis - Could not safely identify store assignment for repository candidate interface com.project.shopapp.repositories.UserRepository; If you want this repository to be a Redis repository, consider annotating your entities with one of these annotations: org.springframework.data.redis.core.RedisHash (preferred), or consider extending one of the following types with your repository: org.springframework.data.keyvalue.repository.KeyValueRepository
2024-07-02 15:33:16.445 [main] INFO  o.s.d.r.c.RepositoryConfigurationDelegate - Finished Spring Data repository scanning in 56 ms. Found 0 Redis repository interfaces.
2024-07-02 15:33:17.886 [main] INFO  o.s.b.w.e.tomcat.TomcatWebServer - Tomcat initialized with port 8088 (http)
2024-07-02 15:33:17.906 [main] INFO  o.a.coyote.http11.Http11NioProtocol - Initializing ProtocolHandler ["http-nio-8088"]
2024-07-02 15:33:17.906 [main] INFO  o.a.catalina.core.StandardService - Starting service [Tomcat]
2024-07-02 15:33:17.911 [main] INFO  o.a.catalina.core.StandardEngine - Starting Servlet engine: [Apache Tomcat/10.1.24]
2024-07-02 15:33:18.026 [main] INFO  o.a.c.c.C.[Tomcat].[localhost].[/] - Initializing Spring embedded WebApplicationContext
2024-07-02 15:33:18.026 [main] INFO  o.s.b.w.s.c.ServletWebServerApplicationContext - Root WebApplicationContext: initialization completed in 4796 ms
2024-07-02 15:33:19.108 [main] INFO  org.flywaydb.core.FlywayExecutor - Database: jdbc:mysql://localhost:3307/ShopApp (MySQL 8.2)
2024-07-02 15:33:19.136 [main] WARN  o.f.c.i.database.base.Database - Flyway upgrade recommended: MySQL 8.2 is newer than this version of Flyway and support has not been tested. The latest supported version of MySQL is 8.1.
2024-07-02 15:33:19.273 [main] INFO  o.f.core.internal.command.DbValidate - Successfully validated 5 migrations (execution time 00:00.111s)
2024-07-02 15:33:19.315 [main] INFO  o.f.core.internal.command.DbMigrate - Current version of schema `ShopApp`: 5
2024-07-02 15:33:19.328 [main] INFO  o.f.core.internal.command.DbMigrate - Schema `ShopApp` is up to date. No migration necessary.
2024-07-02 15:33:19.604 [main] INFO  o.h.jpa.internal.util.LogHelper - HHH000204: Processing PersistenceUnitInfo [name: default]
2024-07-02 15:33:19.761 [main] INFO  org.hibernate.Version - HHH000412: Hibernate ORM core version 6.5.2.Final
2024-07-02 15:33:19.845 [main] INFO  o.h.c.i.RegionFactoryInitiator - HHH000026: Second-level cache disabled
2024-07-02 15:33:20.281 [main] INFO  o.s.o.j.p.SpringPersistenceUnitInfo - No LoadTimeWeaver setup: ignoring JPA class transformer
2024-07-02 15:33:20.856 [main] INFO  c.p.s.configurations.RedisConfig - redisHost = localhost, redisPort = 6379
2024-07-02 15:33:22.390 [main] INFO  o.h.e.t.j.p.i.JtaPlatformInitiator - HHH000489: No JTA platform available (set 'hibernate.transaction.jta.platform' to enable JTA platform integration)
2024-07-02 15:33:22.393 [main] INFO  o.s.o.j.LocalContainerEntityManagerFactoryBean - Initialized JPA EntityManagerFactory for persistence unit 'default'
2024-07-02 15:33:22.750 [main] INFO  o.s.d.j.r.query.QueryEnhancerFactory - Hibernate is in classpath; If applicable, HQL parser will be used.
2024-07-02 15:33:24.219 [main] INFO  o.s.b.a.e.web.EndpointLinksResolver - Exposing 2 endpoints beneath base path '/api/v1/actuator'
2024-07-02 15:33:24.301 [main] WARN  o.s.b.a.o.j.JpaBaseConfiguration$JpaWebConfiguration - spring.jpa.open-in-view is enabled by default. Therefore, database queries may be performed during view rendering. Explicitly configure spring.jpa.open-in-view to disable this warning
2024-07-02 15:33:25.210 [main] INFO  o.s.s.c.a.a.c.InitializeAuthenticationProviderBeanManagerConfigurer$InitializeAuthenticationProviderManagerConfigurer - Global AuthenticationManager configured with AuthenticationProvider bean with name authenticationProvider
2024-07-02 15:33:25.216 [main] WARN  o.s.s.c.a.a.c.InitializeUserDetailsBeanManagerConfigurer$InitializeUserDetailsManagerConfigurer - Global AuthenticationManager configured with an AuthenticationProvider bean. UserDetailsService beans will not be used for username/password login. Consider removing the AuthenticationProvider bean. Alternatively, consider using the UserDetailsService in a manually instantiated DaoAuthenticationProvider.
2024-07-02 15:33:25.236 [main] WARN  o.s.b.w.s.c.AnnotationConfigServletWebServerApplicationContext - Exception encountered during context initialization - cancelling refresh attempt: org.springframework.beans.factory.UnsatisfiedDependencyException: Error creating bean with name 'userController' defined in file [C:\code\udemy\ShopApp\shopapp-backend\target\classes\com\project\shopapp\controllers\UserController.class]: Unsatisfied dependency expressed through constructor parameter 3: No qualifying bean of type 'com.project.shopapp.services.auth.IAuthService' available: expected at least 1 bean which qualifies as autowire candidate. Dependency annotations: {}
2024-07-02 15:33:25.238 [main] INFO  o.s.o.j.LocalContainerEntityManagerFactoryBean - Closing JPA EntityManagerFactory for persistence unit 'default'
2024-07-02 15:33:25.368 [main] INFO  o.a.catalina.core.StandardService - Stopping service [Tomcat]
2024-07-02 15:33:25.368 [main] WARN  o.a.c.loader.WebappClassLoaderBase - The web application [ROOT] appears to have started a thread named [boundedElastic-evictor-1] but has failed to stop it. This is very likely to create a memory leak. Stack trace of thread:
 java.base/jdk.internal.misc.Unsafe.park(Native Method)
 java.base/java.util.concurrent.locks.LockSupport.parkNanos(LockSupport.java:269)
 java.base/java.util.concurrent.locks.AbstractQueuedSynchronizer$ConditionObject.awaitNanos(AbstractQueuedSynchronizer.java:1758)
 java.base/java.util.concurrent.ScheduledThreadPoolExecutor$DelayedWorkQueue.take(ScheduledThreadPoolExecutor.java:1182)
 java.base/java.util.concurrent.ScheduledThreadPoolExecutor$DelayedWorkQueue.take(ScheduledThreadPoolExecutor.java:899)
 java.base/java.util.concurrent.ThreadPoolExecutor.getTask(ThreadPoolExecutor.java:1070)
 java.base/java.util.concurrent.ThreadPoolExecutor.runWorker(ThreadPoolExecutor.java:1130)
 java.base/java.util.concurrent.ThreadPoolExecutor$Worker.run(ThreadPoolExecutor.java:642)
 java.base/java.lang.Thread.run(Thread.java:1583)
2024-07-02 15:33:25.391 [main] INFO  o.s.b.a.l.ConditionEvaluationReportLogger - 

Error starting ApplicationContext. To display the condition evaluation report re-run your application with 'debug' enabled.
2024-07-02 15:33:25.416 [main] ERROR o.s.b.d.LoggingFailureAnalysisReporter - 

***************************
APPLICATION FAILED TO START
***************************

Description:

Parameter 3 of constructor in com.project.shopapp.controllers.UserController required a bean of type 'com.project.shopapp.services.auth.IAuthService' that could not be found.


Action:

Consider defining a bean of type 'com.project.shopapp.services.auth.IAuthService' in your configuration.

2024-07-02 15:38:12.243 [background-preinit] INFO  o.h.validator.internal.util.Version - HV000001: Hibernate Validator 8.0.1.Final
2024-07-02 15:38:12.274 [main] INFO  c.project.shopapp.ShopappApplication - Starting ShopappApplication using Java 21.0.3 with PID 13840 (C:\code\udemy\ShopApp\shopapp-backend\target\classes started by nguye in C:\code\udemy\ShopApp\shopapp-backend)
2024-07-02 15:38:12.274 [main] INFO  c.project.shopapp.ShopappApplication - No active profile set, falling back to 1 default profile: "default"
2024-07-02 15:38:13.293 [main] INFO  o.s.d.r.c.RepositoryConfigurationDelegate - Multiple Spring Data modules found, entering strict repository configuration mode
2024-07-02 15:38:13.293 [main] INFO  o.s.d.r.c.RepositoryConfigurationDelegate - Bootstrapping Spring Data JPA repositories in DEFAULT mode.
2024-07-02 15:38:13.437 [main] INFO  o.s.d.r.c.RepositoryConfigurationDelegate - Finished Spring Data repository scanning in 139 ms. Found 12 JPA repository interfaces.
2024-07-02 15:38:13.944 [main] INFO  o.s.d.r.c.RepositoryConfigurationDelegate - Multiple Spring Data modules found, entering strict repository configuration mode
2024-07-02 15:38:13.944 [main] INFO  o.s.d.r.c.RepositoryConfigurationDelegate - Bootstrapping Spring Data Redis repositories in DEFAULT mode.
2024-07-02 15:38:13.983 [main] INFO  o.s.d.r.c.RepositoryConfigurationExtensionSupport - Spring Data Redis - Could not safely identify store assignment for repository candidate interface com.project.shopapp.repositories.CategoryRepository; If you want this repository to be a Redis repository, consider annotating your entities with one of these annotations: org.springframework.data.redis.core.RedisHash (preferred), or consider extending one of the following types with your repository: org.springframework.data.keyvalue.repository.KeyValueRepository
2024-07-02 15:38:13.983 [main] INFO  o.s.d.r.c.RepositoryConfigurationExtensionSupport - Spring Data Redis - Could not safely identify store assignment for repository candidate interface com.project.shopapp.repositories.CommentRepository; If you want this repository to be a Redis repository, consider annotating your entities with one of these annotations: org.springframework.data.redis.core.RedisHash (preferred), or consider extending one of the following types with your repository: org.springframework.data.keyvalue.repository.KeyValueRepository
2024-07-02 15:38:13.988 [main] INFO  o.s.d.r.c.RepositoryConfigurationExtensionSupport - Spring Data Redis - Could not safely identify store assignment for repository candidate interface com.project.shopapp.repositories.CouponConditionRepository; If you want this repository to be a Redis repository, consider annotating your entities with one of these annotations: org.springframework.data.redis.core.RedisHash (preferred), or consider extending one of the following types with your repository: org.springframework.data.keyvalue.repository.KeyValueRepository
2024-07-02 15:38:13.988 [main] INFO  o.s.d.r.c.RepositoryConfigurationExtensionSupport - Spring Data Redis - Could not safely identify store assignment for repository candidate interface com.project.shopapp.repositories.CouponRepository; If you want this repository to be a Redis repository, consider annotating your entities with one of these annotations: org.springframework.data.redis.core.RedisHash (preferred), or consider extending one of the following types with your repository: org.springframework.data.keyvalue.repository.KeyValueRepository
2024-07-02 15:38:13.988 [main] INFO  o.s.d.r.c.RepositoryConfigurationExtensionSupport - Spring Data Redis - Could not safely identify store assignment for repository candidate interface com.project.shopapp.repositories.FavoriteRepository; If you want this repository to be a Redis repository, consider annotating your entities with one of these annotations: org.springframework.data.redis.core.RedisHash (preferred), or consider extending one of the following types with your repository: org.springframework.data.keyvalue.repository.KeyValueRepository
2024-07-02 15:38:13.988 [main] INFO  o.s.d.r.c.RepositoryConfigurationExtensionSupport - Spring Data Redis - Could not safely identify store assignment for repository candidate interface com.project.shopapp.repositories.OrderDetailRepository; If you want this repository to be a Redis repository, consider annotating your entities with one of these annotations: org.springframework.data.redis.core.RedisHash (preferred), or consider extending one of the following types with your repository: org.springframework.data.keyvalue.repository.KeyValueRepository
2024-07-02 15:38:13.988 [main] INFO  o.s.d.r.c.RepositoryConfigurationExtensionSupport - Spring Data Redis - Could not safely identify store assignment for repository candidate interface com.project.shopapp.repositories.OrderRepository; If you want this repository to be a Redis repository, consider annotating your entities with one of these annotations: org.springframework.data.redis.core.RedisHash (preferred), or consider extending one of the following types with your repository: org.springframework.data.keyvalue.repository.KeyValueRepository
2024-07-02 15:38:13.989 [main] INFO  o.s.d.r.c.RepositoryConfigurationExtensionSupport - Spring Data Redis - Could not safely identify store assignment for repository candidate interface com.project.shopapp.repositories.ProductImageRepository; If you want this repository to be a Redis repository, consider annotating your entities with one of these annotations: org.springframework.data.redis.core.RedisHash (preferred), or consider extending one of the following types with your repository: org.springframework.data.keyvalue.repository.KeyValueRepository
2024-07-02 15:38:13.989 [main] INFO  o.s.d.r.c.RepositoryConfigurationExtensionSupport - Spring Data Redis - Could not safely identify store assignment for repository candidate interface com.project.shopapp.repositories.ProductRepository; If you want this repository to be a Redis repository, consider annotating your entities with one of these annotations: org.springframework.data.redis.core.RedisHash (preferred), or consider extending one of the following types with your repository: org.springframework.data.keyvalue.repository.KeyValueRepository
2024-07-02 15:38:13.989 [main] INFO  o.s.d.r.c.RepositoryConfigurationExtensionSupport - Spring Data Redis - Could not safely identify store assignment for repository candidate interface com.project.shopapp.repositories.RoleRepository; If you want this repository to be a Redis repository, consider annotating your entities with one of these annotations: org.springframework.data.redis.core.RedisHash (preferred), or consider extending one of the following types with your repository: org.springframework.data.keyvalue.repository.KeyValueRepository
2024-07-02 15:38:13.989 [main] INFO  o.s.d.r.c.RepositoryConfigurationExtensionSupport - Spring Data Redis - Could not safely identify store assignment for repository candidate interface com.project.shopapp.repositories.TokenRepository; If you want this repository to be a Redis repository, consider annotating your entities with one of these annotations: org.springframework.data.redis.core.RedisHash (preferred), or consider extending one of the following types with your repository: org.springframework.data.keyvalue.repository.KeyValueRepository
2024-07-02 15:38:13.989 [main] INFO  o.s.d.r.c.RepositoryConfigurationExtensionSupport - Spring Data Redis - Could not safely identify store assignment for repository candidate interface com.project.shopapp.repositories.UserRepository; If you want this repository to be a Redis repository, consider annotating your entities with one of these annotations: org.springframework.data.redis.core.RedisHash (preferred), or consider extending one of the following types with your repository: org.springframework.data.keyvalue.repository.KeyValueRepository
2024-07-02 15:38:13.989 [main] INFO  o.s.d.r.c.RepositoryConfigurationDelegate - Finished Spring Data repository scanning in 30 ms. Found 0 Redis repository interfaces.
2024-07-02 15:38:15.083 [main] INFO  o.s.b.w.e.tomcat.TomcatWebServer - Tomcat initialized with port 8088 (http)
2024-07-02 15:38:15.093 [main] INFO  o.a.coyote.http11.Http11NioProtocol - Initializing ProtocolHandler ["http-nio-8088"]
2024-07-02 15:38:15.093 [main] INFO  o.a.catalina.core.StandardService - Starting service [Tomcat]
2024-07-02 15:38:15.093 [main] INFO  o.a.catalina.core.StandardEngine - Starting Servlet engine: [Apache Tomcat/10.1.24]
2024-07-02 15:38:15.173 [main] INFO  o.a.c.c.C.[Tomcat].[localhost].[/] - Initializing Spring embedded WebApplicationContext
2024-07-02 15:38:15.173 [main] INFO  o.s.b.w.s.c.ServletWebServerApplicationContext - Root WebApplicationContext: initialization completed in 2846 ms
2024-07-02 15:38:15.849 [main] INFO  org.flywaydb.core.FlywayExecutor - Database: jdbc:mysql://localhost:3307/ShopApp (MySQL 8.2)
2024-07-02 15:38:15.862 [main] WARN  o.f.c.i.database.base.Database - Flyway upgrade recommended: MySQL 8.2 is newer than this version of Flyway and support has not been tested. The latest supported version of MySQL is 8.1.
2024-07-02 15:38:15.906 [main] INFO  o.f.core.internal.command.DbValidate - Successfully validated 5 migrations (execution time 00:00.034s)
2024-07-02 15:38:15.927 [main] INFO  o.f.core.internal.command.DbMigrate - Current version of schema `ShopApp`: 5
2024-07-02 15:38:15.931 [main] INFO  o.f.core.internal.command.DbMigrate - Schema `ShopApp` is up to date. No migration necessary.
2024-07-02 15:38:16.064 [main] INFO  o.h.jpa.internal.util.LogHelper - HHH000204: Processing PersistenceUnitInfo [name: default]
2024-07-02 15:38:16.123 [main] INFO  org.hibernate.Version - HHH000412: Hibernate ORM core version 6.5.2.Final
2024-07-02 15:38:16.163 [main] INFO  o.h.c.i.RegionFactoryInitiator - HHH000026: Second-level cache disabled
2024-07-02 15:38:16.475 [main] INFO  o.s.o.j.p.SpringPersistenceUnitInfo - No LoadTimeWeaver setup: ignoring JPA class transformer
2024-07-02 15:38:16.983 [main] INFO  c.p.s.configurations.RedisConfig - redisHost = localhost, redisPort = 6379
2024-07-02 15:38:18.105 [main] INFO  o.h.e.t.j.p.i.JtaPlatformInitiator - HHH000489: No JTA platform available (set 'hibernate.transaction.jta.platform' to enable JTA platform integration)
2024-07-02 15:38:18.105 [main] INFO  o.s.o.j.LocalContainerEntityManagerFactoryBean - Initialized JPA EntityManagerFactory for persistence unit 'default'
2024-07-02 15:38:18.415 [main] INFO  o.s.d.j.r.query.QueryEnhancerFactory - Hibernate is in classpath; If applicable, HQL parser will be used.
2024-07-02 15:38:19.783 [main] INFO  o.s.b.a.e.web.EndpointLinksResolver - Exposing 2 endpoints beneath base path '/api/v1/actuator'
2024-07-02 15:38:19.863 [main] WARN  o.s.b.a.o.j.JpaBaseConfiguration$JpaWebConfiguration - spring.jpa.open-in-view is enabled by default. Therefore, database queries may be performed during view rendering. Explicitly configure spring.jpa.open-in-view to disable this warning
2024-07-02 15:38:20.526 [main] INFO  o.s.s.c.a.a.c.InitializeAuthenticationProviderBeanManagerConfigurer$InitializeAuthenticationProviderManagerConfigurer - Global AuthenticationManager configured with AuthenticationProvider bean with name authenticationProvider
2024-07-02 15:38:20.527 [main] WARN  o.s.s.c.a.a.c.InitializeUserDetailsBeanManagerConfigurer$InitializeUserDetailsManagerConfigurer - Global AuthenticationManager configured with an AuthenticationProvider bean. UserDetailsService beans will not be used for username/password login. Consider removing the AuthenticationProvider bean. Alternatively, consider using the UserDetailsService in a manually instantiated DaoAuthenticationProvider.
2024-07-02 15:38:20.974 [main] INFO  o.s.s.web.DefaultSecurityFilterChain - Will secure Or [Mvc [pattern='EndpointRequestMatcher includes=[*], excludes=[], includeLinks=true']] with [org.springframework.security.web.session.DisableEncodeUrlFilter@6861e61a, org.springframework.security.web.context.request.async.WebAsyncManagerIntegrationFilter@76bfd311, org.springframework.security.web.context.SecurityContextHolderFilter@74aa2842, org.springframework.security.web.header.HeaderWriterFilter@31b280af, org.springframework.web.filter.CorsFilter@3e127718, org.springframework.security.web.authentication.logout.LogoutFilter@67196a65, org.springframework.security.oauth2.client.web.OAuth2AuthorizationRequestRedirectFilter@7adb3688, org.springframework.security.oauth2.client.web.OAuth2LoginAuthenticationFilter@2b35e309, com.project.shopapp.filters.JwtTokenFilter@132e0e20, org.springframework.security.oauth2.server.resource.web.authentication.BearerTokenAuthenticationFilter@fdc3482, org.springframework.security.web.savedrequest.RequestCacheAwareFilter@5b0fad3d, org.springframework.security.web.servletapi.SecurityContextHolderAwareRequestFilter@569c80e5, org.springframework.security.web.authentication.AnonymousAuthenticationFilter@599293c8, org.springframework.security.web.session.SessionManagementFilter@24309836, org.springframework.security.web.access.ExceptionTranslationFilter@189d3670, org.springframework.security.web.access.intercept.AuthorizationFilter@5a3e14bf]
2024-07-02 15:38:20.993 [main] WARN  o.s.s.c.a.web.builders.WebSecurity - 

********************************************************************
**********        Security debugging is enabled.       *************
**********    This may include sensitive information.  *************
**********      Do not use in a production system!     *************
********************************************************************


2024-07-02 15:38:22.053 [main] INFO  o.a.k.c.admin.AdminClientConfig - AdminClientConfig values: 
	auto.include.jmx.reporter = true
	bootstrap.controllers = []
	bootstrap.servers = [localhost:9092]
	client.dns.lookup = use_all_dns_ips
	client.id = 
	connections.max.idle.ms = 300000
	default.api.timeout.ms = 60000
	enable.metrics.push = true
	metadata.max.age.ms = 300000
	metric.reporters = []
	metrics.num.samples = 2
	metrics.recording.level = INFO
	metrics.sample.window.ms = 30000
	receive.buffer.bytes = 65536
	reconnect.backoff.max.ms = 1000
	reconnect.backoff.ms = 50
	request.timeout.ms = 30000
	retries = 2147483647
	retry.backoff.max.ms = 1000
	retry.backoff.ms = 100
	sasl.client.callback.handler.class = null
	sasl.jaas.config = null
	sasl.kerberos.kinit.cmd = /usr/bin/kinit
	sasl.kerberos.min.time.before.relogin = 60000
	sasl.kerberos.service.name = null
	sasl.kerberos.ticket.renew.jitter = 0.05
	sasl.kerberos.ticket.renew.window.factor = 0.8
	sasl.login.callback.handler.class = null
	sasl.login.class = null
	sasl.login.connect.timeout.ms = null
	sasl.login.read.timeout.ms = null
	sasl.login.refresh.buffer.seconds = 300
	sasl.login.refresh.min.period.seconds = 60
	sasl.login.refresh.window.factor = 0.8
	sasl.login.refresh.window.jitter = 0.05
	sasl.login.retry.backoff.max.ms = 10000
	sasl.login.retry.backoff.ms = 100
	sasl.mechanism = GSSAPI
	sasl.oauthbearer.clock.skew.seconds = 30
	sasl.oauthbearer.expected.audience = null
	sasl.oauthbearer.expected.issuer = null
	sasl.oauthbearer.jwks.endpoint.refresh.ms = 3600000
	sasl.oauthbearer.jwks.endpoint.retry.backoff.max.ms = 10000
	sasl.oauthbearer.jwks.endpoint.retry.backoff.ms = 100
	sasl.oauthbearer.jwks.endpoint.url = null
	sasl.oauthbearer.scope.claim.name = scope
	sasl.oauthbearer.sub.claim.name = sub
	sasl.oauthbearer.token.endpoint.url = null
	security.protocol = PLAINTEXT
	security.providers = null
	send.buffer.bytes = 131072
	socket.connection.setup.timeout.max.ms = 30000
	socket.connection.setup.timeout.ms = 10000
	ssl.cipher.suites = null
	ssl.enabled.protocols = [TLSv1.2, TLSv1.3]
	ssl.endpoint.identification.algorithm = https
	ssl.engine.factory.class = null
	ssl.key.password = null
	ssl.keymanager.algorithm = SunX509
	ssl.keystore.certificate.chain = null
	ssl.keystore.key = null
	ssl.keystore.location = null
	ssl.keystore.password = null
	ssl.keystore.type = JKS
	ssl.protocol = TLSv1.3
	ssl.provider = null
	ssl.secure.random.implementation = null
	ssl.trustmanager.algorithm = PKIX
	ssl.truststore.certificates = null
	ssl.truststore.location = null
	ssl.truststore.password = null
	ssl.truststore.type = JKS

2024-07-02 15:38:22.203 [main] INFO  o.a.kafka.common.utils.AppInfoParser - Kafka version: 3.7.0
2024-07-02 15:38:22.203 [main] INFO  o.a.kafka.common.utils.AppInfoParser - Kafka commitId: 2ae524ed625438c5
2024-07-02 15:38:22.203 [main] INFO  o.a.kafka.common.utils.AppInfoParser - Kafka startTimeMs: 1719909502203
2024-07-02 15:38:22.815 [kafka-admin-client-thread | adminclient-1] INFO  o.a.kafka.common.utils.AppInfoParser - App info kafka.admin.client for adminclient-1 unregistered
2024-07-02 15:38:22.819 [kafka-admin-client-thread | adminclient-1] INFO  o.a.kafka.common.metrics.Metrics - Metrics scheduler closed
2024-07-02 15:38:22.819 [kafka-admin-client-thread | adminclient-1] INFO  o.a.kafka.common.metrics.Metrics - Closing reporter org.apache.kafka.common.metrics.JmxReporter
2024-07-02 15:38:22.819 [kafka-admin-client-thread | adminclient-1] INFO  o.a.kafka.common.metrics.Metrics - Metrics reporters closed
2024-07-02 15:38:22.823 [main] INFO  o.a.coyote.http11.Http11NioProtocol - Starting ProtocolHandler ["http-nio-8088"]
2024-07-02 15:38:22.831 [main] INFO  o.s.b.w.e.tomcat.TomcatWebServer - Tomcat started on port 8088 (http) with context path '/'
2024-07-02 15:38:22.853 [main] INFO  o.a.k.c.consumer.ConsumerConfig - ConsumerConfig values: 
	allow.auto.create.topics = true
	auto.commit.interval.ms = 5000
	auto.include.jmx.reporter = true
	auto.offset.reset = latest
	bootstrap.servers = [localhost:9092]
	check.crcs = true
	client.dns.lookup = use_all_dns_ips
	client.id = consumer-groupA-1
	client.rack = 
	connections.max.idle.ms = 540000
	default.api.timeout.ms = 60000
	enable.auto.commit = false
	enable.metrics.push = true
	exclude.internal.topics = true
	fetch.max.bytes = 52428800
	fetch.max.wait.ms = 500
	fetch.min.bytes = 1
	group.id = groupA
	group.instance.id = null
	group.protocol = classic
	group.remote.assignor = null
	heartbeat.interval.ms = 3000
	interceptor.classes = []
	internal.leave.group.on.close = true
	internal.throw.on.fetch.stable.offset.unsupported = false
	isolation.level = read_uncommitted
	key.deserializer = class org.apache.kafka.common.serialization.StringDeserializer
	max.partition.fetch.bytes = 1048576
	max.poll.interval.ms = 300000
	max.poll.records = 500
	metadata.max.age.ms = 300000
	metric.reporters = []
	metrics.num.samples = 2
	metrics.recording.level = INFO
	metrics.sample.window.ms = 30000
	partition.assignment.strategy = [class org.apache.kafka.clients.consumer.RangeAssignor, class org.apache.kafka.clients.consumer.CooperativeStickyAssignor]
	receive.buffer.bytes = 65536
	reconnect.backoff.max.ms = 1000
	reconnect.backoff.ms = 50
	request.timeout.ms = 30000
	retry.backoff.max.ms = 1000
	retry.backoff.ms = 100
	sasl.client.callback.handler.class = null
	sasl.jaas.config = null
	sasl.kerberos.kinit.cmd = /usr/bin/kinit
	sasl.kerberos.min.time.before.relogin = 60000
	sasl.kerberos.service.name = null
	sasl.kerberos.ticket.renew.jitter = 0.05
	sasl.kerberos.ticket.renew.window.factor = 0.8
	sasl.login.callback.handler.class = null
	sasl.login.class = null
	sasl.login.connect.timeout.ms = null
	sasl.login.read.timeout.ms = null
	sasl.login.refresh.buffer.seconds = 300
	sasl.login.refresh.min.period.seconds = 60
	sasl.login.refresh.window.factor = 0.8
	sasl.login.refresh.window.jitter = 0.05
	sasl.login.retry.backoff.max.ms = 10000
	sasl.login.retry.backoff.ms = 100
	sasl.mechanism = GSSAPI
	sasl.oauthbearer.clock.skew.seconds = 30
	sasl.oauthbearer.expected.audience = null
	sasl.oauthbearer.expected.issuer = null
	sasl.oauthbearer.jwks.endpoint.refresh.ms = 3600000
	sasl.oauthbearer.jwks.endpoint.retry.backoff.max.ms = 10000
	sasl.oauthbearer.jwks.endpoint.retry.backoff.ms = 100
	sasl.oauthbearer.jwks.endpoint.url = null
	sasl.oauthbearer.scope.claim.name = scope
	sasl.oauthbearer.sub.claim.name = sub
	sasl.oauthbearer.token.endpoint.url = null
	security.protocol = PLAINTEXT
	security.providers = null
	send.buffer.bytes = 131072
	session.timeout.ms = 45000
	socket.connection.setup.timeout.max.ms = 30000
	socket.connection.setup.timeout.ms = 10000
	ssl.cipher.suites = null
	ssl.enabled.protocols = [TLSv1.2, TLSv1.3]
	ssl.endpoint.identification.algorithm = https
	ssl.engine.factory.class = null
	ssl.key.password = null
	ssl.keymanager.algorithm = SunX509
	ssl.keystore.certificate.chain = null
	ssl.keystore.key = null
	ssl.keystore.location = null
	ssl.keystore.password = null
	ssl.keystore.type = JKS
	ssl.protocol = TLSv1.3
	ssl.provider = null
	ssl.secure.random.implementation = null
	ssl.trustmanager.algorithm = PKIX
	ssl.truststore.certificates = null
	ssl.truststore.location = null
	ssl.truststore.password = null
	ssl.truststore.type = JKS
	value.deserializer = class org.apache.kafka.common.serialization.ByteArrayDeserializer

2024-07-02 15:38:22.893 [main] INFO  o.a.k.c.t.i.KafkaMetricsCollector - initializing Kafka metrics collector
2024-07-02 15:38:22.933 [main] INFO  o.a.kafka.common.utils.AppInfoParser - Kafka version: 3.7.0
2024-07-02 15:38:22.933 [main] INFO  o.a.kafka.common.utils.AppInfoParser - Kafka commitId: 2ae524ed625438c5
2024-07-02 15:38:22.933 [main] INFO  o.a.kafka.common.utils.AppInfoParser - Kafka startTimeMs: 1719909502933
2024-07-02 15:38:22.943 [main] INFO  o.a.k.c.c.i.LegacyKafkaConsumer - [Consumer clientId=consumer-groupA-1, groupId=groupA] Subscribed to topic(s): get-all-categories, insert-a-category
2024-07-02 15:38:22.968 [main] INFO  c.project.shopapp.ShopappApplication - Started ShopappApplication in 11.082 seconds (process running for 11.973)
2024-07-02 15:38:22.975 [groupA-0-C-1] INFO  org.apache.kafka.clients.Metadata - [Consumer clientId=consumer-groupA-1, groupId=groupA] Cluster ID: MBeONw8FS5uVGJfFo4KFNA
2024-07-02 15:38:24.424 [groupA-0-C-1] INFO  o.a.k.c.c.i.ConsumerCoordinator - [Consumer clientId=consumer-groupA-1, groupId=groupA] Discovered group coordinator 127.0.0.1:9092 (id: 2147483646 rack: null)
2024-07-02 15:38:24.433 [groupA-0-C-1] INFO  o.a.k.c.c.i.ConsumerCoordinator - [Consumer clientId=consumer-groupA-1, groupId=groupA] (Re-)joining group
2024-07-02 15:38:24.479 [groupA-0-C-1] INFO  o.a.k.c.c.i.ConsumerCoordinator - [Consumer clientId=consumer-groupA-1, groupId=groupA] Request joining group due to: need to re-join with the given member-id: consumer-groupA-1-9814d5e2-e73c-4d4e-afae-da55d1e49b4a
2024-07-02 15:38:24.479 [groupA-0-C-1] INFO  o.a.k.c.c.i.ConsumerCoordinator - [Consumer clientId=consumer-groupA-1, groupId=groupA] (Re-)joining group
2024-07-02 15:38:27.527 [groupA-0-C-1] INFO  o.a.k.c.c.i.ConsumerCoordinator - [Consumer clientId=consumer-groupA-1, groupId=groupA] Successfully joined group with generation Generation{generationId=1, memberId='consumer-groupA-1-9814d5e2-e73c-4d4e-afae-da55d1e49b4a', protocol='range'}
2024-07-02 15:38:27.538 [groupA-0-C-1] INFO  o.a.k.c.c.i.ConsumerCoordinator - [Consumer clientId=consumer-groupA-1, groupId=groupA] Finished assignment for group at generation 1: {consumer-groupA-1-9814d5e2-e73c-4d4e-afae-da55d1e49b4a=Assignment(partitions=[get-all-categories-0, insert-a-category-0])}
2024-07-02 15:38:27.587 [groupA-0-C-1] INFO  o.a.k.c.c.i.ConsumerCoordinator - [Consumer clientId=consumer-groupA-1, groupId=groupA] Successfully synced group in generation Generation{generationId=1, memberId='consumer-groupA-1-9814d5e2-e73c-4d4e-afae-da55d1e49b4a', protocol='range'}
2024-07-02 15:38:27.587 [groupA-0-C-1] INFO  o.a.k.c.c.i.ConsumerCoordinator - [Consumer clientId=consumer-groupA-1, groupId=groupA] Notifying assignor about the new Assignment(partitions=[get-all-categories-0, insert-a-category-0])
2024-07-02 15:38:27.589 [groupA-0-C-1] INFO  o.a.k.c.c.i.ConsumerRebalanceListenerInvoker - [Consumer clientId=consumer-groupA-1, groupId=groupA] Adding newly assigned partitions: get-all-categories-0, insert-a-category-0
2024-07-02 15:38:27.601 [groupA-0-C-1] INFO  o.a.k.c.c.i.ConsumerCoordinator - [Consumer clientId=consumer-groupA-1, groupId=groupA] Found no committed offset for partition insert-a-category-0
2024-07-02 15:38:27.601 [groupA-0-C-1] INFO  o.a.k.c.c.i.ConsumerCoordinator - [Consumer clientId=consumer-groupA-1, groupId=groupA] Found no committed offset for partition get-all-categories-0
2024-07-02 15:38:27.606 [groupA-0-C-1] INFO  o.a.k.c.c.i.ConsumerCoordinator - [Consumer clientId=consumer-groupA-1, groupId=groupA] Found no committed offset for partition insert-a-category-0
2024-07-02 15:38:27.606 [groupA-0-C-1] INFO  o.a.k.c.c.i.ConsumerCoordinator - [Consumer clientId=consumer-groupA-1, groupId=groupA] Found no committed offset for partition get-all-categories-0
2024-07-02 15:38:27.617 [groupA-0-C-1] INFO  o.a.k.c.c.i.SubscriptionState - [Consumer clientId=consumer-groupA-1, groupId=groupA] Resetting offset for partition insert-a-category-0 to position FetchPosition{offset=0, offsetEpoch=Optional.empty, currentLeader=LeaderAndEpoch{leader=Optional[127.0.0.1:9092 (id: 1 rack: null)], epoch=0}}.
2024-07-02 15:38:27.617 [groupA-0-C-1] INFO  o.a.k.c.c.i.SubscriptionState - [Consumer clientId=consumer-groupA-1, groupId=groupA] Resetting offset for partition get-all-categories-0 to position FetchPosition{offset=0, offsetEpoch=Optional.empty, currentLeader=LeaderAndEpoch{leader=Optional[127.0.0.1:9092 (id: 1 rack: null)], epoch=0}}.
2024-07-02 15:38:27.635 [groupA-0-C-1] INFO  o.s.k.l.KafkaMessageListenerContainer - groupA: partitions assigned: [get-all-categories-0, insert-a-category-0]
2024-07-02 15:47:23.349 [groupA-0-C-1] INFO  o.apache.kafka.clients.NetworkClient - [Consumer clientId=consumer-groupA-1, groupId=groupA] Node -1 disconnected.
2024-07-02 15:49:52.994 [http-nio-8088-exec-2] INFO  o.a.c.c.C.[Tomcat].[localhost].[/] - Initializing Spring DispatcherServlet 'dispatcherServlet'
2024-07-02 15:49:52.995 [http-nio-8088-exec-2] INFO  o.s.web.servlet.DispatcherServlet - Initializing Servlet 'dispatcherServlet'
2024-07-02 15:49:52.997 [http-nio-8088-exec-2] INFO  o.s.web.servlet.DispatcherServlet - Completed initialization in 1 ms
2024-07-02 15:49:53.023 [http-nio-8088-exec-2] INFO  Spring Security Debugger - 

************************************************************

Request received for GET '/api/v1/users/auth/social-login?login_type=google':

org.apache.catalina.connector.RequestFacade@6f032924

servletPath:/api/v1/users/auth/social-login
pathInfo:null
headers: 
user-agent: PostmanRuntime/7.39.0
accept: */*
postman-token: c2142833-6eb5-4ac2-8122-8aaadd41a699
host: localhost:8088
accept-encoding: gzip, deflate, br
connection: keep-alive


Security filter chain: no match


************************************************************


2024-07-02 15:49:55.073 [http-nio-8088-exec-2] INFO  c.p.s.c.aspects.PerformanceAspect - Starting execution of socialAuth
2024-07-02 15:49:55.073 [http-nio-8088-exec-2] INFO  c.p.s.c.aspects.UserActivityLogger - User activity started: socialAuth, IP address: 0:0:0:0:0:0:0:1
2024-07-02 15:49:55.101 [http-nio-8088-exec-2] INFO  c.p.s.c.aspects.UserActivityLogger - User activity finished: socialAuth
2024-07-02 15:49:55.101 [http-nio-8088-exec-2] INFO  c.p.s.c.aspects.PerformanceAspect - Finished execution of socialAuth
2024-07-02 15:49:55.102 [http-nio-8088-exec-2] INFO  c.p.s.c.aspects.PerformanceAspect - Execution of socialAuth took 29 ms
2024-07-02 15:50:10.505 [http-nio-8088-exec-3] INFO  Spring Security Debugger - 

************************************************************

Request received for GET '/api/v1/users/auth/social-login?login_type=facebook':

org.apache.catalina.connector.RequestFacade@44dbad93

servletPath:/api/v1/users/auth/social-login
pathInfo:null
headers: 
user-agent: PostmanRuntime/7.39.0
accept: */*
postman-token: 333b1267-b316-432f-8f34-d9fd4375e7e9
host: localhost:8088
accept-encoding: gzip, deflate, br
connection: keep-alive


Security filter chain: no match


************************************************************


2024-07-02 15:50:12.829 [http-nio-8088-exec-3] INFO  c.p.s.c.aspects.PerformanceAspect - Starting execution of socialAuth
2024-07-02 15:50:12.829 [http-nio-8088-exec-3] INFO  c.p.s.c.aspects.UserActivityLogger - User activity started: socialAuth, IP address: 0:0:0:0:0:0:0:1
2024-07-02 15:50:12.832 [http-nio-8088-exec-3] INFO  c.p.s.c.aspects.UserActivityLogger - User activity finished: socialAuth
2024-07-02 15:50:12.833 [http-nio-8088-exec-3] INFO  c.p.s.c.aspects.PerformanceAspect - Finished execution of socialAuth
2024-07-02 15:50:12.833 [http-nio-8088-exec-3] INFO  c.p.s.c.aspects.PerformanceAspect - Execution of socialAuth took 3 ms
2024-07-02 15:57:23.183 [groupA-0-C-1] INFO  o.apache.kafka.clients.NetworkClient - [Consumer clientId=consumer-groupA-1, groupId=groupA] Node -1 disconnected.
2024-07-02 16:20:47.305 [http-nio-8088-exec-6] INFO  Spring Security Debugger - 

************************************************************

Request received for GET '/api/v1/users/auth/google/callback?code=AQAXTjUSTeS9pwYRpwjilC1FusEZwMZyzbxw-HMaqO67kFzhDz6YNHZ9r8uOcNPkcIbT9Ck5OxbSh5_LN0b9KWFdSU0MuiDqoEugvA9PMlkIz6mb8zTovLoFBmhZbzwSr7rWgNbyIfIlKSSqLbN8wgijJOpLLuZ3k_oxstxB5k7ppkFAduKuKT6H5ePaqzuVY0fywRhOUvlhC8SU-CxUdVnGJit9xSg9LhLOAMBy4k5HpM9UqZvXaojWT98wFDP17r8YB1NS5AK0FHNVK_PhDI7aTreNnii8e-_mdXQIQ0QPQg2tkiYqwKExzaDPQZdEWAoaJDEaWrmfUgWoNiq39p00-HGBMZyxzrnI-3zET-H2F6QwZLj3u72ZR47_qU3c2m14elMnwjtn-WkM-B-IDKAM2kknVtQF3ArLqUl44MMJOg%23_=_&login_type=google':

org.apache.catalina.connector.RequestFacade@4564b384

servletPath:/api/v1/users/auth/google/callback
pathInfo:null
headers: 
user-agent: PostmanRuntime/7.39.0
accept: */*
postman-token: 85f2d82f-4058-47e8-ae73-2a6e7633d8de
host: localhost:8088
accept-encoding: gzip, deflate, br
connection: keep-alive


Security filter chain: no match


************************************************************


2024-07-02 16:20:49.794 [http-nio-8088-exec-6] INFO  Spring Security Debugger - 

************************************************************

Request received for GET '/error?code=AQAXTjUSTeS9pwYRpwjilC1FusEZwMZyzbxw-HMaqO67kFzhDz6YNHZ9r8uOcNPkcIbT9Ck5OxbSh5_LN0b9KWFdSU0MuiDqoEugvA9PMlkIz6mb8zTovLoFBmhZbzwSr7rWgNbyIfIlKSSqLbN8wgijJOpLLuZ3k_oxstxB5k7ppkFAduKuKT6H5ePaqzuVY0fywRhOUvlhC8SU-CxUdVnGJit9xSg9LhLOAMBy4k5HpM9UqZvXaojWT98wFDP17r8YB1NS5AK0FHNVK_PhDI7aTreNnii8e-_mdXQIQ0QPQg2tkiYqwKExzaDPQZdEWAoaJDEaWrmfUgWoNiq39p00-HGBMZyxzrnI-3zET-H2F6QwZLj3u72ZR47_qU3c2m14elMnwjtn-WkM-B-IDKAM2kknVtQF3ArLqUl44MMJOg%23_=_&login_type=google':

org.apache.catalina.core.ApplicationHttpRequest@1914ce4d

servletPath:/error
pathInfo:null
headers: 
user-agent: PostmanRuntime/7.39.0
accept: */*
postman-token: 85f2d82f-4058-47e8-ae73-2a6e7633d8de
host: localhost:8088
accept-encoding: gzip, deflate, br
connection: keep-alive


Security filter chain: no match


************************************************************


2024-07-02 16:21:17.247 [http-nio-8088-exec-8] INFO  Spring Security Debugger - 

************************************************************

Request received for GET '/api/v1/users/auth/social/callback?code=AQAXTjUSTeS9pwYRpwjilC1FusEZwMZyzbxw-HMaqO67kFzhDz6YNHZ9r8uOcNPkcIbT9Ck5OxbSh5_LN0b9KWFdSU0MuiDqoEugvA9PMlkIz6mb8zTovLoFBmhZbzwSr7rWgNbyIfIlKSSqLbN8wgijJOpLLuZ3k_oxstxB5k7ppkFAduKuKT6H5ePaqzuVY0fywRhOUvlhC8SU-CxUdVnGJit9xSg9LhLOAMBy4k5HpM9UqZvXaojWT98wFDP17r8YB1NS5AK0FHNVK_PhDI7aTreNnii8e-_mdXQIQ0QPQg2tkiYqwKExzaDPQZdEWAoaJDEaWrmfUgWoNiq39p00-HGBMZyxzrnI-3zET-H2F6QwZLj3u72ZR47_qU3c2m14elMnwjtn-WkM-B-IDKAM2kknVtQF3ArLqUl44MMJOg%23_=_&login_type=google':

org.apache.catalina.connector.RequestFacade@4d949956

servletPath:/api/v1/users/auth/social/callback
pathInfo:null
headers: 
user-agent: PostmanRuntime/7.39.0
accept: */*
postman-token: 868c2848-880c-4050-921e-992212689077
host: localhost:8088
accept-encoding: gzip, deflate, br
connection: keep-alive


Security filter chain: no match


************************************************************


2024-07-02 16:21:21.536 [http-nio-8088-exec-8] INFO  Spring Security Debugger - 

************************************************************

Request received for GET '/error?code=AQAXTjUSTeS9pwYRpwjilC1FusEZwMZyzbxw-HMaqO67kFzhDz6YNHZ9r8uOcNPkcIbT9Ck5OxbSh5_LN0b9KWFdSU0MuiDqoEugvA9PMlkIz6mb8zTovLoFBmhZbzwSr7rWgNbyIfIlKSSqLbN8wgijJOpLLuZ3k_oxstxB5k7ppkFAduKuKT6H5ePaqzuVY0fywRhOUvlhC8SU-CxUdVnGJit9xSg9LhLOAMBy4k5HpM9UqZvXaojWT98wFDP17r8YB1NS5AK0FHNVK_PhDI7aTreNnii8e-_mdXQIQ0QPQg2tkiYqwKExzaDPQZdEWAoaJDEaWrmfUgWoNiq39p00-HGBMZyxzrnI-3zET-H2F6QwZLj3u72ZR47_qU3c2m14elMnwjtn-WkM-B-IDKAM2kknVtQF3ArLqUl44MMJOg%23_=_&login_type=google':

org.apache.catalina.core.ApplicationHttpRequest@476cf226

servletPath:/error
pathInfo:null
headers: 
user-agent: PostmanRuntime/7.39.0
accept: */*
postman-token: 868c2848-880c-4050-921e-992212689077
host: localhost:8088
accept-encoding: gzip, deflate, br
connection: keep-alive


Security filter chain: no match


************************************************************


2024-07-02 16:24:48.367 [groupA-0-C-1] INFO  o.a.k.c.c.i.ConsumerRebalanceListenerInvoker - [Consumer clientId=consumer-groupA-1, groupId=groupA] Revoke previously assigned partitions get-all-categories-0, insert-a-category-0
2024-07-02 16:24:48.367 [groupA-0-C-1] INFO  o.s.k.l.KafkaMessageListenerContainer - groupA: partitions revoked: [get-all-categories-0, insert-a-category-0]
2024-07-02 16:24:48.367 [groupA-0-C-1] INFO  o.a.k.c.c.i.ConsumerCoordinator - [Consumer clientId=consumer-groupA-1, groupId=groupA] Member consumer-groupA-1-9814d5e2-e73c-4d4e-afae-da55d1e49b4a sending LeaveGroup request to coordinator 127.0.0.1:9092 (id: 2147483646 rack: null) due to the consumer unsubscribed from all topics
2024-07-02 16:24:48.374 [groupA-0-C-1] INFO  o.a.k.c.c.i.ConsumerCoordinator - [Consumer clientId=consumer-groupA-1, groupId=groupA] Resetting generation and member id due to: consumer pro-actively leaving the group
2024-07-02 16:24:48.374 [groupA-0-C-1] INFO  o.a.k.c.c.i.ConsumerCoordinator - [Consumer clientId=consumer-groupA-1, groupId=groupA] Request joining group due to: consumer pro-actively leaving the group
2024-07-02 16:24:48.374 [groupA-0-C-1] INFO  o.a.k.c.c.i.LegacyKafkaConsumer - [Consumer clientId=consumer-groupA-1, groupId=groupA] Unsubscribed all topics or patterns and assigned partitions
2024-07-02 16:24:48.376 [groupA-0-C-1] INFO  o.a.k.c.c.i.ConsumerCoordinator - [Consumer clientId=consumer-groupA-1, groupId=groupA] Resetting generation and member id due to: consumer pro-actively leaving the group
2024-07-02 16:24:48.376 [groupA-0-C-1] INFO  o.a.k.c.c.i.ConsumerCoordinator - [Consumer clientId=consumer-groupA-1, groupId=groupA] Request joining group due to: consumer pro-actively leaving the group
2024-07-02 16:24:53.622 [background-preinit] INFO  o.h.validator.internal.util.Version - HV000001: Hibernate Validator 8.0.1.Final
2024-07-02 16:24:53.657 [main] INFO  c.project.shopapp.ShopappApplication - Starting ShopappApplication using Java 21.0.3 with PID 10300 (C:\code\udemy\ShopApp\shopapp-backend\target\classes started by nguye in C:\code\udemy\ShopApp\shopapp-backend)
2024-07-02 16:24:53.662 [main] INFO  c.project.shopapp.ShopappApplication - No active profile set, falling back to 1 default profile: "default"
2024-07-02 16:24:54.650 [main] INFO  o.s.d.r.c.RepositoryConfigurationDelegate - Multiple Spring Data modules found, entering strict repository configuration mode
2024-07-02 16:24:54.650 [main] INFO  o.s.d.r.c.RepositoryConfigurationDelegate - Bootstrapping Spring Data JPA repositories in DEFAULT mode.
2024-07-02 16:24:54.800 [main] INFO  o.s.d.r.c.RepositoryConfigurationDelegate - Finished Spring Data repository scanning in 140 ms. Found 12 JPA repository interfaces.
2024-07-02 16:24:55.303 [main] INFO  o.s.d.r.c.RepositoryConfigurationDelegate - Multiple Spring Data modules found, entering strict repository configuration mode
2024-07-02 16:24:55.303 [main] INFO  o.s.d.r.c.RepositoryConfigurationDelegate - Bootstrapping Spring Data Redis repositories in DEFAULT mode.
2024-07-02 16:24:55.347 [main] INFO  o.s.d.r.c.RepositoryConfigurationExtensionSupport - Spring Data Redis - Could not safely identify store assignment for repository candidate interface com.project.shopapp.repositories.CategoryRepository; If you want this repository to be a Redis repository, consider annotating your entities with one of these annotations: org.springframework.data.redis.core.RedisHash (preferred), or consider extending one of the following types with your repository: org.springframework.data.keyvalue.repository.KeyValueRepository
2024-07-02 16:24:55.347 [main] INFO  o.s.d.r.c.RepositoryConfigurationExtensionSupport - Spring Data Redis - Could not safely identify store assignment for repository candidate interface com.project.shopapp.repositories.CommentRepository; If you want this repository to be a Redis repository, consider annotating your entities with one of these annotations: org.springframework.data.redis.core.RedisHash (preferred), or consider extending one of the following types with your repository: org.springframework.data.keyvalue.repository.KeyValueRepository
2024-07-02 16:24:55.347 [main] INFO  o.s.d.r.c.RepositoryConfigurationExtensionSupport - Spring Data Redis - Could not safely identify store assignment for repository candidate interface com.project.shopapp.repositories.CouponConditionRepository; If you want this repository to be a Redis repository, consider annotating your entities with one of these annotations: org.springframework.data.redis.core.RedisHash (preferred), or consider extending one of the following types with your repository: org.springframework.data.keyvalue.repository.KeyValueRepository
2024-07-02 16:24:55.347 [main] INFO  o.s.d.r.c.RepositoryConfigurationExtensionSupport - Spring Data Redis - Could not safely identify store assignment for repository candidate interface com.project.shopapp.repositories.CouponRepository; If you want this repository to be a Redis repository, consider annotating your entities with one of these annotations: org.springframework.data.redis.core.RedisHash (preferred), or consider extending one of the following types with your repository: org.springframework.data.keyvalue.repository.KeyValueRepository
2024-07-02 16:24:55.347 [main] INFO  o.s.d.r.c.RepositoryConfigurationExtensionSupport - Spring Data Redis - Could not safely identify store assignment for repository candidate interface com.project.shopapp.repositories.FavoriteRepository; If you want this repository to be a Redis repository, consider annotating your entities with one of these annotations: org.springframework.data.redis.core.RedisHash (preferred), or consider extending one of the following types with your repository: org.springframework.data.keyvalue.repository.KeyValueRepository
2024-07-02 16:24:55.347 [main] INFO  o.s.d.r.c.RepositoryConfigurationExtensionSupport - Spring Data Redis - Could not safely identify store assignment for repository candidate interface com.project.shopapp.repositories.OrderDetailRepository; If you want this repository to be a Redis repository, consider annotating your entities with one of these annotations: org.springframework.data.redis.core.RedisHash (preferred), or consider extending one of the following types with your repository: org.springframework.data.keyvalue.repository.KeyValueRepository
2024-07-02 16:24:55.347 [main] INFO  o.s.d.r.c.RepositoryConfigurationExtensionSupport - Spring Data Redis - Could not safely identify store assignment for repository candidate interface com.project.shopapp.repositories.OrderRepository; If you want this repository to be a Redis repository, consider annotating your entities with one of these annotations: org.springframework.data.redis.core.RedisHash (preferred), or consider extending one of the following types with your repository: org.springframework.data.keyvalue.repository.KeyValueRepository
2024-07-02 16:24:55.347 [main] INFO  o.s.d.r.c.RepositoryConfigurationExtensionSupport - Spring Data Redis - Could not safely identify store assignment for repository candidate interface com.project.shopapp.repositories.ProductImageRepository; If you want this repository to be a Redis repository, consider annotating your entities with one of these annotations: org.springframework.data.redis.core.RedisHash (preferred), or consider extending one of the following types with your repository: org.springframework.data.keyvalue.repository.KeyValueRepository
2024-07-02 16:24:55.351 [main] INFO  o.s.d.r.c.RepositoryConfigurationExtensionSupport - Spring Data Redis - Could not safely identify store assignment for repository candidate interface com.project.shopapp.repositories.ProductRepository; If you want this repository to be a Redis repository, consider annotating your entities with one of these annotations: org.springframework.data.redis.core.RedisHash (preferred), or consider extending one of the following types with your repository: org.springframework.data.keyvalue.repository.KeyValueRepository
2024-07-02 16:24:55.351 [main] INFO  o.s.d.r.c.RepositoryConfigurationExtensionSupport - Spring Data Redis - Could not safely identify store assignment for repository candidate interface com.project.shopapp.repositories.RoleRepository; If you want this repository to be a Redis repository, consider annotating your entities with one of these annotations: org.springframework.data.redis.core.RedisHash (preferred), or consider extending one of the following types with your repository: org.springframework.data.keyvalue.repository.KeyValueRepository
2024-07-02 16:24:55.351 [main] INFO  o.s.d.r.c.RepositoryConfigurationExtensionSupport - Spring Data Redis - Could not safely identify store assignment for repository candidate interface com.project.shopapp.repositories.TokenRepository; If you want this repository to be a Redis repository, consider annotating your entities with one of these annotations: org.springframework.data.redis.core.RedisHash (preferred), or consider extending one of the following types with your repository: org.springframework.data.keyvalue.repository.KeyValueRepository
2024-07-02 16:24:55.351 [main] INFO  o.s.d.r.c.RepositoryConfigurationExtensionSupport - Spring Data Redis - Could not safely identify store assignment for repository candidate interface com.project.shopapp.repositories.UserRepository; If you want this repository to be a Redis repository, consider annotating your entities with one of these annotations: org.springframework.data.redis.core.RedisHash (preferred), or consider extending one of the following types with your repository: org.springframework.data.keyvalue.repository.KeyValueRepository
2024-07-02 16:24:55.351 [main] INFO  o.s.d.r.c.RepositoryConfigurationDelegate - Finished Spring Data repository scanning in 37 ms. Found 0 Redis repository interfaces.
2024-07-02 16:24:56.492 [main] INFO  o.s.b.w.e.tomcat.TomcatWebServer - Tomcat initialized with port 8088 (http)
2024-07-02 16:24:56.507 [main] INFO  o.a.coyote.http11.Http11NioProtocol - Initializing ProtocolHandler ["http-nio-8088"]
2024-07-02 16:24:56.507 [main] INFO  o.a.catalina.core.StandardService - Starting service [Tomcat]
2024-07-02 16:24:56.512 [main] INFO  o.a.catalina.core.StandardEngine - Starting Servlet engine: [Apache Tomcat/10.1.24]
2024-07-02 16:24:56.592 [main] INFO  o.a.c.c.C.[Tomcat].[localhost].[/] - Initializing Spring embedded WebApplicationContext
2024-07-02 16:24:56.592 [main] INFO  o.s.b.w.s.c.ServletWebServerApplicationContext - Root WebApplicationContext: initialization completed in 2885 ms
2024-07-02 16:24:57.265 [main] INFO  org.flywaydb.core.FlywayExecutor - Database: jdbc:mysql://localhost:3307/ShopApp (MySQL 8.2)
2024-07-02 16:24:57.285 [main] WARN  o.f.c.i.database.base.Database - Flyway upgrade recommended: MySQL 8.2 is newer than this version of Flyway and support has not been tested. The latest supported version of MySQL is 8.1.
2024-07-02 16:24:57.341 [main] INFO  o.f.core.internal.command.DbValidate - Successfully validated 5 migrations (execution time 00:00.045s)
2024-07-02 16:24:57.367 [main] INFO  o.f.core.internal.command.DbMigrate - Current version of schema `ShopApp`: 5
2024-07-02 16:24:57.372 [main] INFO  o.f.core.internal.command.DbMigrate - Schema `ShopApp` is up to date. No migration necessary.
2024-07-02 16:24:57.517 [main] INFO  o.h.jpa.internal.util.LogHelper - HHH000204: Processing PersistenceUnitInfo [name: default]
2024-07-02 16:24:57.582 [main] INFO  org.hibernate.Version - HHH000412: Hibernate ORM core version 6.5.2.Final
2024-07-02 16:24:57.627 [main] INFO  o.h.c.i.RegionFactoryInitiator - HHH000026: Second-level cache disabled
2024-07-02 16:24:57.950 [main] INFO  o.s.o.j.p.SpringPersistenceUnitInfo - No LoadTimeWeaver setup: ignoring JPA class transformer
2024-07-02 16:24:58.430 [main] INFO  c.p.s.configurations.RedisConfig - redisHost = localhost, redisPort = 6379
2024-07-02 16:24:59.689 [main] INFO  o.h.e.t.j.p.i.JtaPlatformInitiator - HHH000489: No JTA platform available (set 'hibernate.transaction.jta.platform' to enable JTA platform integration)
2024-07-02 16:24:59.693 [main] INFO  o.s.o.j.LocalContainerEntityManagerFactoryBean - Initialized JPA EntityManagerFactory for persistence unit 'default'
2024-07-02 16:24:59.987 [main] INFO  o.s.d.j.r.query.QueryEnhancerFactory - Hibernate is in classpath; If applicable, HQL parser will be used.
2024-07-02 16:25:01.315 [main] INFO  o.s.b.a.e.web.EndpointLinksResolver - Exposing 2 endpoints beneath base path '/api/v1/actuator'
2024-07-02 16:25:01.407 [main] WARN  o.s.b.a.o.j.JpaBaseConfiguration$JpaWebConfiguration - spring.jpa.open-in-view is enabled by default. Therefore, database queries may be performed during view rendering. Explicitly configure spring.jpa.open-in-view to disable this warning
2024-07-02 16:25:02.082 [main] INFO  o.s.s.c.a.a.c.InitializeAuthenticationProviderBeanManagerConfigurer$InitializeAuthenticationProviderManagerConfigurer - Global AuthenticationManager configured with AuthenticationProvider bean with name authenticationProvider
2024-07-02 16:25:02.088 [main] WARN  o.s.s.c.a.a.c.InitializeUserDetailsBeanManagerConfigurer$InitializeUserDetailsManagerConfigurer - Global AuthenticationManager configured with an AuthenticationProvider bean. UserDetailsService beans will not be used for username/password login. Consider removing the AuthenticationProvider bean. Alternatively, consider using the UserDetailsService in a manually instantiated DaoAuthenticationProvider.
2024-07-02 16:25:02.577 [main] INFO  o.s.s.web.DefaultSecurityFilterChain - Will secure Or [Mvc [pattern='EndpointRequestMatcher includes=[*], excludes=[], includeLinks=true']] with [org.springframework.security.web.session.DisableEncodeUrlFilter@57dd604b, org.springframework.security.web.context.request.async.WebAsyncManagerIntegrationFilter@1c1d14d6, org.springframework.security.web.context.SecurityContextHolderFilter@26825fbb, org.springframework.security.web.header.HeaderWriterFilter@327a3968, org.springframework.web.filter.CorsFilter@e8c973, org.springframework.security.web.authentication.logout.LogoutFilter@3611cae8, org.springframework.security.oauth2.client.web.OAuth2AuthorizationRequestRedirectFilter@41833609, org.springframework.security.oauth2.client.web.OAuth2LoginAuthenticationFilter@2c80d2e0, com.project.shopapp.filters.JwtTokenFilter@6f056fdf, org.springframework.security.oauth2.server.resource.web.authentication.BearerTokenAuthenticationFilter@260287a7, org.springframework.security.web.savedrequest.RequestCacheAwareFilter@9afefea, org.springframework.security.web.servletapi.SecurityContextHolderAwareRequestFilter@7ba9104f, org.springframework.security.web.authentication.AnonymousAuthenticationFilter@7314e66f, org.springframework.security.web.session.SessionManagementFilter@cda805a, org.springframework.security.web.access.ExceptionTranslationFilter@532f5c5d, org.springframework.security.web.access.intercept.AuthorizationFilter@6a907765]
2024-07-02 16:25:02.612 [main] WARN  o.s.s.c.a.web.builders.WebSecurity - 

********************************************************************
**********        Security debugging is enabled.       *************
**********    This may include sensitive information.  *************
**********      Do not use in a production system!     *************
********************************************************************


2024-07-02 16:25:03.832 [main] INFO  o.a.k.c.admin.AdminClientConfig - AdminClientConfig values: 
	auto.include.jmx.reporter = true
	bootstrap.controllers = []
	bootstrap.servers = [localhost:9092]
	client.dns.lookup = use_all_dns_ips
	client.id = 
	connections.max.idle.ms = 300000
	default.api.timeout.ms = 60000
	enable.metrics.push = true
	metadata.max.age.ms = 300000
	metric.reporters = []
	metrics.num.samples = 2
	metrics.recording.level = INFO
	metrics.sample.window.ms = 30000
	receive.buffer.bytes = 65536
	reconnect.backoff.max.ms = 1000
	reconnect.backoff.ms = 50
	request.timeout.ms = 30000
	retries = 2147483647
	retry.backoff.max.ms = 1000
	retry.backoff.ms = 100
	sasl.client.callback.handler.class = null
	sasl.jaas.config = null
	sasl.kerberos.kinit.cmd = /usr/bin/kinit
	sasl.kerberos.min.time.before.relogin = 60000
	sasl.kerberos.service.name = null
	sasl.kerberos.ticket.renew.jitter = 0.05
	sasl.kerberos.ticket.renew.window.factor = 0.8
	sasl.login.callback.handler.class = null
	sasl.login.class = null
	sasl.login.connect.timeout.ms = null
	sasl.login.read.timeout.ms = null
	sasl.login.refresh.buffer.seconds = 300
	sasl.login.refresh.min.period.seconds = 60
	sasl.login.refresh.window.factor = 0.8
	sasl.login.refresh.window.jitter = 0.05
	sasl.login.retry.backoff.max.ms = 10000
	sasl.login.retry.backoff.ms = 100
	sasl.mechanism = GSSAPI
	sasl.oauthbearer.clock.skew.seconds = 30
	sasl.oauthbearer.expected.audience = null
	sasl.oauthbearer.expected.issuer = null
	sasl.oauthbearer.jwks.endpoint.refresh.ms = 3600000
	sasl.oauthbearer.jwks.endpoint.retry.backoff.max.ms = 10000
	sasl.oauthbearer.jwks.endpoint.retry.backoff.ms = 100
	sasl.oauthbearer.jwks.endpoint.url = null
	sasl.oauthbearer.scope.claim.name = scope
	sasl.oauthbearer.sub.claim.name = sub
	sasl.oauthbearer.token.endpoint.url = null
	security.protocol = PLAINTEXT
	security.providers = null
	send.buffer.bytes = 131072
	socket.connection.setup.timeout.max.ms = 30000
	socket.connection.setup.timeout.ms = 10000
	ssl.cipher.suites = null
	ssl.enabled.protocols = [TLSv1.2, TLSv1.3]
	ssl.endpoint.identification.algorithm = https
	ssl.engine.factory.class = null
	ssl.key.password = null
	ssl.keymanager.algorithm = SunX509
	ssl.keystore.certificate.chain = null
	ssl.keystore.key = null
	ssl.keystore.location = null
	ssl.keystore.password = null
	ssl.keystore.type = JKS
	ssl.protocol = TLSv1.3
	ssl.provider = null
	ssl.secure.random.implementation = null
	ssl.trustmanager.algorithm = PKIX
	ssl.truststore.certificates = null
	ssl.truststore.location = null
	ssl.truststore.password = null
	ssl.truststore.type = JKS

2024-07-02 16:25:03.957 [main] INFO  o.a.kafka.common.utils.AppInfoParser - Kafka version: 3.7.0
2024-07-02 16:25:03.957 [main] INFO  o.a.kafka.common.utils.AppInfoParser - Kafka commitId: 2ae524ed625438c5
2024-07-02 16:25:03.957 [main] INFO  o.a.kafka.common.utils.AppInfoParser - Kafka startTimeMs: 1719912303957
2024-07-02 16:25:04.293 [kafka-admin-client-thread | adminclient-1] INFO  o.a.kafka.common.utils.AppInfoParser - App info kafka.admin.client for adminclient-1 unregistered
2024-07-02 16:25:04.297 [kafka-admin-client-thread | adminclient-1] INFO  o.a.kafka.common.metrics.Metrics - Metrics scheduler closed
2024-07-02 16:25:04.298 [kafka-admin-client-thread | adminclient-1] INFO  o.a.kafka.common.metrics.Metrics - Closing reporter org.apache.kafka.common.metrics.JmxReporter
2024-07-02 16:25:04.298 [kafka-admin-client-thread | adminclient-1] INFO  o.a.kafka.common.metrics.Metrics - Metrics reporters closed
2024-07-02 16:25:04.299 [main] INFO  o.a.coyote.http11.Http11NioProtocol - Starting ProtocolHandler ["http-nio-8088"]
2024-07-02 16:25:04.307 [main] INFO  o.s.b.w.e.tomcat.TomcatWebServer - Tomcat started on port 8088 (http) with context path '/'
2024-07-02 16:25:04.338 [main] INFO  o.a.k.c.consumer.ConsumerConfig - ConsumerConfig values: 
	allow.auto.create.topics = true
	auto.commit.interval.ms = 5000
	auto.include.jmx.reporter = true
	auto.offset.reset = latest
	bootstrap.servers = [localhost:9092]
	check.crcs = true
	client.dns.lookup = use_all_dns_ips
	client.id = consumer-groupA-1
	client.rack = 
	connections.max.idle.ms = 540000
	default.api.timeout.ms = 60000
	enable.auto.commit = false
	enable.metrics.push = true
	exclude.internal.topics = true
	fetch.max.bytes = 52428800
	fetch.max.wait.ms = 500
	fetch.min.bytes = 1
	group.id = groupA
	group.instance.id = null
	group.protocol = classic
	group.remote.assignor = null
	heartbeat.interval.ms = 3000
	interceptor.classes = []
	internal.leave.group.on.close = true
	internal.throw.on.fetch.stable.offset.unsupported = false
	isolation.level = read_uncommitted
	key.deserializer = class org.apache.kafka.common.serialization.StringDeserializer
	max.partition.fetch.bytes = 1048576
	max.poll.interval.ms = 300000
	max.poll.records = 500
	metadata.max.age.ms = 300000
	metric.reporters = []
	metrics.num.samples = 2
	metrics.recording.level = INFO
	metrics.sample.window.ms = 30000
	partition.assignment.strategy = [class org.apache.kafka.clients.consumer.RangeAssignor, class org.apache.kafka.clients.consumer.CooperativeStickyAssignor]
	receive.buffer.bytes = 65536
	reconnect.backoff.max.ms = 1000
	reconnect.backoff.ms = 50
	request.timeout.ms = 30000
	retry.backoff.max.ms = 1000
	retry.backoff.ms = 100
	sasl.client.callback.handler.class = null
	sasl.jaas.config = null
	sasl.kerberos.kinit.cmd = /usr/bin/kinit
	sasl.kerberos.min.time.before.relogin = 60000
	sasl.kerberos.service.name = null
	sasl.kerberos.ticket.renew.jitter = 0.05
	sasl.kerberos.ticket.renew.window.factor = 0.8
	sasl.login.callback.handler.class = null
	sasl.login.class = null
	sasl.login.connect.timeout.ms = null
	sasl.login.read.timeout.ms = null
	sasl.login.refresh.buffer.seconds = 300
	sasl.login.refresh.min.period.seconds = 60
	sasl.login.refresh.window.factor = 0.8
	sasl.login.refresh.window.jitter = 0.05
	sasl.login.retry.backoff.max.ms = 10000
	sasl.login.retry.backoff.ms = 100
	sasl.mechanism = GSSAPI
	sasl.oauthbearer.clock.skew.seconds = 30
	sasl.oauthbearer.expected.audience = null
	sasl.oauthbearer.expected.issuer = null
	sasl.oauthbearer.jwks.endpoint.refresh.ms = 3600000
	sasl.oauthbearer.jwks.endpoint.retry.backoff.max.ms = 10000
	sasl.oauthbearer.jwks.endpoint.retry.backoff.ms = 100
	sasl.oauthbearer.jwks.endpoint.url = null
	sasl.oauthbearer.scope.claim.name = scope
	sasl.oauthbearer.sub.claim.name = sub
	sasl.oauthbearer.token.endpoint.url = null
	security.protocol = PLAINTEXT
	security.providers = null
	send.buffer.bytes = 131072
	session.timeout.ms = 45000
	socket.connection.setup.timeout.max.ms = 30000
	socket.connection.setup.timeout.ms = 10000
	ssl.cipher.suites = null
	ssl.enabled.protocols = [TLSv1.2, TLSv1.3]
	ssl.endpoint.identification.algorithm = https
	ssl.engine.factory.class = null
	ssl.key.password = null
	ssl.keymanager.algorithm = SunX509
	ssl.keystore.certificate.chain = null
	ssl.keystore.key = null
	ssl.keystore.location = null
	ssl.keystore.password = null
	ssl.keystore.type = JKS
	ssl.protocol = TLSv1.3
	ssl.provider = null
	ssl.secure.random.implementation = null
	ssl.trustmanager.algorithm = PKIX
	ssl.truststore.certificates = null
	ssl.truststore.location = null
	ssl.truststore.password = null
	ssl.truststore.type = JKS
	value.deserializer = class org.apache.kafka.common.serialization.ByteArrayDeserializer

2024-07-02 16:25:04.367 [main] INFO  o.a.k.c.t.i.KafkaMetricsCollector - initializing Kafka metrics collector
2024-07-02 16:25:04.408 [main] INFO  o.a.kafka.common.utils.AppInfoParser - Kafka version: 3.7.0
2024-07-02 16:25:04.408 [main] INFO  o.a.kafka.common.utils.AppInfoParser - Kafka commitId: 2ae524ed625438c5
2024-07-02 16:25:04.408 [main] INFO  o.a.kafka.common.utils.AppInfoParser - Kafka startTimeMs: 1719912304408
2024-07-02 16:25:04.424 [main] INFO  o.a.k.c.c.i.LegacyKafkaConsumer - [Consumer clientId=consumer-groupA-1, groupId=groupA] Subscribed to topic(s): get-all-categories, insert-a-category
2024-07-02 16:25:04.447 [groupA-0-C-1] INFO  org.apache.kafka.clients.Metadata - [Consumer clientId=consumer-groupA-1, groupId=groupA] Cluster ID: MBeONw8FS5uVGJfFo4KFNA
2024-07-02 16:25:04.448 [groupA-0-C-1] INFO  o.a.k.c.c.i.ConsumerCoordinator - [Consumer clientId=consumer-groupA-1, groupId=groupA] Discovered group coordinator 127.0.0.1:9092 (id: 2147483646 rack: null)
2024-07-02 16:25:04.448 [main] INFO  c.project.shopapp.ShopappApplication - Started ShopappApplication in 11.181 seconds (process running for 12.007)
2024-07-02 16:25:04.451 [groupA-0-C-1] INFO  o.a.k.c.c.i.ConsumerCoordinator - [Consumer clientId=consumer-groupA-1, groupId=groupA] (Re-)joining group
2024-07-02 16:25:04.468 [groupA-0-C-1] INFO  o.a.k.c.c.i.ConsumerCoordinator - [Consumer clientId=consumer-groupA-1, groupId=groupA] Request joining group due to: need to re-join with the given member-id: consumer-groupA-1-54a69f06-48e5-4d74-80c8-b416daf63666
2024-07-02 16:25:04.468 [groupA-0-C-1] INFO  o.a.k.c.c.i.ConsumerCoordinator - [Consumer clientId=consumer-groupA-1, groupId=groupA] (Re-)joining group
2024-07-02 16:25:07.474 [groupA-0-C-1] INFO  o.a.k.c.c.i.ConsumerCoordinator - [Consumer clientId=consumer-groupA-1, groupId=groupA] Successfully joined group with generation Generation{generationId=3, memberId='consumer-groupA-1-54a69f06-48e5-4d74-80c8-b416daf63666', protocol='range'}
2024-07-02 16:25:07.487 [groupA-0-C-1] INFO  o.a.k.c.c.i.ConsumerCoordinator - [Consumer clientId=consumer-groupA-1, groupId=groupA] Finished assignment for group at generation 3: {consumer-groupA-1-54a69f06-48e5-4d74-80c8-b416daf63666=Assignment(partitions=[get-all-categories-0, insert-a-category-0])}
2024-07-02 16:25:07.500 [groupA-0-C-1] INFO  o.a.k.c.c.i.ConsumerCoordinator - [Consumer clientId=consumer-groupA-1, groupId=groupA] Successfully synced group in generation Generation{generationId=3, memberId='consumer-groupA-1-54a69f06-48e5-4d74-80c8-b416daf63666', protocol='range'}
2024-07-02 16:25:07.501 [groupA-0-C-1] INFO  o.a.k.c.c.i.ConsumerCoordinator - [Consumer clientId=consumer-groupA-1, groupId=groupA] Notifying assignor about the new Assignment(partitions=[get-all-categories-0, insert-a-category-0])
2024-07-02 16:25:07.506 [groupA-0-C-1] INFO  o.a.k.c.c.i.ConsumerRebalanceListenerInvoker - [Consumer clientId=consumer-groupA-1, groupId=groupA] Adding newly assigned partitions: get-all-categories-0, insert-a-category-0
2024-07-02 16:25:07.520 [groupA-0-C-1] INFO  o.a.k.c.c.internals.ConsumerUtils - Setting offset for partition get-all-categories-0 to the committed offset FetchPosition{offset=0, offsetEpoch=Optional.empty, currentLeader=LeaderAndEpoch{leader=Optional[127.0.0.1:9092 (id: 1 rack: null)], epoch=0}}
2024-07-02 16:25:07.520 [groupA-0-C-1] INFO  o.a.k.c.c.internals.ConsumerUtils - Setting offset for partition insert-a-category-0 to the committed offset FetchPosition{offset=0, offsetEpoch=Optional.empty, currentLeader=LeaderAndEpoch{leader=Optional[127.0.0.1:9092 (id: 1 rack: null)], epoch=0}}
2024-07-02 16:25:07.521 [groupA-0-C-1] INFO  o.s.k.l.KafkaMessageListenerContainer - groupA: partitions assigned: [get-all-categories-0, insert-a-category-0]
2024-07-02 16:34:04.863 [groupA-0-C-1] INFO  o.apache.kafka.clients.NetworkClient - [Consumer clientId=consumer-groupA-1, groupId=groupA] Node -1 disconnected.
2024-07-02 16:35:37.354 [groupA-0-C-1] INFO  o.a.k.c.c.i.ConsumerRebalanceListenerInvoker - [Consumer clientId=consumer-groupA-1, groupId=groupA] Revoke previously assigned partitions get-all-categories-0, insert-a-category-0
2024-07-02 16:35:37.355 [groupA-0-C-1] INFO  o.s.k.l.KafkaMessageListenerContainer - groupA: partitions revoked: [get-all-categories-0, insert-a-category-0]
2024-07-02 16:35:37.355 [groupA-0-C-1] INFO  o.a.k.c.c.i.ConsumerCoordinator - [Consumer clientId=consumer-groupA-1, groupId=groupA] Member consumer-groupA-1-54a69f06-48e5-4d74-80c8-b416daf63666 sending LeaveGroup request to coordinator 127.0.0.1:9092 (id: 2147483646 rack: null) due to the consumer unsubscribed from all topics
2024-07-02 16:35:37.356 [groupA-0-C-1] INFO  o.a.k.c.c.i.ConsumerCoordinator - [Consumer clientId=consumer-groupA-1, groupId=groupA] Resetting generation and member id due to: consumer pro-actively leaving the group
2024-07-02 16:35:37.356 [groupA-0-C-1] INFO  o.a.k.c.c.i.ConsumerCoordinator - [Consumer clientId=consumer-groupA-1, groupId=groupA] Request joining group due to: consumer pro-actively leaving the group
2024-07-02 16:35:37.356 [groupA-0-C-1] INFO  o.a.k.c.c.i.LegacyKafkaConsumer - [Consumer clientId=consumer-groupA-1, groupId=groupA] Unsubscribed all topics or patterns and assigned partitions
2024-07-02 16:35:37.358 [groupA-0-C-1] INFO  o.a.k.c.c.i.ConsumerCoordinator - [Consumer clientId=consumer-groupA-1, groupId=groupA] Resetting generation and member id due to: consumer pro-actively leaving the group
2024-07-02 16:35:37.358 [groupA-0-C-1] INFO  o.a.k.c.c.i.ConsumerCoordinator - [Consumer clientId=consumer-groupA-1, groupId=groupA] Request joining group due to: consumer pro-actively leaving the group
2024-07-02 16:35:37.592 [groupA-0-C-1] INFO  o.a.kafka.common.metrics.Metrics - Metrics scheduler closed
2024-07-02 16:35:37.592 [groupA-0-C-1] INFO  o.a.kafka.common.metrics.Metrics - Closing reporter org.apache.kafka.common.metrics.JmxReporter
2024-07-02 16:35:37.592 [groupA-0-C-1] INFO  o.a.kafka.common.metrics.Metrics - Closing reporter org.apache.kafka.common.telemetry.internals.ClientTelemetryReporter
2024-07-02 16:35:37.592 [groupA-0-C-1] INFO  o.a.kafka.common.metrics.Metrics - Metrics reporters closed
2024-07-02 16:35:37.600 [groupA-0-C-1] INFO  o.a.kafka.common.utils.AppInfoParser - App info kafka.consumer for consumer-groupA-1 unregistered
2024-07-02 16:35:37.601 [groupA-0-C-1] INFO  o.s.k.l.KafkaMessageListenerContainer - groupA: Consumer stopped
2024-07-02 16:35:37.741 [SpringApplicationShutdownHook] INFO  o.s.o.j.LocalContainerEntityManagerFactoryBean - Closing JPA EntityManagerFactory for persistence unit 'default'
2024-07-02 16:35:45.347 [background-preinit] INFO  o.h.validator.internal.util.Version - HV000001: Hibernate Validator 8.0.1.Final
2024-07-02 16:35:45.391 [main] INFO  c.project.shopapp.ShopappApplication - Starting ShopappApplication using Java 21.0.3 with PID 14044 (C:\code\udemy\ShopApp\shopapp-backend\target\classes started by nguye in C:\code\udemy\ShopApp\shopapp-backend)
2024-07-02 16:35:45.391 [main] INFO  c.project.shopapp.ShopappApplication - No active profile set, falling back to 1 default profile: "default"
2024-07-02 16:35:46.571 [main] INFO  o.s.d.r.c.RepositoryConfigurationDelegate - Multiple Spring Data modules found, entering strict repository configuration mode
2024-07-02 16:35:46.571 [main] INFO  o.s.d.r.c.RepositoryConfigurationDelegate - Bootstrapping Spring Data JPA repositories in DEFAULT mode.
2024-07-02 16:35:46.721 [main] INFO  o.s.d.r.c.RepositoryConfigurationDelegate - Finished Spring Data repository scanning in 143 ms. Found 12 JPA repository interfaces.
2024-07-02 16:35:47.301 [main] INFO  o.s.d.r.c.RepositoryConfigurationDelegate - Multiple Spring Data modules found, entering strict repository configuration mode
2024-07-02 16:35:47.301 [main] INFO  o.s.d.r.c.RepositoryConfigurationDelegate - Bootstrapping Spring Data Redis repositories in DEFAULT mode.
2024-07-02 16:35:47.346 [main] INFO  o.s.d.r.c.RepositoryConfigurationExtensionSupport - Spring Data Redis - Could not safely identify store assignment for repository candidate interface com.project.shopapp.repositories.CategoryRepository; If you want this repository to be a Redis repository, consider annotating your entities with one of these annotations: org.springframework.data.redis.core.RedisHash (preferred), or consider extending one of the following types with your repository: org.springframework.data.keyvalue.repository.KeyValueRepository
2024-07-02 16:35:47.347 [main] INFO  o.s.d.r.c.RepositoryConfigurationExtensionSupport - Spring Data Redis - Could not safely identify store assignment for repository candidate interface com.project.shopapp.repositories.CommentRepository; If you want this repository to be a Redis repository, consider annotating your entities with one of these annotations: org.springframework.data.redis.core.RedisHash (preferred), or consider extending one of the following types with your repository: org.springframework.data.keyvalue.repository.KeyValueRepository
2024-07-02 16:35:47.347 [main] INFO  o.s.d.r.c.RepositoryConfigurationExtensionSupport - Spring Data Redis - Could not safely identify store assignment for repository candidate interface com.project.shopapp.repositories.CouponConditionRepository; If you want this repository to be a Redis repository, consider annotating your entities with one of these annotations: org.springframework.data.redis.core.RedisHash (preferred), or consider extending one of the following types with your repository: org.springframework.data.keyvalue.repository.KeyValueRepository
2024-07-02 16:35:47.347 [main] INFO  o.s.d.r.c.RepositoryConfigurationExtensionSupport - Spring Data Redis - Could not safely identify store assignment for repository candidate interface com.project.shopapp.repositories.CouponRepository; If you want this repository to be a Redis repository, consider annotating your entities with one of these annotations: org.springframework.data.redis.core.RedisHash (preferred), or consider extending one of the following types with your repository: org.springframework.data.keyvalue.repository.KeyValueRepository
2024-07-02 16:35:47.347 [main] INFO  o.s.d.r.c.RepositoryConfigurationExtensionSupport - Spring Data Redis - Could not safely identify store assignment for repository candidate interface com.project.shopapp.repositories.FavoriteRepository; If you want this repository to be a Redis repository, consider annotating your entities with one of these annotations: org.springframework.data.redis.core.RedisHash (preferred), or consider extending one of the following types with your repository: org.springframework.data.keyvalue.repository.KeyValueRepository
2024-07-02 16:35:47.347 [main] INFO  o.s.d.r.c.RepositoryConfigurationExtensionSupport - Spring Data Redis - Could not safely identify store assignment for repository candidate interface com.project.shopapp.repositories.OrderDetailRepository; If you want this repository to be a Redis repository, consider annotating your entities with one of these annotations: org.springframework.data.redis.core.RedisHash (preferred), or consider extending one of the following types with your repository: org.springframework.data.keyvalue.repository.KeyValueRepository
2024-07-02 16:35:47.347 [main] INFO  o.s.d.r.c.RepositoryConfigurationExtensionSupport - Spring Data Redis - Could not safely identify store assignment for repository candidate interface com.project.shopapp.repositories.OrderRepository; If you want this repository to be a Redis repository, consider annotating your entities with one of these annotations: org.springframework.data.redis.core.RedisHash (preferred), or consider extending one of the following types with your repository: org.springframework.data.keyvalue.repository.KeyValueRepository
2024-07-02 16:35:47.347 [main] INFO  o.s.d.r.c.RepositoryConfigurationExtensionSupport - Spring Data Redis - Could not safely identify store assignment for repository candidate interface com.project.shopapp.repositories.ProductImageRepository; If you want this repository to be a Redis repository, consider annotating your entities with one of these annotations: org.springframework.data.redis.core.RedisHash (preferred), or consider extending one of the following types with your repository: org.springframework.data.keyvalue.repository.KeyValueRepository
2024-07-02 16:35:47.347 [main] INFO  o.s.d.r.c.RepositoryConfigurationExtensionSupport - Spring Data Redis - Could not safely identify store assignment for repository candidate interface com.project.shopapp.repositories.ProductRepository; If you want this repository to be a Redis repository, consider annotating your entities with one of these annotations: org.springframework.data.redis.core.RedisHash (preferred), or consider extending one of the following types with your repository: org.springframework.data.keyvalue.repository.KeyValueRepository
2024-07-02 16:35:47.347 [main] INFO  o.s.d.r.c.RepositoryConfigurationExtensionSupport - Spring Data Redis - Could not safely identify store assignment for repository candidate interface com.project.shopapp.repositories.RoleRepository; If you want this repository to be a Redis repository, consider annotating your entities with one of these annotations: org.springframework.data.redis.core.RedisHash (preferred), or consider extending one of the following types with your repository: org.springframework.data.keyvalue.repository.KeyValueRepository
2024-07-02 16:35:47.347 [main] INFO  o.s.d.r.c.RepositoryConfigurationExtensionSupport - Spring Data Redis - Could not safely identify store assignment for repository candidate interface com.project.shopapp.repositories.TokenRepository; If you want this repository to be a Redis repository, consider annotating your entities with one of these annotations: org.springframework.data.redis.core.RedisHash (preferred), or consider extending one of the following types with your repository: org.springframework.data.keyvalue.repository.KeyValueRepository
2024-07-02 16:35:47.347 [main] INFO  o.s.d.r.c.RepositoryConfigurationExtensionSupport - Spring Data Redis - Could not safely identify store assignment for repository candidate interface com.project.shopapp.repositories.UserRepository; If you want this repository to be a Redis repository, consider annotating your entities with one of these annotations: org.springframework.data.redis.core.RedisHash (preferred), or consider extending one of the following types with your repository: org.springframework.data.keyvalue.repository.KeyValueRepository
2024-07-02 16:35:47.351 [main] INFO  o.s.d.r.c.RepositoryConfigurationDelegate - Finished Spring Data repository scanning in 38 ms. Found 0 Redis repository interfaces.
2024-07-02 16:35:48.583 [main] INFO  o.s.b.w.e.tomcat.TomcatWebServer - Tomcat initialized with port 8088 (http)
2024-07-02 16:35:48.599 [main] INFO  o.a.coyote.http11.Http11NioProtocol - Initializing ProtocolHandler ["http-nio-8088"]
2024-07-02 16:35:48.601 [main] INFO  o.a.catalina.core.StandardService - Starting service [Tomcat]
2024-07-02 16:35:48.601 [main] INFO  o.a.catalina.core.StandardEngine - Starting Servlet engine: [Apache Tomcat/10.1.24]
2024-07-02 16:35:48.696 [main] INFO  o.a.c.c.C.[Tomcat].[localhost].[/] - Initializing Spring embedded WebApplicationContext
2024-07-02 16:35:48.696 [main] INFO  o.s.b.w.s.c.ServletWebServerApplicationContext - Root WebApplicationContext: initialization completed in 3245 ms
2024-07-02 16:35:49.496 [main] INFO  org.flywaydb.core.FlywayExecutor - Database: jdbc:mysql://localhost:3307/ShopApp (MySQL 8.2)
2024-07-02 16:35:49.518 [main] WARN  o.f.c.i.database.base.Database - Flyway upgrade recommended: MySQL 8.2 is newer than this version of Flyway and support has not been tested. The latest supported version of MySQL is 8.1.
2024-07-02 16:35:49.575 [main] INFO  o.f.core.internal.command.DbValidate - Successfully validated 5 migrations (execution time 00:00.045s)
2024-07-02 16:35:49.607 [main] INFO  o.f.core.internal.command.DbMigrate - Current version of schema `ShopApp`: 5
2024-07-02 16:35:49.612 [main] INFO  o.f.core.internal.command.DbMigrate - Schema `ShopApp` is up to date. No migration necessary.
2024-07-02 16:35:49.766 [main] INFO  o.h.jpa.internal.util.LogHelper - HHH000204: Processing PersistenceUnitInfo [name: default]
2024-07-02 16:35:49.841 [main] INFO  org.hibernate.Version - HHH000412: Hibernate ORM core version 6.5.2.Final
2024-07-02 16:35:49.889 [main] INFO  o.h.c.i.RegionFactoryInitiator - HHH000026: Second-level cache disabled
2024-07-02 16:35:50.256 [main] INFO  o.s.o.j.p.SpringPersistenceUnitInfo - No LoadTimeWeaver setup: ignoring JPA class transformer
2024-07-02 16:35:50.801 [main] INFO  c.p.s.configurations.RedisConfig - redisHost = localhost, redisPort = 6379
2024-07-02 16:35:51.991 [main] INFO  o.h.e.t.j.p.i.JtaPlatformInitiator - HHH000489: No JTA platform available (set 'hibernate.transaction.jta.platform' to enable JTA platform integration)
2024-07-02 16:35:51.991 [main] INFO  o.s.o.j.LocalContainerEntityManagerFactoryBean - Initialized JPA EntityManagerFactory for persistence unit 'default'
2024-07-02 16:35:52.375 [main] INFO  o.s.d.j.r.query.QueryEnhancerFactory - Hibernate is in classpath; If applicable, HQL parser will be used.
2024-07-02 16:35:53.704 [main] INFO  o.s.b.a.e.web.EndpointLinksResolver - Exposing 2 endpoints beneath base path '/api/v1/actuator'
2024-07-02 16:35:53.781 [main] WARN  o.s.b.a.o.j.JpaBaseConfiguration$JpaWebConfiguration - spring.jpa.open-in-view is enabled by default. Therefore, database queries may be performed during view rendering. Explicitly configure spring.jpa.open-in-view to disable this warning
2024-07-02 16:35:54.566 [main] INFO  o.s.s.c.a.a.c.InitializeAuthenticationProviderBeanManagerConfigurer$InitializeAuthenticationProviderManagerConfigurer - Global AuthenticationManager configured with AuthenticationProvider bean with name authenticationProvider
2024-07-02 16:35:54.571 [main] WARN  o.s.s.c.a.a.c.InitializeUserDetailsBeanManagerConfigurer$InitializeUserDetailsManagerConfigurer - Global AuthenticationManager configured with an AuthenticationProvider bean. UserDetailsService beans will not be used for username/password login. Consider removing the AuthenticationProvider bean. Alternatively, consider using the UserDetailsService in a manually instantiated DaoAuthenticationProvider.
2024-07-02 16:35:55.036 [main] INFO  o.s.s.web.DefaultSecurityFilterChain - Will secure Or [Mvc [pattern='EndpointRequestMatcher includes=[*], excludes=[], includeLinks=true']] with [org.springframework.security.web.session.DisableEncodeUrlFilter@6ceb831, org.springframework.security.web.context.request.async.WebAsyncManagerIntegrationFilter@57dd604b, org.springframework.security.web.context.SecurityContextHolderFilter@55de7b8d, org.springframework.security.web.header.HeaderWriterFilter@4dd1d767, org.springframework.web.filter.CorsFilter@1c1d14d6, org.springframework.security.web.authentication.logout.LogoutFilter@6b45907f, org.springframework.security.oauth2.client.web.OAuth2AuthorizationRequestRedirectFilter@50208b01, org.springframework.security.oauth2.client.web.OAuth2LoginAuthenticationFilter@163d83db, com.project.shopapp.filters.JwtTokenFilter@64f5cec8, org.springframework.security.oauth2.server.resource.web.authentication.BearerTokenAuthenticationFilter@45fffd2c, org.springframework.security.web.savedrequest.RequestCacheAwareFilter@6cd3410f, org.springframework.security.web.servletapi.SecurityContextHolderAwareRequestFilter@64acc538, org.springframework.security.web.authentication.AnonymousAuthenticationFilter@e8c973, org.springframework.security.web.session.SessionManagementFilter@48cd97f1, org.springframework.security.web.access.ExceptionTranslationFilter@59aba9b3, org.springframework.security.web.access.intercept.AuthorizationFilter@2d607072]
2024-07-02 16:35:55.072 [main] WARN  o.s.s.c.a.web.builders.WebSecurity - 

********************************************************************
**********        Security debugging is enabled.       *************
**********    This may include sensitive information.  *************
**********      Do not use in a production system!     *************
********************************************************************


2024-07-02 16:35:56.154 [main] INFO  o.a.k.c.admin.AdminClientConfig - AdminClientConfig values: 
	auto.include.jmx.reporter = true
	bootstrap.controllers = []
	bootstrap.servers = [localhost:9092]
	client.dns.lookup = use_all_dns_ips
	client.id = 
	connections.max.idle.ms = 300000
	default.api.timeout.ms = 60000
	enable.metrics.push = true
	metadata.max.age.ms = 300000
	metric.reporters = []
	metrics.num.samples = 2
	metrics.recording.level = INFO
	metrics.sample.window.ms = 30000
	receive.buffer.bytes = 65536
	reconnect.backoff.max.ms = 1000
	reconnect.backoff.ms = 50
	request.timeout.ms = 30000
	retries = 2147483647
	retry.backoff.max.ms = 1000
	retry.backoff.ms = 100
	sasl.client.callback.handler.class = null
	sasl.jaas.config = null
	sasl.kerberos.kinit.cmd = /usr/bin/kinit
	sasl.kerberos.min.time.before.relogin = 60000
	sasl.kerberos.service.name = null
	sasl.kerberos.ticket.renew.jitter = 0.05
	sasl.kerberos.ticket.renew.window.factor = 0.8
	sasl.login.callback.handler.class = null
	sasl.login.class = null
	sasl.login.connect.timeout.ms = null
	sasl.login.read.timeout.ms = null
	sasl.login.refresh.buffer.seconds = 300
	sasl.login.refresh.min.period.seconds = 60
	sasl.login.refresh.window.factor = 0.8
	sasl.login.refresh.window.jitter = 0.05
	sasl.login.retry.backoff.max.ms = 10000
	sasl.login.retry.backoff.ms = 100
	sasl.mechanism = GSSAPI
	sasl.oauthbearer.clock.skew.seconds = 30
	sasl.oauthbearer.expected.audience = null
	sasl.oauthbearer.expected.issuer = null
	sasl.oauthbearer.jwks.endpoint.refresh.ms = 3600000
	sasl.oauthbearer.jwks.endpoint.retry.backoff.max.ms = 10000
	sasl.oauthbearer.jwks.endpoint.retry.backoff.ms = 100
	sasl.oauthbearer.jwks.endpoint.url = null
	sasl.oauthbearer.scope.claim.name = scope
	sasl.oauthbearer.sub.claim.name = sub
	sasl.oauthbearer.token.endpoint.url = null
	security.protocol = PLAINTEXT
	security.providers = null
	send.buffer.bytes = 131072
	socket.connection.setup.timeout.max.ms = 30000
	socket.connection.setup.timeout.ms = 10000
	ssl.cipher.suites = null
	ssl.enabled.protocols = [TLSv1.2, TLSv1.3]
	ssl.endpoint.identification.algorithm = https
	ssl.engine.factory.class = null
	ssl.key.password = null
	ssl.keymanager.algorithm = SunX509
	ssl.keystore.certificate.chain = null
	ssl.keystore.key = null
	ssl.keystore.location = null
	ssl.keystore.password = null
	ssl.keystore.type = JKS
	ssl.protocol = TLSv1.3
	ssl.provider = null
	ssl.secure.random.implementation = null
	ssl.trustmanager.algorithm = PKIX
	ssl.truststore.certificates = null
	ssl.truststore.location = null
	ssl.truststore.password = null
	ssl.truststore.type = JKS

2024-07-02 16:35:56.281 [main] INFO  o.a.kafka.common.utils.AppInfoParser - Kafka version: 3.7.0
2024-07-02 16:35:56.281 [main] INFO  o.a.kafka.common.utils.AppInfoParser - Kafka commitId: 2ae524ed625438c5
2024-07-02 16:35:56.281 [main] INFO  o.a.kafka.common.utils.AppInfoParser - Kafka startTimeMs: 1719912956281
2024-07-02 16:35:56.585 [kafka-admin-client-thread | adminclient-1] INFO  o.a.kafka.common.utils.AppInfoParser - App info kafka.admin.client for adminclient-1 unregistered
2024-07-02 16:35:56.589 [kafka-admin-client-thread | adminclient-1] INFO  o.a.kafka.common.metrics.Metrics - Metrics scheduler closed
2024-07-02 16:35:56.590 [kafka-admin-client-thread | adminclient-1] INFO  o.a.kafka.common.metrics.Metrics - Closing reporter org.apache.kafka.common.metrics.JmxReporter
2024-07-02 16:35:56.590 [kafka-admin-client-thread | adminclient-1] INFO  o.a.kafka.common.metrics.Metrics - Metrics reporters closed
2024-07-02 16:35:56.595 [main] INFO  o.a.coyote.http11.Http11NioProtocol - Starting ProtocolHandler ["http-nio-8088"]
2024-07-02 16:35:56.601 [main] INFO  o.s.b.w.e.tomcat.TomcatWebServer - Tomcat started on port 8088 (http) with context path '/'
2024-07-02 16:35:56.621 [main] INFO  o.a.k.c.consumer.ConsumerConfig - ConsumerConfig values: 
	allow.auto.create.topics = true
	auto.commit.interval.ms = 5000
	auto.include.jmx.reporter = true
	auto.offset.reset = latest
	bootstrap.servers = [localhost:9092]
	check.crcs = true
	client.dns.lookup = use_all_dns_ips
	client.id = consumer-groupA-1
	client.rack = 
	connections.max.idle.ms = 540000
	default.api.timeout.ms = 60000
	enable.auto.commit = false
	enable.metrics.push = true
	exclude.internal.topics = true
	fetch.max.bytes = 52428800
	fetch.max.wait.ms = 500
	fetch.min.bytes = 1
	group.id = groupA
	group.instance.id = null
	group.protocol = classic
	group.remote.assignor = null
	heartbeat.interval.ms = 3000
	interceptor.classes = []
	internal.leave.group.on.close = true
	internal.throw.on.fetch.stable.offset.unsupported = false
	isolation.level = read_uncommitted
	key.deserializer = class org.apache.kafka.common.serialization.StringDeserializer
	max.partition.fetch.bytes = 1048576
	max.poll.interval.ms = 300000
	max.poll.records = 500
	metadata.max.age.ms = 300000
	metric.reporters = []
	metrics.num.samples = 2
	metrics.recording.level = INFO
	metrics.sample.window.ms = 30000
	partition.assignment.strategy = [class org.apache.kafka.clients.consumer.RangeAssignor, class org.apache.kafka.clients.consumer.CooperativeStickyAssignor]
	receive.buffer.bytes = 65536
	reconnect.backoff.max.ms = 1000
	reconnect.backoff.ms = 50
	request.timeout.ms = 30000
	retry.backoff.max.ms = 1000
	retry.backoff.ms = 100
	sasl.client.callback.handler.class = null
	sasl.jaas.config = null
	sasl.kerberos.kinit.cmd = /usr/bin/kinit
	sasl.kerberos.min.time.before.relogin = 60000
	sasl.kerberos.service.name = null
	sasl.kerberos.ticket.renew.jitter = 0.05
	sasl.kerberos.ticket.renew.window.factor = 0.8
	sasl.login.callback.handler.class = null
	sasl.login.class = null
	sasl.login.connect.timeout.ms = null
	sasl.login.read.timeout.ms = null
	sasl.login.refresh.buffer.seconds = 300
	sasl.login.refresh.min.period.seconds = 60
	sasl.login.refresh.window.factor = 0.8
	sasl.login.refresh.window.jitter = 0.05
	sasl.login.retry.backoff.max.ms = 10000
	sasl.login.retry.backoff.ms = 100
	sasl.mechanism = GSSAPI
	sasl.oauthbearer.clock.skew.seconds = 30
	sasl.oauthbearer.expected.audience = null
	sasl.oauthbearer.expected.issuer = null
	sasl.oauthbearer.jwks.endpoint.refresh.ms = 3600000
	sasl.oauthbearer.jwks.endpoint.retry.backoff.max.ms = 10000
	sasl.oauthbearer.jwks.endpoint.retry.backoff.ms = 100
	sasl.oauthbearer.jwks.endpoint.url = null
	sasl.oauthbearer.scope.claim.name = scope
	sasl.oauthbearer.sub.claim.name = sub
	sasl.oauthbearer.token.endpoint.url = null
	security.protocol = PLAINTEXT
	security.providers = null
	send.buffer.bytes = 131072
	session.timeout.ms = 45000
	socket.connection.setup.timeout.max.ms = 30000
	socket.connection.setup.timeout.ms = 10000
	ssl.cipher.suites = null
	ssl.enabled.protocols = [TLSv1.2, TLSv1.3]
	ssl.endpoint.identification.algorithm = https
	ssl.engine.factory.class = null
	ssl.key.password = null
	ssl.keymanager.algorithm = SunX509
	ssl.keystore.certificate.chain = null
	ssl.keystore.key = null
	ssl.keystore.location = null
	ssl.keystore.password = null
	ssl.keystore.type = JKS
	ssl.protocol = TLSv1.3
	ssl.provider = null
	ssl.secure.random.implementation = null
	ssl.trustmanager.algorithm = PKIX
	ssl.truststore.certificates = null
	ssl.truststore.location = null
	ssl.truststore.password = null
	ssl.truststore.type = JKS
	value.deserializer = class org.apache.kafka.common.serialization.ByteArrayDeserializer

2024-07-02 16:35:56.655 [main] INFO  o.a.k.c.t.i.KafkaMetricsCollector - initializing Kafka metrics collector
2024-07-02 16:35:56.696 [main] INFO  o.a.kafka.common.utils.AppInfoParser - Kafka version: 3.7.0
2024-07-02 16:35:56.696 [main] INFO  o.a.kafka.common.utils.AppInfoParser - Kafka commitId: 2ae524ed625438c5
2024-07-02 16:35:56.696 [main] INFO  o.a.kafka.common.utils.AppInfoParser - Kafka startTimeMs: 1719912956696
2024-07-02 16:35:56.701 [main] INFO  o.a.k.c.c.i.LegacyKafkaConsumer - [Consumer clientId=consumer-groupA-1, groupId=groupA] Subscribed to topic(s): get-all-categories, insert-a-category
2024-07-02 16:35:56.728 [groupA-0-C-1] INFO  org.apache.kafka.clients.Metadata - [Consumer clientId=consumer-groupA-1, groupId=groupA] Cluster ID: MBeONw8FS5uVGJfFo4KFNA
2024-07-02 16:35:56.730 [groupA-0-C-1] INFO  o.a.k.c.c.i.ConsumerCoordinator - [Consumer clientId=consumer-groupA-1, groupId=groupA] Discovered group coordinator 127.0.0.1:9092 (id: 2147483646 rack: null)
2024-07-02 16:35:56.730 [main] INFO  c.project.shopapp.ShopappApplication - Started ShopappApplication in 11.769 seconds (process running for 12.712)
2024-07-02 16:35:56.733 [groupA-0-C-1] INFO  o.a.k.c.c.i.ConsumerCoordinator - [Consumer clientId=consumer-groupA-1, groupId=groupA] (Re-)joining group
2024-07-02 16:35:56.752 [groupA-0-C-1] INFO  o.a.k.c.c.i.ConsumerCoordinator - [Consumer clientId=consumer-groupA-1, groupId=groupA] Request joining group due to: need to re-join with the given member-id: consumer-groupA-1-b6b04d76-b774-4c5c-b60d-b392842d0a76
2024-07-02 16:35:56.752 [groupA-0-C-1] INFO  o.a.k.c.c.i.ConsumerCoordinator - [Consumer clientId=consumer-groupA-1, groupId=groupA] (Re-)joining group
2024-07-02 16:35:59.757 [groupA-0-C-1] INFO  o.a.k.c.c.i.ConsumerCoordinator - [Consumer clientId=consumer-groupA-1, groupId=groupA] Successfully joined group with generation Generation{generationId=5, memberId='consumer-groupA-1-b6b04d76-b774-4c5c-b60d-b392842d0a76', protocol='range'}
2024-07-02 16:35:59.764 [groupA-0-C-1] INFO  o.a.k.c.c.i.ConsumerCoordinator - [Consumer clientId=consumer-groupA-1, groupId=groupA] Finished assignment for group at generation 5: {consumer-groupA-1-b6b04d76-b774-4c5c-b60d-b392842d0a76=Assignment(partitions=[get-all-categories-0, insert-a-category-0])}
2024-07-02 16:35:59.770 [groupA-0-C-1] INFO  o.a.k.c.c.i.ConsumerCoordinator - [Consumer clientId=consumer-groupA-1, groupId=groupA] Successfully synced group in generation Generation{generationId=5, memberId='consumer-groupA-1-b6b04d76-b774-4c5c-b60d-b392842d0a76', protocol='range'}
2024-07-02 16:35:59.771 [groupA-0-C-1] INFO  o.a.k.c.c.i.ConsumerCoordinator - [Consumer clientId=consumer-groupA-1, groupId=groupA] Notifying assignor about the new Assignment(partitions=[get-all-categories-0, insert-a-category-0])
2024-07-02 16:35:59.773 [groupA-0-C-1] INFO  o.a.k.c.c.i.ConsumerRebalanceListenerInvoker - [Consumer clientId=consumer-groupA-1, groupId=groupA] Adding newly assigned partitions: get-all-categories-0, insert-a-category-0
2024-07-02 16:35:59.784 [groupA-0-C-1] INFO  o.a.k.c.c.internals.ConsumerUtils - Setting offset for partition get-all-categories-0 to the committed offset FetchPosition{offset=0, offsetEpoch=Optional.empty, currentLeader=LeaderAndEpoch{leader=Optional[127.0.0.1:9092 (id: 1 rack: null)], epoch=0}}
2024-07-02 16:35:59.785 [groupA-0-C-1] INFO  o.a.k.c.c.internals.ConsumerUtils - Setting offset for partition insert-a-category-0 to the committed offset FetchPosition{offset=0, offsetEpoch=Optional.empty, currentLeader=LeaderAndEpoch{leader=Optional[127.0.0.1:9092 (id: 1 rack: null)], epoch=0}}
2024-07-02 16:35:59.786 [groupA-0-C-1] INFO  o.s.k.l.KafkaMessageListenerContainer - groupA: partitions assigned: [get-all-categories-0, insert-a-category-0]
2024-07-02 16:36:08.972 [http-nio-8088-exec-2] INFO  o.a.c.c.C.[Tomcat].[localhost].[/] - Initializing Spring DispatcherServlet 'dispatcherServlet'
2024-07-02 16:36:08.972 [http-nio-8088-exec-2] INFO  o.s.web.servlet.DispatcherServlet - Initializing Servlet 'dispatcherServlet'
2024-07-02 16:36:08.973 [http-nio-8088-exec-2] INFO  o.s.web.servlet.DispatcherServlet - Completed initialization in 1 ms
2024-07-02 16:36:08.995 [http-nio-8088-exec-2] INFO  Spring Security Debugger - 

************************************************************

Request received for GET '/api/v1/users/auth/social-login?login_type=facebook':

org.apache.catalina.connector.RequestFacade@7ee66ef6

servletPath:/api/v1/users/auth/social-login
pathInfo:null
headers: 
user-agent: PostmanRuntime/7.39.0
accept: */*
postman-token: 401df7e2-1314-414c-a332-8905cbd156b6
host: localhost:8088
accept-encoding: gzip, deflate, br
connection: keep-alive


Security filter chain: no match


************************************************************


2024-07-02 16:36:15.077 [http-nio-8088-exec-2] INFO  c.p.s.c.aspects.PerformanceAspect - Starting execution of socialAuth
2024-07-02 16:36:15.079 [http-nio-8088-exec-2] INFO  c.p.s.c.aspects.UserActivityLogger - User activity started: socialAuth, IP address: 0:0:0:0:0:0:0:1
2024-07-02 16:36:15.100 [http-nio-8088-exec-2] INFO  c.p.s.c.aspects.UserActivityLogger - User activity finished: socialAuth
2024-07-02 16:36:15.101 [http-nio-8088-exec-2] INFO  c.p.s.c.aspects.PerformanceAspect - Finished execution of socialAuth
2024-07-02 16:36:15.112 [http-nio-8088-exec-2] INFO  c.p.s.c.aspects.PerformanceAspect - Execution of socialAuth took 30 ms
2024-07-02 16:36:56.841 [http-nio-8088-exec-3] INFO  Spring Security Debugger - 

************************************************************

Request received for GET '/api/v1/users/auth/social/callback?code=AQBcVBebsPpXPqyCRf3meAsW-wrKRW-ARB0nVyIGwpQIeW06etkcVjYuEszNicusL5uwoW9NPtHeMlvnqW40hao_Cn1k6D3jwIhM5GfU7G_n1JrwxA_GFh6eldVedzb2mjwhM2MvcsG0tVHhpQqDPzhJbjxbjcdoeXqkkFLoCA14c0QQIIZTJ5__8XqxnW-AMQ2-JsK6cqO0qARbRrJC0G7g7LhrJLGXxaMKT5_2A3Vl6qKxlk41NDpHGyBLVFQ7Ss5p4agrG6WuTXLWDQPcJy3dWhirjvyLBkbD2XYe86XUoSJPTxLPX0RssD9A7udtHxCALOEZW5j1Qfs6Oxwo4gHOOXqVSq_gK50wORnS3BbUZtzQuia9F6sm-KU3-WL0UvbUWVmOJkRaaxY3x-YcuWSlfpmf29g6M1wYYUfCbszdDA%23_=_&login_type=facebook':

org.apache.catalina.connector.RequestFacade@4313f686

servletPath:/api/v1/users/auth/social/callback
pathInfo:null
headers: 
user-agent: PostmanRuntime/7.39.0
accept: */*
postman-token: 2f84e390-c63e-4b5c-9f05-ecbee5d04c16
host: localhost:8088
accept-encoding: gzip, deflate, br
connection: keep-alive


Security filter chain: no match


************************************************************


2024-07-02 16:37:06.462 [http-nio-8088-exec-3] INFO  c.p.s.c.aspects.PerformanceAspect - Starting execution of callback
2024-07-02 16:37:06.463 [http-nio-8088-exec-3] INFO  c.p.s.c.aspects.UserActivityLogger - User activity started: callback, IP address: 0:0:0:0:0:0:0:1
2024-07-02 16:37:09.660 [http-nio-8088-exec-3] INFO  c.p.s.c.aspects.UserActivityLogger - User activity finished: callback
2024-07-02 16:37:09.661 [http-nio-8088-exec-3] INFO  c.p.s.c.aspects.PerformanceAspect - Finished execution of callback
2024-07-02 16:37:09.661 [http-nio-8088-exec-3] INFO  c.p.s.c.aspects.PerformanceAspect - Execution of callback took 3199 ms
2024-07-02 16:37:16.021 [http-nio-8088-exec-5] INFO  Spring Security Debugger - 

************************************************************

Request received for GET '/api/v1/users/auth/social/callback?code=AQBcVBebsPpXPqyCRf3meAsW-wrKRW-ARB0nVyIGwpQIeW06etkcVjYuEszNicusL5uwoW9NPtHeMlvnqW40hao_Cn1k6D3jwIhM5GfU7G_n1JrwxA_GFh6eldVedzb2mjwhM2MvcsG0tVHhpQqDPzhJbjxbjcdoeXqkkFLoCA14c0QQIIZTJ5__8XqxnW-AMQ2-JsK6cqO0qARbRrJC0G7g7LhrJLGXxaMKT5_2A3Vl6qKxlk41NDpHGyBLVFQ7Ss5p4agrG6WuTXLWDQPcJy3dWhirjvyLBkbD2XYe86XUoSJPTxLPX0RssD9A7udtHxCALOEZW5j1Qfs6Oxwo4gHOOXqVSq_gK50wORnS3BbUZtzQuia9F6sm-KU3-WL0UvbUWVmOJkRaaxY3x-YcuWSlfpmf29g6M1wYYUfCbszdDA%23_=_&login_type=facebook':

org.apache.catalina.connector.RequestFacade@932159f

servletPath:/api/v1/users/auth/social/callback
pathInfo:null
headers: 
user-agent: PostmanRuntime/7.39.0
accept: */*
postman-token: f797c4b1-20f6-4f89-95d6-ed097b2f3884
host: localhost:8088
accept-encoding: gzip, deflate, br
connection: keep-alive


Security filter chain: no match


************************************************************


2024-07-02 16:38:20.249 [groupA-0-C-1] INFO  o.apache.kafka.clients.NetworkClient - [Consumer clientId=consumer-groupA-1, groupId=groupA] Disconnecting from node 1 due to request timeout.
2024-07-02 16:38:20.256 [groupA-0-C-1] INFO  o.apache.kafka.clients.NetworkClient - [Consumer clientId=consumer-groupA-1, groupId=groupA] Cancelled in-flight FETCH request with correlation id 157 due to node 1 being disconnected (elapsed time since creation: 64250ms, elapsed time since send: 64250ms, request timeout: 30000ms)
2024-07-02 16:38:20.256 [kafka-coordinator-heartbeat-thread | groupA] INFO  o.a.k.c.c.i.ConsumerCoordinator - [Consumer clientId=consumer-groupA-1, groupId=groupA] Group coordinator 127.0.0.1:9092 (id: 2147483646 rack: null) is unavailable or invalid due to cause: session timed out without receiving a heartbeat response. isDisconnected: false. Rediscovery will be attempted.
2024-07-02 16:38:20.257 [kafka-coordinator-heartbeat-thread | groupA] INFO  o.a.k.c.c.i.ConsumerCoordinator - [Consumer clientId=consumer-groupA-1, groupId=groupA] Requesting disconnect from last known coordinator 127.0.0.1:9092 (id: 2147483646 rack: null)
2024-07-02 16:38:20.257 [kafka-coordinator-heartbeat-thread | groupA] INFO  o.apache.kafka.clients.NetworkClient - [Consumer clientId=consumer-groupA-1, groupId=groupA] Client requested disconnect from node 2147483646
2024-07-02 16:38:20.257 [http-nio-8088-exec-5] INFO  c.p.s.c.aspects.PerformanceAspect - Starting execution of callback
2024-07-02 16:38:20.257 [http-nio-8088-exec-5] INFO  c.p.s.c.aspects.UserActivityLogger - User activity started: callback, IP address: 0:0:0:0:0:0:0:1
2024-07-02 16:38:20.256 [groupA-0-C-1] INFO  o.a.k.clients.FetchSessionHandler - [Consumer clientId=consumer-groupA-1, groupId=groupA] Error sending fetch request (sessionId=1906134323, epoch=124) to node 1:
org.apache.kafka.common.errors.DisconnectException: null
2024-07-02 16:38:32.126 [groupA-0-C-1] INFO  o.a.k.c.c.i.ConsumerCoordinator - [Consumer clientId=consumer-groupA-1, groupId=groupA] Discovered group coordinator 127.0.0.1:9092 (id: 2147483646 rack: null)
2024-07-02 16:38:32.132 [groupA-0-C-1] INFO  o.a.k.c.c.i.ConsumerCoordinator - [Consumer clientId=consumer-groupA-1, groupId=groupA] Attempt to heartbeat with Generation{generationId=5, memberId='consumer-groupA-1-b6b04d76-b774-4c5c-b60d-b392842d0a76', protocol='range'} and group instance id Optional.empty failed due to UNKNOWN_MEMBER_ID, resetting generation
2024-07-02 16:38:32.133 [groupA-0-C-1] INFO  o.a.k.c.c.i.ConsumerCoordinator - [Consumer clientId=consumer-groupA-1, groupId=groupA] Resetting generation and member id due to: encountered UNKNOWN_MEMBER_ID from HEARTBEAT response
2024-07-02 16:38:32.133 [groupA-0-C-1] INFO  o.a.k.c.c.i.ConsumerCoordinator - [Consumer clientId=consumer-groupA-1, groupId=groupA] Request joining group due to: encountered UNKNOWN_MEMBER_ID from HEARTBEAT response
2024-07-02 16:38:32.133 [groupA-0-C-1] INFO  o.a.k.c.c.i.ConsumerCoordinator - [Consumer clientId=consumer-groupA-1, groupId=groupA] Giving away all assigned partitions as lost since generation/memberID has been reset,indicating that consumer is in old state or no longer part of the group
2024-07-02 16:38:32.133 [groupA-0-C-1] INFO  o.a.k.c.c.i.ConsumerRebalanceListenerInvoker - [Consumer clientId=consumer-groupA-1, groupId=groupA] Lost previously assigned partitions get-all-categories-0, insert-a-category-0
2024-07-02 16:38:32.134 [groupA-0-C-1] INFO  o.s.k.l.KafkaMessageListenerContainer - groupA: partitions lost: [get-all-categories-0, insert-a-category-0]
2024-07-02 16:38:32.135 [groupA-0-C-1] INFO  o.s.k.l.KafkaMessageListenerContainer - groupA: partitions revoked: [get-all-categories-0, insert-a-category-0]
2024-07-02 16:38:32.136 [groupA-0-C-1] INFO  o.a.k.c.c.i.ConsumerCoordinator - [Consumer clientId=consumer-groupA-1, groupId=groupA] (Re-)joining group
2024-07-02 16:38:32.139 [groupA-0-C-1] INFO  o.a.k.c.c.i.ConsumerCoordinator - [Consumer clientId=consumer-groupA-1, groupId=groupA] Request joining group due to: need to re-join with the given member-id: consumer-groupA-1-72736718-da60-4975-ad18-3fe87aa4cd38
2024-07-02 16:38:32.140 [groupA-0-C-1] INFO  o.a.k.c.c.i.ConsumerCoordinator - [Consumer clientId=consumer-groupA-1, groupId=groupA] (Re-)joining group
2024-07-02 16:38:51.729 [groupA-0-C-1] INFO  o.a.k.c.c.i.ConsumerCoordinator - [Consumer clientId=consumer-groupA-1, groupId=groupA] Successfully joined group with generation Generation{generationId=7, memberId='consumer-groupA-1-72736718-da60-4975-ad18-3fe87aa4cd38', protocol='range'}
2024-07-02 16:38:51.730 [groupA-0-C-1] INFO  o.a.k.c.c.i.ConsumerCoordinator - [Consumer clientId=consumer-groupA-1, groupId=groupA] Finished assignment for group at generation 7: {consumer-groupA-1-72736718-da60-4975-ad18-3fe87aa4cd38=Assignment(partitions=[get-all-categories-0, insert-a-category-0])}
2024-07-02 16:38:51.734 [http-nio-8088-exec-5] INFO  c.p.s.c.aspects.UserActivityLogger - User activity finished: callback
2024-07-02 16:38:51.735 [http-nio-8088-exec-5] INFO  c.p.s.c.aspects.PerformanceAspect - Finished execution of callback
2024-07-02 16:38:51.735 [http-nio-8088-exec-5] INFO  c.p.s.c.aspects.PerformanceAspect - Execution of callback took 31478 ms
2024-07-02 16:38:51.735 [groupA-0-C-1] INFO  o.a.k.c.c.i.ConsumerCoordinator - [Consumer clientId=consumer-groupA-1, groupId=groupA] Successfully synced group in generation Generation{generationId=7, memberId='consumer-groupA-1-72736718-da60-4975-ad18-3fe87aa4cd38', protocol='range'}
2024-07-02 16:38:51.735 [groupA-0-C-1] INFO  o.a.k.c.c.i.ConsumerCoordinator - [Consumer clientId=consumer-groupA-1, groupId=groupA] Notifying assignor about the new Assignment(partitions=[get-all-categories-0, insert-a-category-0])
2024-07-02 16:38:51.735 [groupA-0-C-1] INFO  o.a.k.c.c.i.ConsumerRebalanceListenerInvoker - [Consumer clientId=consumer-groupA-1, groupId=groupA] Adding newly assigned partitions: get-all-categories-0, insert-a-category-0
2024-07-02 16:38:51.741 [groupA-0-C-1] INFO  o.a.k.c.c.internals.ConsumerUtils - Setting offset for partition get-all-categories-0 to the committed offset FetchPosition{offset=0, offsetEpoch=Optional.empty, currentLeader=LeaderAndEpoch{leader=Optional[127.0.0.1:9092 (id: 1 rack: null)], epoch=0}}
2024-07-02 16:38:51.741 [groupA-0-C-1] INFO  o.a.k.c.c.internals.ConsumerUtils - Setting offset for partition insert-a-category-0 to the committed offset FetchPosition{offset=0, offsetEpoch=Optional.empty, currentLeader=LeaderAndEpoch{leader=Optional[127.0.0.1:9092 (id: 1 rack: null)], epoch=0}}
2024-07-02 16:38:51.741 [groupA-0-C-1] INFO  o.s.k.l.KafkaMessageListenerContainer - groupA: partitions assigned: [get-all-categories-0, insert-a-category-0]
2024-07-02 16:38:54.420 [http-nio-8088-exec-7] INFO  Spring Security Debugger - 

************************************************************

Request received for GET '/api/v1/users/auth/social/callback?code=AQBcVBebsPpXPqyCRf3meAsW-wrKRW-ARB0nVyIGwpQIeW06etkcVjYuEszNicusL5uwoW9NPtHeMlvnqW40hao_Cn1k6D3jwIhM5GfU7G_n1JrwxA_GFh6eldVedzb2mjwhM2MvcsG0tVHhpQqDPzhJbjxbjcdoeXqkkFLoCA14c0QQIIZTJ5__8XqxnW-AMQ2-JsK6cqO0qARbRrJC0G7g7LhrJLGXxaMKT5_2A3Vl6qKxlk41NDpHGyBLVFQ7Ss5p4agrG6WuTXLWDQPcJy3dWhirjvyLBkbD2XYe86XUoSJPTxLPX0RssD9A7udtHxCALOEZW5j1Qfs6Oxwo4gHOOXqVSq_gK50wORnS3BbUZtzQuia9F6sm-KU3-WL0UvbUWVmOJkRaaxY3x-YcuWSlfpmf29g6M1wYYUfCbszdDA%23_=_&login_type=facebook':

org.apache.catalina.connector.RequestFacade@737d0ce0

servletPath:/api/v1/users/auth/social/callback
pathInfo:null
headers: 
user-agent: PostmanRuntime/7.39.0
accept: */*
postman-token: 200a54f0-1d58-4056-92d0-47197b2ee270
host: localhost:8088
accept-encoding: gzip, deflate, br
connection: keep-alive


Security filter chain: no match


************************************************************


2024-07-02 16:38:56.298 [http-nio-8088-exec-7] INFO  c.p.s.c.aspects.PerformanceAspect - Starting execution of callback
2024-07-02 16:38:56.298 [http-nio-8088-exec-7] INFO  c.p.s.c.aspects.UserActivityLogger - User activity started: callback, IP address: 0:0:0:0:0:0:0:1
2024-07-03 15:22:45.384 [background-preinit] INFO  o.h.validator.internal.util.Version - HV000001: Hibernate Validator 8.0.1.Final
2024-07-03 15:22:45.431 [main] INFO  c.project.shopapp.ShopappApplication - Starting ShopappApplication using Java 21.0.3 with PID 13708 (C:\code\udemy\ShopApp\shopapp-backend\target\classes started by nguye in C:\code\udemy\ShopApp\shopapp-backend)
2024-07-03 15:22:45.431 [main] INFO  c.project.shopapp.ShopappApplication - No active profile set, falling back to 1 default profile: "default"
2024-07-03 15:22:47.340 [main] INFO  o.s.d.r.c.RepositoryConfigurationDelegate - Multiple Spring Data modules found, entering strict repository configuration mode
2024-07-03 15:22:47.340 [main] INFO  o.s.d.r.c.RepositoryConfigurationDelegate - Bootstrapping Spring Data JPA repositories in DEFAULT mode.
2024-07-03 15:22:47.500 [main] INFO  o.s.d.r.c.RepositoryConfigurationDelegate - Finished Spring Data repository scanning in 154 ms. Found 12 JPA repository interfaces.
2024-07-03 15:22:48.025 [main] INFO  o.s.d.r.c.RepositoryConfigurationDelegate - Multiple Spring Data modules found, entering strict repository configuration mode
2024-07-03 15:22:48.030 [main] INFO  o.s.d.r.c.RepositoryConfigurationDelegate - Bootstrapping Spring Data Redis repositories in DEFAULT mode.
2024-07-03 15:22:48.070 [main] INFO  o.s.d.r.c.RepositoryConfigurationExtensionSupport - Spring Data Redis - Could not safely identify store assignment for repository candidate interface com.project.shopapp.repositories.CategoryRepository; If you want this repository to be a Redis repository, consider annotating your entities with one of these annotations: org.springframework.data.redis.core.RedisHash (preferred), or consider extending one of the following types with your repository: org.springframework.data.keyvalue.repository.KeyValueRepository
2024-07-03 15:22:48.070 [main] INFO  o.s.d.r.c.RepositoryConfigurationExtensionSupport - Spring Data Redis - Could not safely identify store assignment for repository candidate interface com.project.shopapp.repositories.CommentRepository; If you want this repository to be a Redis repository, consider annotating your entities with one of these annotations: org.springframework.data.redis.core.RedisHash (preferred), or consider extending one of the following types with your repository: org.springframework.data.keyvalue.repository.KeyValueRepository
2024-07-03 15:22:48.070 [main] INFO  o.s.d.r.c.RepositoryConfigurationExtensionSupport - Spring Data Redis - Could not safely identify store assignment for repository candidate interface com.project.shopapp.repositories.CouponConditionRepository; If you want this repository to be a Redis repository, consider annotating your entities with one of these annotations: org.springframework.data.redis.core.RedisHash (preferred), or consider extending one of the following types with your repository: org.springframework.data.keyvalue.repository.KeyValueRepository
2024-07-03 15:22:48.070 [main] INFO  o.s.d.r.c.RepositoryConfigurationExtensionSupport - Spring Data Redis - Could not safely identify store assignment for repository candidate interface com.project.shopapp.repositories.CouponRepository; If you want this repository to be a Redis repository, consider annotating your entities with one of these annotations: org.springframework.data.redis.core.RedisHash (preferred), or consider extending one of the following types with your repository: org.springframework.data.keyvalue.repository.KeyValueRepository
2024-07-03 15:22:48.070 [main] INFO  o.s.d.r.c.RepositoryConfigurationExtensionSupport - Spring Data Redis - Could not safely identify store assignment for repository candidate interface com.project.shopapp.repositories.FavoriteRepository; If you want this repository to be a Redis repository, consider annotating your entities with one of these annotations: org.springframework.data.redis.core.RedisHash (preferred), or consider extending one of the following types with your repository: org.springframework.data.keyvalue.repository.KeyValueRepository
2024-07-03 15:22:48.070 [main] INFO  o.s.d.r.c.RepositoryConfigurationExtensionSupport - Spring Data Redis - Could not safely identify store assignment for repository candidate interface com.project.shopapp.repositories.OrderDetailRepository; If you want this repository to be a Redis repository, consider annotating your entities with one of these annotations: org.springframework.data.redis.core.RedisHash (preferred), or consider extending one of the following types with your repository: org.springframework.data.keyvalue.repository.KeyValueRepository
2024-07-03 15:22:48.070 [main] INFO  o.s.d.r.c.RepositoryConfigurationExtensionSupport - Spring Data Redis - Could not safely identify store assignment for repository candidate interface com.project.shopapp.repositories.OrderRepository; If you want this repository to be a Redis repository, consider annotating your entities with one of these annotations: org.springframework.data.redis.core.RedisHash (preferred), or consider extending one of the following types with your repository: org.springframework.data.keyvalue.repository.KeyValueRepository
2024-07-03 15:22:48.070 [main] INFO  o.s.d.r.c.RepositoryConfigurationExtensionSupport - Spring Data Redis - Could not safely identify store assignment for repository candidate interface com.project.shopapp.repositories.ProductImageRepository; If you want this repository to be a Redis repository, consider annotating your entities with one of these annotations: org.springframework.data.redis.core.RedisHash (preferred), or consider extending one of the following types with your repository: org.springframework.data.keyvalue.repository.KeyValueRepository
2024-07-03 15:22:48.070 [main] INFO  o.s.d.r.c.RepositoryConfigurationExtensionSupport - Spring Data Redis - Could not safely identify store assignment for repository candidate interface com.project.shopapp.repositories.ProductRepository; If you want this repository to be a Redis repository, consider annotating your entities with one of these annotations: org.springframework.data.redis.core.RedisHash (preferred), or consider extending one of the following types with your repository: org.springframework.data.keyvalue.repository.KeyValueRepository
2024-07-03 15:22:48.070 [main] INFO  o.s.d.r.c.RepositoryConfigurationExtensionSupport - Spring Data Redis - Could not safely identify store assignment for repository candidate interface com.project.shopapp.repositories.RoleRepository; If you want this repository to be a Redis repository, consider annotating your entities with one of these annotations: org.springframework.data.redis.core.RedisHash (preferred), or consider extending one of the following types with your repository: org.springframework.data.keyvalue.repository.KeyValueRepository
2024-07-03 15:22:48.070 [main] INFO  o.s.d.r.c.RepositoryConfigurationExtensionSupport - Spring Data Redis - Could not safely identify store assignment for repository candidate interface com.project.shopapp.repositories.TokenRepository; If you want this repository to be a Redis repository, consider annotating your entities with one of these annotations: org.springframework.data.redis.core.RedisHash (preferred), or consider extending one of the following types with your repository: org.springframework.data.keyvalue.repository.KeyValueRepository
2024-07-03 15:22:48.070 [main] INFO  o.s.d.r.c.RepositoryConfigurationExtensionSupport - Spring Data Redis - Could not safely identify store assignment for repository candidate interface com.project.shopapp.repositories.UserRepository; If you want this repository to be a Redis repository, consider annotating your entities with one of these annotations: org.springframework.data.redis.core.RedisHash (preferred), or consider extending one of the following types with your repository: org.springframework.data.keyvalue.repository.KeyValueRepository
2024-07-03 15:22:48.070 [main] INFO  o.s.d.r.c.RepositoryConfigurationDelegate - Finished Spring Data repository scanning in 32 ms. Found 0 Redis repository interfaces.
2024-07-03 15:22:49.240 [main] INFO  o.s.b.w.e.tomcat.TomcatWebServer - Tomcat initialized with port 8088 (http)
2024-07-03 15:22:49.254 [main] INFO  o.a.coyote.http11.Http11NioProtocol - Initializing ProtocolHandler ["http-nio-8088"]
2024-07-03 15:22:49.254 [main] INFO  o.a.catalina.core.StandardService - Starting service [Tomcat]
2024-07-03 15:22:49.254 [main] INFO  o.a.catalina.core.StandardEngine - Starting Servlet engine: [Apache Tomcat/10.1.24]
2024-07-03 15:22:49.330 [main] INFO  o.a.c.c.C.[Tomcat].[localhost].[/] - Initializing Spring embedded WebApplicationContext
2024-07-03 15:22:49.330 [main] INFO  o.s.b.w.s.c.ServletWebServerApplicationContext - Root WebApplicationContext: initialization completed in 3850 ms
2024-07-03 15:22:50.213 [main] INFO  org.flywaydb.core.FlywayExecutor - Database: jdbc:mysql://localhost:3307/ShopApp (MySQL 8.2)
2024-07-03 15:22:50.234 [main] WARN  o.f.c.i.database.base.Database - Flyway upgrade recommended: MySQL 8.2 is newer than this version of Flyway and support has not been tested. The latest supported version of MySQL is 8.1.
2024-07-03 15:22:50.328 [main] INFO  o.f.core.internal.command.DbValidate - Successfully validated 5 migrations (execution time 00:00.075s)
2024-07-03 15:22:50.346 [main] INFO  o.f.core.internal.command.DbMigrate - Current version of schema `ShopApp`: 5
2024-07-03 15:22:50.351 [main] INFO  o.f.core.internal.command.DbMigrate - Schema `ShopApp` is up to date. No migration necessary.
2024-07-03 15:22:50.510 [main] INFO  o.h.jpa.internal.util.LogHelper - HHH000204: Processing PersistenceUnitInfo [name: default]
2024-07-03 15:22:50.580 [main] INFO  org.hibernate.Version - HHH000412: Hibernate ORM core version 6.5.2.Final
2024-07-03 15:22:50.628 [main] INFO  o.h.c.i.RegionFactoryInitiator - HHH000026: Second-level cache disabled
2024-07-03 15:22:50.971 [main] INFO  o.s.o.j.p.SpringPersistenceUnitInfo - No LoadTimeWeaver setup: ignoring JPA class transformer
2024-07-03 15:22:51.460 [main] INFO  c.p.s.configurations.RedisConfig - redisHost = localhost, redisPort = 6379
2024-07-03 15:22:52.760 [main] INFO  o.h.e.t.j.p.i.JtaPlatformInitiator - HHH000489: No JTA platform available (set 'hibernate.transaction.jta.platform' to enable JTA platform integration)
2024-07-03 15:22:52.760 [main] INFO  o.s.o.j.LocalContainerEntityManagerFactoryBean - Initialized JPA EntityManagerFactory for persistence unit 'default'
2024-07-03 15:22:53.170 [main] INFO  o.s.d.j.r.query.QueryEnhancerFactory - Hibernate is in classpath; If applicable, HQL parser will be used.
2024-07-03 15:22:54.564 [main] INFO  o.s.b.a.e.web.EndpointLinksResolver - Exposing 2 endpoints beneath base path '/api/v1/actuator'
2024-07-03 15:22:54.650 [main] WARN  o.s.b.a.o.j.JpaBaseConfiguration$JpaWebConfiguration - spring.jpa.open-in-view is enabled by default. Therefore, database queries may be performed during view rendering. Explicitly configure spring.jpa.open-in-view to disable this warning
2024-07-03 15:22:55.481 [main] INFO  o.s.s.c.a.a.c.InitializeAuthenticationProviderBeanManagerConfigurer$InitializeAuthenticationProviderManagerConfigurer - Global AuthenticationManager configured with AuthenticationProvider bean with name authenticationProvider
2024-07-03 15:22:55.481 [main] WARN  o.s.s.c.a.a.c.InitializeUserDetailsBeanManagerConfigurer$InitializeUserDetailsManagerConfigurer - Global AuthenticationManager configured with an AuthenticationProvider bean. UserDetailsService beans will not be used for username/password login. Consider removing the AuthenticationProvider bean. Alternatively, consider using the UserDetailsService in a manually instantiated DaoAuthenticationProvider.
2024-07-03 15:22:56.327 [main] INFO  o.s.s.web.DefaultSecurityFilterChain - Will secure Or [Mvc [pattern='EndpointRequestMatcher includes=[*], excludes=[], includeLinks=true']] with [org.springframework.security.web.session.DisableEncodeUrlFilter@5ed5ac49, org.springframework.security.web.context.request.async.WebAsyncManagerIntegrationFilter@2559c968, org.springframework.security.web.context.SecurityContextHolderFilter@72df13c3, org.springframework.security.web.header.HeaderWriterFilter@1f8a56f, org.springframework.web.filter.CorsFilter@37f3a1a0, org.springframework.security.web.authentication.logout.LogoutFilter@c933ede, org.springframework.security.oauth2.client.web.OAuth2AuthorizationRequestRedirectFilter@853050d, org.springframework.security.oauth2.client.web.OAuth2LoginAuthenticationFilter@49e018f0, com.project.shopapp.filters.JwtTokenFilter@35af404f, org.springframework.security.oauth2.server.resource.web.authentication.BearerTokenAuthenticationFilter@35953f91, org.springframework.security.web.savedrequest.RequestCacheAwareFilter@447d14a9, org.springframework.security.web.servletapi.SecurityContextHolderAwareRequestFilter@5951d91, org.springframework.security.web.authentication.AnonymousAuthenticationFilter@6cd17c11, org.springframework.security.web.session.SessionManagementFilter@44ebf052, org.springframework.security.web.access.ExceptionTranslationFilter@1a427dc0, org.springframework.security.web.access.intercept.AuthorizationFilter@729bdd9d]
2024-07-03 15:22:56.360 [main] WARN  o.s.s.c.a.web.builders.WebSecurity - 

********************************************************************
**********        Security debugging is enabled.       *************
**********    This may include sensitive information.  *************
**********      Do not use in a production system!     *************
********************************************************************


2024-07-03 15:22:57.732 [main] INFO  o.a.k.c.admin.AdminClientConfig - AdminClientConfig values: 
	auto.include.jmx.reporter = true
	bootstrap.controllers = []
	bootstrap.servers = [localhost:9092]
	client.dns.lookup = use_all_dns_ips
	client.id = 
	connections.max.idle.ms = 300000
	default.api.timeout.ms = 60000
	enable.metrics.push = true
	metadata.max.age.ms = 300000
	metric.reporters = []
	metrics.num.samples = 2
	metrics.recording.level = INFO
	metrics.sample.window.ms = 30000
	receive.buffer.bytes = 65536
	reconnect.backoff.max.ms = 1000
	reconnect.backoff.ms = 50
	request.timeout.ms = 30000
	retries = 2147483647
	retry.backoff.max.ms = 1000
	retry.backoff.ms = 100
	sasl.client.callback.handler.class = null
	sasl.jaas.config = null
	sasl.kerberos.kinit.cmd = /usr/bin/kinit
	sasl.kerberos.min.time.before.relogin = 60000
	sasl.kerberos.service.name = null
	sasl.kerberos.ticket.renew.jitter = 0.05
	sasl.kerberos.ticket.renew.window.factor = 0.8
	sasl.login.callback.handler.class = null
	sasl.login.class = null
	sasl.login.connect.timeout.ms = null
	sasl.login.read.timeout.ms = null
	sasl.login.refresh.buffer.seconds = 300
	sasl.login.refresh.min.period.seconds = 60
	sasl.login.refresh.window.factor = 0.8
	sasl.login.refresh.window.jitter = 0.05
	sasl.login.retry.backoff.max.ms = 10000
	sasl.login.retry.backoff.ms = 100
	sasl.mechanism = GSSAPI
	sasl.oauthbearer.clock.skew.seconds = 30
	sasl.oauthbearer.expected.audience = null
	sasl.oauthbearer.expected.issuer = null
	sasl.oauthbearer.jwks.endpoint.refresh.ms = 3600000
	sasl.oauthbearer.jwks.endpoint.retry.backoff.max.ms = 10000
	sasl.oauthbearer.jwks.endpoint.retry.backoff.ms = 100
	sasl.oauthbearer.jwks.endpoint.url = null
	sasl.oauthbearer.scope.claim.name = scope
	sasl.oauthbearer.sub.claim.name = sub
	sasl.oauthbearer.token.endpoint.url = null
	security.protocol = PLAINTEXT
	security.providers = null
	send.buffer.bytes = 131072
	socket.connection.setup.timeout.max.ms = 30000
	socket.connection.setup.timeout.ms = 10000
	ssl.cipher.suites = null
	ssl.enabled.protocols = [TLSv1.2, TLSv1.3]
	ssl.endpoint.identification.algorithm = https
	ssl.engine.factory.class = null
	ssl.key.password = null
	ssl.keymanager.algorithm = SunX509
	ssl.keystore.certificate.chain = null
	ssl.keystore.key = null
	ssl.keystore.location = null
	ssl.keystore.password = null
	ssl.keystore.type = JKS
	ssl.protocol = TLSv1.3
	ssl.provider = null
	ssl.secure.random.implementation = null
	ssl.trustmanager.algorithm = PKIX
	ssl.truststore.certificates = null
	ssl.truststore.location = null
	ssl.truststore.password = null
	ssl.truststore.type = JKS

2024-07-03 15:22:57.987 [main] INFO  o.a.kafka.common.utils.AppInfoParser - Kafka version: 3.7.0
2024-07-03 15:22:57.987 [main] INFO  o.a.kafka.common.utils.AppInfoParser - Kafka commitId: 2ae524ed625438c5
2024-07-03 15:22:57.988 [main] INFO  o.a.kafka.common.utils.AppInfoParser - Kafka startTimeMs: 1719994977986
2024-07-03 15:22:58.718 [kafka-admin-client-thread | adminclient-1] INFO  o.a.kafka.common.utils.AppInfoParser - App info kafka.admin.client for adminclient-1 unregistered
2024-07-03 15:22:58.723 [kafka-admin-client-thread | adminclient-1] INFO  o.a.kafka.common.metrics.Metrics - Metrics scheduler closed
2024-07-03 15:22:58.723 [kafka-admin-client-thread | adminclient-1] INFO  o.a.kafka.common.metrics.Metrics - Closing reporter org.apache.kafka.common.metrics.JmxReporter
2024-07-03 15:22:58.723 [kafka-admin-client-thread | adminclient-1] INFO  o.a.kafka.common.metrics.Metrics - Metrics reporters closed
2024-07-03 15:22:58.729 [main] INFO  o.a.coyote.http11.Http11NioProtocol - Starting ProtocolHandler ["http-nio-8088"]
2024-07-03 15:22:58.736 [main] INFO  o.s.b.w.e.tomcat.TomcatWebServer - Tomcat started on port 8088 (http) with context path '/'
2024-07-03 15:22:58.761 [main] INFO  o.a.k.c.consumer.ConsumerConfig - ConsumerConfig values: 
	allow.auto.create.topics = true
	auto.commit.interval.ms = 5000
	auto.include.jmx.reporter = true
	auto.offset.reset = latest
	bootstrap.servers = [localhost:9092]
	check.crcs = true
	client.dns.lookup = use_all_dns_ips
	client.id = consumer-groupA-1
	client.rack = 
	connections.max.idle.ms = 540000
	default.api.timeout.ms = 60000
	enable.auto.commit = false
	enable.metrics.push = true
	exclude.internal.topics = true
	fetch.max.bytes = 52428800
	fetch.max.wait.ms = 500
	fetch.min.bytes = 1
	group.id = groupA
	group.instance.id = null
	group.protocol = classic
	group.remote.assignor = null
	heartbeat.interval.ms = 3000
	interceptor.classes = []
	internal.leave.group.on.close = true
	internal.throw.on.fetch.stable.offset.unsupported = false
	isolation.level = read_uncommitted
	key.deserializer = class org.apache.kafka.common.serialization.StringDeserializer
	max.partition.fetch.bytes = 1048576
	max.poll.interval.ms = 300000
	max.poll.records = 500
	metadata.max.age.ms = 300000
	metric.reporters = []
	metrics.num.samples = 2
	metrics.recording.level = INFO
	metrics.sample.window.ms = 30000
	partition.assignment.strategy = [class org.apache.kafka.clients.consumer.RangeAssignor, class org.apache.kafka.clients.consumer.CooperativeStickyAssignor]
	receive.buffer.bytes = 65536
	reconnect.backoff.max.ms = 1000
	reconnect.backoff.ms = 50
	request.timeout.ms = 30000
	retry.backoff.max.ms = 1000
	retry.backoff.ms = 100
	sasl.client.callback.handler.class = null
	sasl.jaas.config = null
	sasl.kerberos.kinit.cmd = /usr/bin/kinit
	sasl.kerberos.min.time.before.relogin = 60000
	sasl.kerberos.service.name = null
	sasl.kerberos.ticket.renew.jitter = 0.05
	sasl.kerberos.ticket.renew.window.factor = 0.8
	sasl.login.callback.handler.class = null
	sasl.login.class = null
	sasl.login.connect.timeout.ms = null
	sasl.login.read.timeout.ms = null
	sasl.login.refresh.buffer.seconds = 300
	sasl.login.refresh.min.period.seconds = 60
	sasl.login.refresh.window.factor = 0.8
	sasl.login.refresh.window.jitter = 0.05
	sasl.login.retry.backoff.max.ms = 10000
	sasl.login.retry.backoff.ms = 100
	sasl.mechanism = GSSAPI
	sasl.oauthbearer.clock.skew.seconds = 30
	sasl.oauthbearer.expected.audience = null
	sasl.oauthbearer.expected.issuer = null
	sasl.oauthbearer.jwks.endpoint.refresh.ms = 3600000
	sasl.oauthbearer.jwks.endpoint.retry.backoff.max.ms = 10000
	sasl.oauthbearer.jwks.endpoint.retry.backoff.ms = 100
	sasl.oauthbearer.jwks.endpoint.url = null
	sasl.oauthbearer.scope.claim.name = scope
	sasl.oauthbearer.sub.claim.name = sub
	sasl.oauthbearer.token.endpoint.url = null
	security.protocol = PLAINTEXT
	security.providers = null
	send.buffer.bytes = 131072
	session.timeout.ms = 45000
	socket.connection.setup.timeout.max.ms = 30000
	socket.connection.setup.timeout.ms = 10000
	ssl.cipher.suites = null
	ssl.enabled.protocols = [TLSv1.2, TLSv1.3]
	ssl.endpoint.identification.algorithm = https
	ssl.engine.factory.class = null
	ssl.key.password = null
	ssl.keymanager.algorithm = SunX509
	ssl.keystore.certificate.chain = null
	ssl.keystore.key = null
	ssl.keystore.location = null
	ssl.keystore.password = null
	ssl.keystore.type = JKS
	ssl.protocol = TLSv1.3
	ssl.provider = null
	ssl.secure.random.implementation = null
	ssl.trustmanager.algorithm = PKIX
	ssl.truststore.certificates = null
	ssl.truststore.location = null
	ssl.truststore.password = null
	ssl.truststore.type = JKS
	value.deserializer = class org.apache.kafka.common.serialization.ByteArrayDeserializer

2024-07-03 15:22:58.801 [main] INFO  o.a.k.c.t.i.KafkaMetricsCollector - initializing Kafka metrics collector
2024-07-03 15:22:58.847 [main] INFO  o.a.kafka.common.utils.AppInfoParser - Kafka version: 3.7.0
2024-07-03 15:22:58.848 [main] INFO  o.a.kafka.common.utils.AppInfoParser - Kafka commitId: 2ae524ed625438c5
2024-07-03 15:22:58.848 [main] INFO  o.a.kafka.common.utils.AppInfoParser - Kafka startTimeMs: 1719994978847
2024-07-03 15:22:58.858 [main] INFO  o.a.k.c.c.i.LegacyKafkaConsumer - [Consumer clientId=consumer-groupA-1, groupId=groupA] Subscribed to topic(s): get-all-categories, insert-a-category
2024-07-03 15:22:58.884 [main] INFO  c.project.shopapp.ShopappApplication - Started ShopappApplication in 13.879 seconds (process running for 15.479)
2024-07-03 15:22:58.890 [groupA-0-C-1] INFO  org.apache.kafka.clients.Metadata - [Consumer clientId=consumer-groupA-1, groupId=groupA] Cluster ID: kOOQKYk9TL6WPoWO3EhtHA
2024-07-03 15:23:00.670 [groupA-0-C-1] INFO  o.a.k.c.c.i.ConsumerCoordinator - [Consumer clientId=consumer-groupA-1, groupId=groupA] Discovered group coordinator 127.0.0.1:9092 (id: 2147483646 rack: null)
2024-07-03 15:23:00.674 [groupA-0-C-1] INFO  o.a.k.c.c.i.ConsumerCoordinator - [Consumer clientId=consumer-groupA-1, groupId=groupA] (Re-)joining group
2024-07-03 15:23:00.708 [groupA-0-C-1] INFO  o.a.k.c.c.i.ConsumerCoordinator - [Consumer clientId=consumer-groupA-1, groupId=groupA] Request joining group due to: need to re-join with the given member-id: consumer-groupA-1-b46905a5-8c95-4026-8848-725adc405324
2024-07-03 15:23:00.708 [groupA-0-C-1] INFO  o.a.k.c.c.i.ConsumerCoordinator - [Consumer clientId=consumer-groupA-1, groupId=groupA] (Re-)joining group
2024-07-03 15:23:03.731 [groupA-0-C-1] INFO  o.a.k.c.c.i.ConsumerCoordinator - [Consumer clientId=consumer-groupA-1, groupId=groupA] Successfully joined group with generation Generation{generationId=1, memberId='consumer-groupA-1-b46905a5-8c95-4026-8848-725adc405324', protocol='range'}
2024-07-03 15:23:03.738 [groupA-0-C-1] INFO  o.a.k.c.c.i.ConsumerCoordinator - [Consumer clientId=consumer-groupA-1, groupId=groupA] Finished assignment for group at generation 1: {consumer-groupA-1-b46905a5-8c95-4026-8848-725adc405324=Assignment(partitions=[get-all-categories-0, insert-a-category-0])}
2024-07-03 15:23:03.788 [groupA-0-C-1] INFO  o.a.k.c.c.i.ConsumerCoordinator - [Consumer clientId=consumer-groupA-1, groupId=groupA] Successfully synced group in generation Generation{generationId=1, memberId='consumer-groupA-1-b46905a5-8c95-4026-8848-725adc405324', protocol='range'}
2024-07-03 15:23:03.789 [groupA-0-C-1] INFO  o.a.k.c.c.i.ConsumerCoordinator - [Consumer clientId=consumer-groupA-1, groupId=groupA] Notifying assignor about the new Assignment(partitions=[get-all-categories-0, insert-a-category-0])
2024-07-03 15:23:03.791 [groupA-0-C-1] INFO  o.a.k.c.c.i.ConsumerRebalanceListenerInvoker - [Consumer clientId=consumer-groupA-1, groupId=groupA] Adding newly assigned partitions: get-all-categories-0, insert-a-category-0
2024-07-03 15:23:03.806 [groupA-0-C-1] INFO  o.a.k.c.c.i.ConsumerCoordinator - [Consumer clientId=consumer-groupA-1, groupId=groupA] Found no committed offset for partition insert-a-category-0
2024-07-03 15:23:03.806 [groupA-0-C-1] INFO  o.a.k.c.c.i.ConsumerCoordinator - [Consumer clientId=consumer-groupA-1, groupId=groupA] Found no committed offset for partition get-all-categories-0
2024-07-03 15:23:03.812 [groupA-0-C-1] INFO  o.a.k.c.c.i.ConsumerCoordinator - [Consumer clientId=consumer-groupA-1, groupId=groupA] Found no committed offset for partition insert-a-category-0
2024-07-03 15:23:03.813 [groupA-0-C-1] INFO  o.a.k.c.c.i.ConsumerCoordinator - [Consumer clientId=consumer-groupA-1, groupId=groupA] Found no committed offset for partition get-all-categories-0
2024-07-03 15:23:03.827 [groupA-0-C-1] INFO  o.a.k.c.c.i.SubscriptionState - [Consumer clientId=consumer-groupA-1, groupId=groupA] Resetting offset for partition insert-a-category-0 to position FetchPosition{offset=0, offsetEpoch=Optional.empty, currentLeader=LeaderAndEpoch{leader=Optional[127.0.0.1:9092 (id: 1 rack: null)], epoch=0}}.
2024-07-03 15:23:03.828 [groupA-0-C-1] INFO  o.a.k.c.c.i.SubscriptionState - [Consumer clientId=consumer-groupA-1, groupId=groupA] Resetting offset for partition get-all-categories-0 to position FetchPosition{offset=0, offsetEpoch=Optional.empty, currentLeader=LeaderAndEpoch{leader=Optional[127.0.0.1:9092 (id: 1 rack: null)], epoch=0}}.
2024-07-03 15:23:03.848 [groupA-0-C-1] INFO  o.s.k.l.KafkaMessageListenerContainer - groupA: partitions assigned: [get-all-categories-0, insert-a-category-0]
2024-07-03 15:31:58.975 [groupA-0-C-1] INFO  o.apache.kafka.clients.NetworkClient - [Consumer clientId=consumer-groupA-1, groupId=groupA] Node -1 disconnected.
2024-07-03 15:38:23.545 [http-nio-8088-exec-2] INFO  o.a.c.c.C.[Tomcat].[localhost].[/] - Initializing Spring DispatcherServlet 'dispatcherServlet'
2024-07-03 15:38:23.546 [http-nio-8088-exec-2] INFO  o.s.web.servlet.DispatcherServlet - Initializing Servlet 'dispatcherServlet'
2024-07-03 15:38:23.548 [http-nio-8088-exec-2] INFO  o.s.web.servlet.DispatcherServlet - Completed initialization in 2 ms
2024-07-03 15:38:23.571 [http-nio-8088-exec-2] INFO  Spring Security Debugger - 

************************************************************

Request received for GET '/api/v1/users/auth/social-login?login_type=facebook':

org.apache.catalina.connector.RequestFacade@611aab76

servletPath:/api/v1/users/auth/social-login
pathInfo:null
headers: 
user-agent: PostmanRuntime/7.39.0
accept: */*
postman-token: 5ca14525-a34d-4a58-98ff-b49d38235c28
host: localhost:8088
accept-encoding: gzip, deflate, br
connection: keep-alive


Security filter chain: no match


************************************************************


2024-07-03 15:38:39.497 [http-nio-8088-exec-2] INFO  c.p.s.c.aspects.PerformanceAspect - Starting execution of socialAuth
2024-07-03 15:38:39.498 [http-nio-8088-exec-2] INFO  c.p.s.c.aspects.UserActivityLogger - User activity started: socialAuth, IP address: 0:0:0:0:0:0:0:1
2024-07-03 15:38:42.576 [http-nio-8088-exec-2] INFO  c.p.s.c.aspects.UserActivityLogger - User activity finished: socialAuth
2024-07-03 15:38:42.576 [http-nio-8088-exec-2] INFO  c.p.s.c.aspects.PerformanceAspect - Finished execution of socialAuth
2024-07-03 15:38:42.577 [http-nio-8088-exec-2] INFO  c.p.s.c.aspects.PerformanceAspect - Execution of socialAuth took 3079 ms
2024-07-03 15:39:22.376 [http-nio-8088-exec-3] INFO  Spring Security Debugger - 

************************************************************

Request received for GET '/api/v1/users/auth/social/callback?code=AQBvewO0gaiTDElvcdYagfBwyV4p7WwlY0d1GGI-qnLduJSOK1Vz1kaGPmM5kRrnz9cQrYj4ifpwJdR2vfEjmoQdRxwIMVRnwBVxphjOD0K42NOO-YiBL1MkRM0lvGJNhKxuZ0JSqkIll8ph-FD8mZtLKVxQXIPAZgbsZ1MOQK0a5qFdbg3uPAX4c9EgCYn5ShH8D6Nr3ptkQnYFqHUmkWSEwULT96CJtZOOxhBjuqu63X7q9qKUerp7xGxQWp0c5poMsZT8z-AWOFUDvJXqvfemt4W7rvOvSnMD7uLxUbYyKTqr49hT-hnHunx6U9Fndn5EoLbWcq37qJp5TlxdXOYky46rRkrD7M-uLd1gC0T_3Dv6Y4DA1qTCUEWyV8Q8dSKVSIxx3Ye5W7Qjf0fmJii1XevP-T04Z-7YMXPRXM74AQ%23_=_&login_type=facebook':

org.apache.catalina.connector.RequestFacade@2755cd

servletPath:/api/v1/users/auth/social/callback
pathInfo:null
headers: 
user-agent: PostmanRuntime/7.39.0
accept: */*
postman-token: 0220d923-4537-4a45-aa24-a9d837e53fc7
host: localhost:8088
accept-encoding: gzip, deflate, br
connection: keep-alive


Security filter chain: no match


************************************************************


2024-07-03 15:39:26.427 [http-nio-8088-exec-3] INFO  c.p.s.c.aspects.PerformanceAspect - Starting execution of callback
2024-07-03 15:39:26.428 [http-nio-8088-exec-3] INFO  c.p.s.c.aspects.UserActivityLogger - User activity started: callback, IP address: 0:0:0:0:0:0:0:1
2024-07-03 15:44:39.500 [groupA-0-C-1] INFO  o.apache.kafka.clients.NetworkClient - [Consumer clientId=consumer-groupA-1, groupId=groupA] Node -1 disconnected.
2024-07-03 15:44:39.506 [kafka-coordinator-heartbeat-thread | groupA] INFO  o.a.k.c.c.i.ConsumerCoordinator - [Consumer clientId=consumer-groupA-1, groupId=groupA] Group coordinator 127.0.0.1:9092 (id: 2147483646 rack: null) is unavailable or invalid due to cause: session timed out without receiving a heartbeat response. isDisconnected: false. Rediscovery will be attempted.
2024-07-03 15:44:39.506 [kafka-coordinator-heartbeat-thread | groupA] INFO  o.a.k.c.c.i.ConsumerCoordinator - [Consumer clientId=consumer-groupA-1, groupId=groupA] Requesting disconnect from last known coordinator 127.0.0.1:9092 (id: 2147483646 rack: null)
2024-07-03 15:44:39.507 [kafka-coordinator-heartbeat-thread | groupA] INFO  o.apache.kafka.clients.NetworkClient - [Consumer clientId=consumer-groupA-1, groupId=groupA] Client requested disconnect from node 2147483646
2024-07-03 15:44:39.511 [groupA-0-C-1] INFO  o.a.k.c.c.i.ConsumerCoordinator - [Consumer clientId=consumer-groupA-1, groupId=groupA] Discovered group coordinator 127.0.0.1:9092 (id: 2147483646 rack: null)
2024-07-03 15:44:39.512 [groupA-0-C-1] INFO  o.a.k.c.c.i.ConsumerCoordinator - [Consumer clientId=consumer-groupA-1, groupId=groupA] Group coordinator 127.0.0.1:9092 (id: 2147483646 rack: null) is unavailable or invalid due to cause: coordinator unavailable. isDisconnected: false. Rediscovery will be attempted.
2024-07-03 15:44:39.512 [groupA-0-C-1] INFO  o.a.k.c.c.i.ConsumerCoordinator - [Consumer clientId=consumer-groupA-1, groupId=groupA] Requesting disconnect from last known coordinator 127.0.0.1:9092 (id: 2147483646 rack: null)
2024-07-03 15:44:39.526 [http-nio-8088-exec-3] INFO  c.p.s.c.aspects.UserActivityLogger - User activity finished: callback
2024-07-03 15:44:39.527 [http-nio-8088-exec-3] INFO  c.p.s.c.aspects.PerformanceAspect - Finished execution of callback
2024-07-03 15:44:39.527 [http-nio-8088-exec-3] INFO  c.p.s.c.aspects.PerformanceAspect - Execution of callback took 313100 ms
2024-07-03 15:44:39.623 [groupA-0-C-1] INFO  o.a.k.c.c.i.ConsumerRebalanceListenerInvoker - [Consumer clientId=consumer-groupA-1, groupId=groupA] Revoke previously assigned partitions get-all-categories-0, insert-a-category-0
2024-07-03 15:44:39.625 [groupA-0-C-1] INFO  o.s.k.l.KafkaMessageListenerContainer - groupA: partitions revoked: [get-all-categories-0, insert-a-category-0]
2024-07-03 15:44:39.627 [groupA-0-C-1] INFO  o.a.k.c.c.i.ConsumerCoordinator - [Consumer clientId=consumer-groupA-1, groupId=groupA] Resetting generation and member id due to: consumer pro-actively leaving the group
2024-07-03 15:44:39.627 [groupA-0-C-1] INFO  o.a.k.c.c.i.ConsumerCoordinator - [Consumer clientId=consumer-groupA-1, groupId=groupA] Request joining group due to: consumer pro-actively leaving the group
2024-07-03 15:44:39.627 [groupA-0-C-1] INFO  o.a.k.c.c.i.LegacyKafkaConsumer - [Consumer clientId=consumer-groupA-1, groupId=groupA] Unsubscribed all topics or patterns and assigned partitions
2024-07-03 15:44:39.646 [groupA-0-C-1] INFO  o.a.k.c.c.i.ConsumerCoordinator - [Consumer clientId=consumer-groupA-1, groupId=groupA] Resetting generation and member id due to: consumer pro-actively leaving the group
2024-07-03 15:44:39.647 [groupA-0-C-1] INFO  o.a.k.c.c.i.ConsumerCoordinator - [Consumer clientId=consumer-groupA-1, groupId=groupA] Request joining group due to: consumer pro-actively leaving the group
2024-07-03 15:44:39.651 [groupA-0-C-1] INFO  o.a.k.c.c.i.ConsumerCoordinator - [Consumer clientId=consumer-groupA-1, groupId=groupA] Discovered group coordinator 127.0.0.1:9092 (id: 2147483646 rack: null)
2024-07-03 15:44:39.661 [groupA-0-C-1] INFO  o.a.kafka.common.metrics.Metrics - Metrics scheduler closed
2024-07-03 15:44:39.661 [groupA-0-C-1] INFO  o.a.kafka.common.metrics.Metrics - Closing reporter org.apache.kafka.common.metrics.JmxReporter
2024-07-03 15:44:39.661 [groupA-0-C-1] INFO  o.a.kafka.common.metrics.Metrics - Closing reporter org.apache.kafka.common.telemetry.internals.ClientTelemetryReporter
2024-07-03 15:44:39.661 [groupA-0-C-1] INFO  o.a.kafka.common.metrics.Metrics - Metrics reporters closed
2024-07-03 15:44:39.669 [groupA-0-C-1] INFO  o.a.kafka.common.utils.AppInfoParser - App info kafka.consumer for consumer-groupA-1 unregistered
2024-07-03 15:44:39.670 [groupA-0-C-1] INFO  o.s.k.l.KafkaMessageListenerContainer - groupA: Consumer stopped
2024-07-03 15:44:39.806 [SpringApplicationShutdownHook] INFO  o.s.o.j.LocalContainerEntityManagerFactoryBean - Closing JPA EntityManagerFactory for persistence unit 'default'
2024-07-03 15:44:45.301 [background-preinit] INFO  o.h.validator.internal.util.Version - HV000001: Hibernate Validator 8.0.1.Final
2024-07-03 15:44:45.339 [main] INFO  c.project.shopapp.ShopappApplication - Starting ShopappApplication using Java 21.0.3 with PID 20532 (C:\code\udemy\ShopApp\shopapp-backend\target\classes started by nguye in C:\code\udemy\ShopApp\shopapp-backend)
2024-07-03 15:44:45.340 [main] INFO  c.project.shopapp.ShopappApplication - No active profile set, falling back to 1 default profile: "default"
2024-07-03 15:44:46.718 [main] INFO  o.s.d.r.c.RepositoryConfigurationDelegate - Multiple Spring Data modules found, entering strict repository configuration mode
2024-07-03 15:44:46.719 [main] INFO  o.s.d.r.c.RepositoryConfigurationDelegate - Bootstrapping Spring Data JPA repositories in DEFAULT mode.
2024-07-03 15:44:46.897 [main] INFO  o.s.d.r.c.RepositoryConfigurationDelegate - Finished Spring Data repository scanning in 168 ms. Found 12 JPA repository interfaces.
2024-07-03 15:44:47.477 [main] INFO  o.s.d.r.c.RepositoryConfigurationDelegate - Multiple Spring Data modules found, entering strict repository configuration mode
2024-07-03 15:44:47.478 [main] INFO  o.s.d.r.c.RepositoryConfigurationDelegate - Bootstrapping Spring Data Redis repositories in DEFAULT mode.
2024-07-03 15:44:47.519 [main] INFO  o.s.d.r.c.RepositoryConfigurationExtensionSupport - Spring Data Redis - Could not safely identify store assignment for repository candidate interface com.project.shopapp.repositories.CategoryRepository; If you want this repository to be a Redis repository, consider annotating your entities with one of these annotations: org.springframework.data.redis.core.RedisHash (preferred), or consider extending one of the following types with your repository: org.springframework.data.keyvalue.repository.KeyValueRepository
2024-07-03 15:44:47.520 [main] INFO  o.s.d.r.c.RepositoryConfigurationExtensionSupport - Spring Data Redis - Could not safely identify store assignment for repository candidate interface com.project.shopapp.repositories.CommentRepository; If you want this repository to be a Redis repository, consider annotating your entities with one of these annotations: org.springframework.data.redis.core.RedisHash (preferred), or consider extending one of the following types with your repository: org.springframework.data.keyvalue.repository.KeyValueRepository
2024-07-03 15:44:47.521 [main] INFO  o.s.d.r.c.RepositoryConfigurationExtensionSupport - Spring Data Redis - Could not safely identify store assignment for repository candidate interface com.project.shopapp.repositories.CouponConditionRepository; If you want this repository to be a Redis repository, consider annotating your entities with one of these annotations: org.springframework.data.redis.core.RedisHash (preferred), or consider extending one of the following types with your repository: org.springframework.data.keyvalue.repository.KeyValueRepository
2024-07-03 15:44:47.521 [main] INFO  o.s.d.r.c.RepositoryConfigurationExtensionSupport - Spring Data Redis - Could not safely identify store assignment for repository candidate interface com.project.shopapp.repositories.CouponRepository; If you want this repository to be a Redis repository, consider annotating your entities with one of these annotations: org.springframework.data.redis.core.RedisHash (preferred), or consider extending one of the following types with your repository: org.springframework.data.keyvalue.repository.KeyValueRepository
2024-07-03 15:44:47.521 [main] INFO  o.s.d.r.c.RepositoryConfigurationExtensionSupport - Spring Data Redis - Could not safely identify store assignment for repository candidate interface com.project.shopapp.repositories.FavoriteRepository; If you want this repository to be a Redis repository, consider annotating your entities with one of these annotations: org.springframework.data.redis.core.RedisHash (preferred), or consider extending one of the following types with your repository: org.springframework.data.keyvalue.repository.KeyValueRepository
2024-07-03 15:44:47.521 [main] INFO  o.s.d.r.c.RepositoryConfigurationExtensionSupport - Spring Data Redis - Could not safely identify store assignment for repository candidate interface com.project.shopapp.repositories.OrderDetailRepository; If you want this repository to be a Redis repository, consider annotating your entities with one of these annotations: org.springframework.data.redis.core.RedisHash (preferred), or consider extending one of the following types with your repository: org.springframework.data.keyvalue.repository.KeyValueRepository
2024-07-03 15:44:47.521 [main] INFO  o.s.d.r.c.RepositoryConfigurationExtensionSupport - Spring Data Redis - Could not safely identify store assignment for repository candidate interface com.project.shopapp.repositories.OrderRepository; If you want this repository to be a Redis repository, consider annotating your entities with one of these annotations: org.springframework.data.redis.core.RedisHash (preferred), or consider extending one of the following types with your repository: org.springframework.data.keyvalue.repository.KeyValueRepository
2024-07-03 15:44:47.521 [main] INFO  o.s.d.r.c.RepositoryConfigurationExtensionSupport - Spring Data Redis - Could not safely identify store assignment for repository candidate interface com.project.shopapp.repositories.ProductImageRepository; If you want this repository to be a Redis repository, consider annotating your entities with one of these annotations: org.springframework.data.redis.core.RedisHash (preferred), or consider extending one of the following types with your repository: org.springframework.data.keyvalue.repository.KeyValueRepository
2024-07-03 15:44:47.523 [main] INFO  o.s.d.r.c.RepositoryConfigurationExtensionSupport - Spring Data Redis - Could not safely identify store assignment for repository candidate interface com.project.shopapp.repositories.ProductRepository; If you want this repository to be a Redis repository, consider annotating your entities with one of these annotations: org.springframework.data.redis.core.RedisHash (preferred), or consider extending one of the following types with your repository: org.springframework.data.keyvalue.repository.KeyValueRepository
2024-07-03 15:44:47.524 [main] INFO  o.s.d.r.c.RepositoryConfigurationExtensionSupport - Spring Data Redis - Could not safely identify store assignment for repository candidate interface com.project.shopapp.repositories.RoleRepository; If you want this repository to be a Redis repository, consider annotating your entities with one of these annotations: org.springframework.data.redis.core.RedisHash (preferred), or consider extending one of the following types with your repository: org.springframework.data.keyvalue.repository.KeyValueRepository
2024-07-03 15:44:47.524 [main] INFO  o.s.d.r.c.RepositoryConfigurationExtensionSupport - Spring Data Redis - Could not safely identify store assignment for repository candidate interface com.project.shopapp.repositories.TokenRepository; If you want this repository to be a Redis repository, consider annotating your entities with one of these annotations: org.springframework.data.redis.core.RedisHash (preferred), or consider extending one of the following types with your repository: org.springframework.data.keyvalue.repository.KeyValueRepository
2024-07-03 15:44:47.524 [main] INFO  o.s.d.r.c.RepositoryConfigurationExtensionSupport - Spring Data Redis - Could not safely identify store assignment for repository candidate interface com.project.shopapp.repositories.UserRepository; If you want this repository to be a Redis repository, consider annotating your entities with one of these annotations: org.springframework.data.redis.core.RedisHash (preferred), or consider extending one of the following types with your repository: org.springframework.data.keyvalue.repository.KeyValueRepository
2024-07-03 15:44:47.524 [main] INFO  o.s.d.r.c.RepositoryConfigurationDelegate - Finished Spring Data repository scanning in 34 ms. Found 0 Redis repository interfaces.
2024-07-03 15:44:48.898 [main] INFO  o.s.b.w.e.tomcat.TomcatWebServer - Tomcat initialized with port 8088 (http)
2024-07-03 15:44:48.915 [main] INFO  o.a.coyote.http11.Http11NioProtocol - Initializing ProtocolHandler ["http-nio-8088"]
2024-07-03 15:44:48.919 [main] INFO  o.a.catalina.core.StandardService - Starting service [Tomcat]
2024-07-03 15:44:48.920 [main] INFO  o.a.catalina.core.StandardEngine - Starting Servlet engine: [Apache Tomcat/10.1.24]
2024-07-03 15:44:49.031 [main] INFO  o.a.c.c.C.[Tomcat].[localhost].[/] - Initializing Spring embedded WebApplicationContext
2024-07-03 15:44:49.033 [main] INFO  o.s.b.w.s.c.ServletWebServerApplicationContext - Root WebApplicationContext: initialization completed in 3642 ms
2024-07-03 15:44:49.831 [main] INFO  org.flywaydb.core.FlywayExecutor - Database: jdbc:mysql://localhost:3307/ShopApp (MySQL 8.2)
2024-07-03 15:44:49.849 [main] WARN  o.f.c.i.database.base.Database - Flyway upgrade recommended: MySQL 8.2 is newer than this version of Flyway and support has not been tested. The latest supported version of MySQL is 8.1.
2024-07-03 15:44:49.929 [main] INFO  o.f.core.internal.command.DbValidate - Successfully validated 5 migrations (execution time 00:00.065s)
2024-07-03 15:44:49.981 [main] INFO  o.f.core.internal.command.DbMigrate - Current version of schema `ShopApp`: 5
2024-07-03 15:44:49.989 [main] INFO  o.f.core.internal.command.DbMigrate - Schema `ShopApp` is up to date. No migration necessary.
2024-07-03 15:44:50.184 [main] INFO  o.h.jpa.internal.util.LogHelper - HHH000204: Processing PersistenceUnitInfo [name: default]
2024-07-03 15:44:50.247 [main] INFO  org.hibernate.Version - HHH000412: Hibernate ORM core version 6.5.2.Final
2024-07-03 15:44:50.285 [main] INFO  o.h.c.i.RegionFactoryInitiator - HHH000026: Second-level cache disabled
2024-07-03 15:44:50.602 [main] INFO  o.s.o.j.p.SpringPersistenceUnitInfo - No LoadTimeWeaver setup: ignoring JPA class transformer
2024-07-03 15:44:51.046 [main] INFO  c.p.s.configurations.RedisConfig - redisHost = localhost, redisPort = 6379
2024-07-03 15:44:52.165 [main] INFO  o.h.e.t.j.p.i.JtaPlatformInitiator - HHH000489: No JTA platform available (set 'hibernate.transaction.jta.platform' to enable JTA platform integration)
2024-07-03 15:44:52.168 [main] INFO  o.s.o.j.LocalContainerEntityManagerFactoryBean - Initialized JPA EntityManagerFactory for persistence unit 'default'
2024-07-03 15:44:52.459 [main] INFO  o.s.d.j.r.query.QueryEnhancerFactory - Hibernate is in classpath; If applicable, HQL parser will be used.
2024-07-03 15:44:53.784 [main] INFO  o.s.b.a.e.web.EndpointLinksResolver - Exposing 2 endpoints beneath base path '/api/v1/actuator'
2024-07-03 15:44:53.863 [main] WARN  o.s.b.a.o.j.JpaBaseConfiguration$JpaWebConfiguration - spring.jpa.open-in-view is enabled by default. Therefore, database queries may be performed during view rendering. Explicitly configure spring.jpa.open-in-view to disable this warning
2024-07-03 15:44:54.506 [main] INFO  o.s.s.c.a.a.c.InitializeAuthenticationProviderBeanManagerConfigurer$InitializeAuthenticationProviderManagerConfigurer - Global AuthenticationManager configured with AuthenticationProvider bean with name authenticationProvider
2024-07-03 15:44:54.507 [main] WARN  o.s.s.c.a.a.c.InitializeUserDetailsBeanManagerConfigurer$InitializeUserDetailsManagerConfigurer - Global AuthenticationManager configured with an AuthenticationProvider bean. UserDetailsService beans will not be used for username/password login. Consider removing the AuthenticationProvider bean. Alternatively, consider using the UserDetailsService in a manually instantiated DaoAuthenticationProvider.
2024-07-03 15:44:54.977 [main] INFO  o.s.s.web.DefaultSecurityFilterChain - Will secure Or [Mvc [pattern='EndpointRequestMatcher includes=[*], excludes=[], includeLinks=true']] with [org.springframework.security.web.session.DisableEncodeUrlFilter@61354cd8, org.springframework.security.web.context.request.async.WebAsyncManagerIntegrationFilter@145f4f6c, org.springframework.security.web.context.SecurityContextHolderFilter@623e8e88, org.springframework.security.web.header.HeaderWriterFilter@1e792043, org.springframework.web.filter.CorsFilter@22f82cd8, org.springframework.security.web.authentication.logout.LogoutFilter@5b0fad3d, org.springframework.security.oauth2.client.web.OAuth2AuthorizationRequestRedirectFilter@5de49e5a, org.springframework.security.oauth2.client.web.OAuth2LoginAuthenticationFilter@3c9a8c66, com.project.shopapp.filters.JwtTokenFilter@76de4b5, org.springframework.security.oauth2.server.resource.web.authentication.BearerTokenAuthenticationFilter@c5e5395, org.springframework.security.web.savedrequest.RequestCacheAwareFilter@189d3670, org.springframework.security.web.servletapi.SecurityContextHolderAwareRequestFilter@26825fbb, org.springframework.security.web.authentication.AnonymousAuthenticationFilter@602d2058, org.springframework.security.web.session.SessionManagementFilter@651c826c, org.springframework.security.web.access.ExceptionTranslationFilter@372741bb, org.springframework.security.web.access.intercept.AuthorizationFilter@3adb51f2]
2024-07-03 15:44:55.004 [main] WARN  o.s.s.c.a.web.builders.WebSecurity - 

********************************************************************
**********        Security debugging is enabled.       *************
**********    This may include sensitive information.  *************
**********      Do not use in a production system!     *************
********************************************************************


2024-07-03 15:44:56.108 [main] INFO  o.a.k.c.admin.AdminClientConfig - AdminClientConfig values: 
	auto.include.jmx.reporter = true
	bootstrap.controllers = []
	bootstrap.servers = [localhost:9092]
	client.dns.lookup = use_all_dns_ips
	client.id = 
	connections.max.idle.ms = 300000
	default.api.timeout.ms = 60000
	enable.metrics.push = true
	metadata.max.age.ms = 300000
	metric.reporters = []
	metrics.num.samples = 2
	metrics.recording.level = INFO
	metrics.sample.window.ms = 30000
	receive.buffer.bytes = 65536
	reconnect.backoff.max.ms = 1000
	reconnect.backoff.ms = 50
	request.timeout.ms = 30000
	retries = 2147483647
	retry.backoff.max.ms = 1000
	retry.backoff.ms = 100
	sasl.client.callback.handler.class = null
	sasl.jaas.config = null
	sasl.kerberos.kinit.cmd = /usr/bin/kinit
	sasl.kerberos.min.time.before.relogin = 60000
	sasl.kerberos.service.name = null
	sasl.kerberos.ticket.renew.jitter = 0.05
	sasl.kerberos.ticket.renew.window.factor = 0.8
	sasl.login.callback.handler.class = null
	sasl.login.class = null
	sasl.login.connect.timeout.ms = null
	sasl.login.read.timeout.ms = null
	sasl.login.refresh.buffer.seconds = 300
	sasl.login.refresh.min.period.seconds = 60
	sasl.login.refresh.window.factor = 0.8
	sasl.login.refresh.window.jitter = 0.05
	sasl.login.retry.backoff.max.ms = 10000
	sasl.login.retry.backoff.ms = 100
	sasl.mechanism = GSSAPI
	sasl.oauthbearer.clock.skew.seconds = 30
	sasl.oauthbearer.expected.audience = null
	sasl.oauthbearer.expected.issuer = null
	sasl.oauthbearer.jwks.endpoint.refresh.ms = 3600000
	sasl.oauthbearer.jwks.endpoint.retry.backoff.max.ms = 10000
	sasl.oauthbearer.jwks.endpoint.retry.backoff.ms = 100
	sasl.oauthbearer.jwks.endpoint.url = null
	sasl.oauthbearer.scope.claim.name = scope
	sasl.oauthbearer.sub.claim.name = sub
	sasl.oauthbearer.token.endpoint.url = null
	security.protocol = PLAINTEXT
	security.providers = null
	send.buffer.bytes = 131072
	socket.connection.setup.timeout.max.ms = 30000
	socket.connection.setup.timeout.ms = 10000
	ssl.cipher.suites = null
	ssl.enabled.protocols = [TLSv1.2, TLSv1.3]
	ssl.endpoint.identification.algorithm = https
	ssl.engine.factory.class = null
	ssl.key.password = null
	ssl.keymanager.algorithm = SunX509
	ssl.keystore.certificate.chain = null
	ssl.keystore.key = null
	ssl.keystore.location = null
	ssl.keystore.password = null
	ssl.keystore.type = JKS
	ssl.protocol = TLSv1.3
	ssl.provider = null
	ssl.secure.random.implementation = null
	ssl.trustmanager.algorithm = PKIX
	ssl.truststore.certificates = null
	ssl.truststore.location = null
	ssl.truststore.password = null
	ssl.truststore.type = JKS

2024-07-03 15:44:56.225 [main] INFO  o.a.kafka.common.utils.AppInfoParser - Kafka version: 3.7.0
2024-07-03 15:44:56.226 [main] INFO  o.a.kafka.common.utils.AppInfoParser - Kafka commitId: 2ae524ed625438c5
2024-07-03 15:44:56.226 [main] INFO  o.a.kafka.common.utils.AppInfoParser - Kafka startTimeMs: 1719996296224
2024-07-03 15:44:56.534 [kafka-admin-client-thread | adminclient-1] INFO  o.a.kafka.common.utils.AppInfoParser - App info kafka.admin.client for adminclient-1 unregistered
2024-07-03 15:44:56.538 [kafka-admin-client-thread | adminclient-1] INFO  o.a.kafka.common.metrics.Metrics - Metrics scheduler closed
2024-07-03 15:44:56.538 [kafka-admin-client-thread | adminclient-1] INFO  o.a.kafka.common.metrics.Metrics - Closing reporter org.apache.kafka.common.metrics.JmxReporter
2024-07-03 15:44:56.538 [kafka-admin-client-thread | adminclient-1] INFO  o.a.kafka.common.metrics.Metrics - Metrics reporters closed
2024-07-03 15:44:56.543 [main] INFO  o.a.coyote.http11.Http11NioProtocol - Starting ProtocolHandler ["http-nio-8088"]
2024-07-03 15:44:56.549 [main] INFO  o.s.b.w.e.tomcat.TomcatWebServer - Tomcat started on port 8088 (http) with context path '/'
2024-07-03 15:44:56.571 [main] INFO  o.a.k.c.consumer.ConsumerConfig - ConsumerConfig values: 
	allow.auto.create.topics = true
	auto.commit.interval.ms = 5000
	auto.include.jmx.reporter = true
	auto.offset.reset = latest
	bootstrap.servers = [localhost:9092]
	check.crcs = true
	client.dns.lookup = use_all_dns_ips
	client.id = consumer-groupA-1
	client.rack = 
	connections.max.idle.ms = 540000
	default.api.timeout.ms = 60000
	enable.auto.commit = false
	enable.metrics.push = true
	exclude.internal.topics = true
	fetch.max.bytes = 52428800
	fetch.max.wait.ms = 500
	fetch.min.bytes = 1
	group.id = groupA
	group.instance.id = null
	group.protocol = classic
	group.remote.assignor = null
	heartbeat.interval.ms = 3000
	interceptor.classes = []
	internal.leave.group.on.close = true
	internal.throw.on.fetch.stable.offset.unsupported = false
	isolation.level = read_uncommitted
	key.deserializer = class org.apache.kafka.common.serialization.StringDeserializer
	max.partition.fetch.bytes = 1048576
	max.poll.interval.ms = 300000
	max.poll.records = 500
	metadata.max.age.ms = 300000
	metric.reporters = []
	metrics.num.samples = 2
	metrics.recording.level = INFO
	metrics.sample.window.ms = 30000
	partition.assignment.strategy = [class org.apache.kafka.clients.consumer.RangeAssignor, class org.apache.kafka.clients.consumer.CooperativeStickyAssignor]
	receive.buffer.bytes = 65536
	reconnect.backoff.max.ms = 1000
	reconnect.backoff.ms = 50
	request.timeout.ms = 30000
	retry.backoff.max.ms = 1000
	retry.backoff.ms = 100
	sasl.client.callback.handler.class = null
	sasl.jaas.config = null
	sasl.kerberos.kinit.cmd = /usr/bin/kinit
	sasl.kerberos.min.time.before.relogin = 60000
	sasl.kerberos.service.name = null
	sasl.kerberos.ticket.renew.jitter = 0.05
	sasl.kerberos.ticket.renew.window.factor = 0.8
	sasl.login.callback.handler.class = null
	sasl.login.class = null
	sasl.login.connect.timeout.ms = null
	sasl.login.read.timeout.ms = null
	sasl.login.refresh.buffer.seconds = 300
	sasl.login.refresh.min.period.seconds = 60
	sasl.login.refresh.window.factor = 0.8
	sasl.login.refresh.window.jitter = 0.05
	sasl.login.retry.backoff.max.ms = 10000
	sasl.login.retry.backoff.ms = 100
	sasl.mechanism = GSSAPI
	sasl.oauthbearer.clock.skew.seconds = 30
	sasl.oauthbearer.expected.audience = null
	sasl.oauthbearer.expected.issuer = null
	sasl.oauthbearer.jwks.endpoint.refresh.ms = 3600000
	sasl.oauthbearer.jwks.endpoint.retry.backoff.max.ms = 10000
	sasl.oauthbearer.jwks.endpoint.retry.backoff.ms = 100
	sasl.oauthbearer.jwks.endpoint.url = null
	sasl.oauthbearer.scope.claim.name = scope
	sasl.oauthbearer.sub.claim.name = sub
	sasl.oauthbearer.token.endpoint.url = null
	security.protocol = PLAINTEXT
	security.providers = null
	send.buffer.bytes = 131072
	session.timeout.ms = 45000
	socket.connection.setup.timeout.max.ms = 30000
	socket.connection.setup.timeout.ms = 10000
	ssl.cipher.suites = null
	ssl.enabled.protocols = [TLSv1.2, TLSv1.3]
	ssl.endpoint.identification.algorithm = https
	ssl.engine.factory.class = null
	ssl.key.password = null
	ssl.keymanager.algorithm = SunX509
	ssl.keystore.certificate.chain = null
	ssl.keystore.key = null
	ssl.keystore.location = null
	ssl.keystore.password = null
	ssl.keystore.type = JKS
	ssl.protocol = TLSv1.3
	ssl.provider = null
	ssl.secure.random.implementation = null
	ssl.trustmanager.algorithm = PKIX
	ssl.truststore.certificates = null
	ssl.truststore.location = null
	ssl.truststore.password = null
	ssl.truststore.type = JKS
	value.deserializer = class org.apache.kafka.common.serialization.ByteArrayDeserializer

2024-07-03 15:44:56.600 [main] INFO  o.a.k.c.t.i.KafkaMetricsCollector - initializing Kafka metrics collector
2024-07-03 15:44:56.642 [main] INFO  o.a.kafka.common.utils.AppInfoParser - Kafka version: 3.7.0
2024-07-03 15:44:56.642 [main] INFO  o.a.kafka.common.utils.AppInfoParser - Kafka commitId: 2ae524ed625438c5
2024-07-03 15:44:56.642 [main] INFO  o.a.kafka.common.utils.AppInfoParser - Kafka startTimeMs: 1719996296642
2024-07-03 15:44:56.651 [main] INFO  o.a.k.c.c.i.LegacyKafkaConsumer - [Consumer clientId=consumer-groupA-1, groupId=groupA] Subscribed to topic(s): get-all-categories, insert-a-category
2024-07-03 15:44:56.674 [groupA-0-C-1] INFO  org.apache.kafka.clients.Metadata - [Consumer clientId=consumer-groupA-1, groupId=groupA] Cluster ID: kOOQKYk9TL6WPoWO3EhtHA
2024-07-03 15:44:56.675 [groupA-0-C-1] INFO  o.a.k.c.c.i.ConsumerCoordinator - [Consumer clientId=consumer-groupA-1, groupId=groupA] Discovered group coordinator 127.0.0.1:9092 (id: 2147483646 rack: null)
2024-07-03 15:44:56.676 [main] INFO  c.project.shopapp.ShopappApplication - Started ShopappApplication in 11.74 seconds (process running for 12.719)
2024-07-03 15:44:56.679 [groupA-0-C-1] INFO  o.a.k.c.c.i.ConsumerCoordinator - [Consumer clientId=consumer-groupA-1, groupId=groupA] (Re-)joining group
2024-07-03 15:44:56.698 [groupA-0-C-1] INFO  o.a.k.c.c.i.ConsumerCoordinator - [Consumer clientId=consumer-groupA-1, groupId=groupA] Request joining group due to: need to re-join with the given member-id: consumer-groupA-1-dbd3c20d-3df5-457d-9278-256e2e1df86f
2024-07-03 15:44:56.698 [groupA-0-C-1] INFO  o.a.k.c.c.i.ConsumerCoordinator - [Consumer clientId=consumer-groupA-1, groupId=groupA] (Re-)joining group
2024-07-03 15:44:59.703 [groupA-0-C-1] INFO  o.a.k.c.c.i.ConsumerCoordinator - [Consumer clientId=consumer-groupA-1, groupId=groupA] Successfully joined group with generation Generation{generationId=3, memberId='consumer-groupA-1-dbd3c20d-3df5-457d-9278-256e2e1df86f', protocol='range'}
2024-07-03 15:44:59.710 [groupA-0-C-1] INFO  o.a.k.c.c.i.ConsumerCoordinator - [Consumer clientId=consumer-groupA-1, groupId=groupA] Finished assignment for group at generation 3: {consumer-groupA-1-dbd3c20d-3df5-457d-9278-256e2e1df86f=Assignment(partitions=[get-all-categories-0, insert-a-category-0])}
2024-07-03 15:44:59.718 [groupA-0-C-1] INFO  o.a.k.c.c.i.ConsumerCoordinator - [Consumer clientId=consumer-groupA-1, groupId=groupA] Successfully synced group in generation Generation{generationId=3, memberId='consumer-groupA-1-dbd3c20d-3df5-457d-9278-256e2e1df86f', protocol='range'}
2024-07-03 15:44:59.718 [groupA-0-C-1] INFO  o.a.k.c.c.i.ConsumerCoordinator - [Consumer clientId=consumer-groupA-1, groupId=groupA] Notifying assignor about the new Assignment(partitions=[get-all-categories-0, insert-a-category-0])
2024-07-03 15:44:59.720 [groupA-0-C-1] INFO  o.a.k.c.c.i.ConsumerRebalanceListenerInvoker - [Consumer clientId=consumer-groupA-1, groupId=groupA] Adding newly assigned partitions: get-all-categories-0, insert-a-category-0
2024-07-03 15:44:59.732 [groupA-0-C-1] INFO  o.a.k.c.c.internals.ConsumerUtils - Setting offset for partition get-all-categories-0 to the committed offset FetchPosition{offset=0, offsetEpoch=Optional.empty, currentLeader=LeaderAndEpoch{leader=Optional[127.0.0.1:9092 (id: 1 rack: null)], epoch=0}}
2024-07-03 15:44:59.733 [groupA-0-C-1] INFO  o.a.k.c.c.internals.ConsumerUtils - Setting offset for partition insert-a-category-0 to the committed offset FetchPosition{offset=0, offsetEpoch=Optional.empty, currentLeader=LeaderAndEpoch{leader=Optional[127.0.0.1:9092 (id: 1 rack: null)], epoch=0}}
2024-07-03 15:44:59.734 [groupA-0-C-1] INFO  o.s.k.l.KafkaMessageListenerContainer - groupA: partitions assigned: [get-all-categories-0, insert-a-category-0]
2024-07-03 15:45:02.506 [http-nio-8088-exec-2] INFO  o.a.c.c.C.[Tomcat].[localhost].[/] - Initializing Spring DispatcherServlet 'dispatcherServlet'
2024-07-03 15:45:02.506 [http-nio-8088-exec-2] INFO  o.s.web.servlet.DispatcherServlet - Initializing Servlet 'dispatcherServlet'
2024-07-03 15:45:02.508 [http-nio-8088-exec-2] INFO  o.s.web.servlet.DispatcherServlet - Completed initialization in 2 ms
2024-07-03 15:45:02.529 [http-nio-8088-exec-2] INFO  Spring Security Debugger - 

************************************************************

Request received for GET '/api/v1/users/auth/social-login?login_type=facebook':

org.apache.catalina.connector.RequestFacade@7ff6b957

servletPath:/api/v1/users/auth/social-login
pathInfo:null
headers: 
user-agent: PostmanRuntime/7.39.0
accept: */*
postman-token: 9e908d87-03c9-446f-b227-0d4da2ebc063
host: localhost:8088
accept-encoding: gzip, deflate, br
connection: keep-alive


Security filter chain: no match


************************************************************


2024-07-03 15:45:05.131 [http-nio-8088-exec-2] INFO  c.p.s.c.aspects.PerformanceAspect - Starting execution of socialAuth
2024-07-03 15:45:05.131 [http-nio-8088-exec-2] INFO  c.p.s.c.aspects.UserActivityLogger - User activity started: socialAuth, IP address: 0:0:0:0:0:0:0:1
2024-07-03 15:45:05.899 [http-nio-8088-exec-2] INFO  c.p.s.c.aspects.UserActivityLogger - User activity finished: socialAuth
2024-07-03 15:45:05.899 [http-nio-8088-exec-2] INFO  c.p.s.c.aspects.PerformanceAspect - Finished execution of socialAuth
2024-07-03 15:45:05.901 [http-nio-8088-exec-2] INFO  c.p.s.c.aspects.PerformanceAspect - Execution of socialAuth took 770 ms
2024-07-03 15:45:45.151 [http-nio-8088-exec-3] INFO  Spring Security Debugger - 

************************************************************

Request received for GET '/api/v1/users/auth/social/callback?code=AQCevvPCOkZoBI8_DTZG0-3AtpNCVJcq0DJmlObnHt9vE837h5vNA5Fbb_SJQ-9IL4ckM0HvlXzjUbF-PgaeCCHENakIJa_XIMJve5E3w8BnnC1k5E_MLDZDI6bz80HIny6jsop2PIcMpmZrGpT4ixKCNTdc5L3eX35CpFLXHsQ0jTpwXU-CC-kXnOeuCGrb4Mj_KTNN_depDcrtHVzZDVudjGYl3PlTrpVLqZjI20IjjZddIyOItg5umoChWK2aZ9cuUZ-drdNiOF5Iv54tsCdX87l6fM89rak69s3cEe3UwRbOMb0oSnvcs85arEgCB9s-r2ECVeZL-gqcU5SKRi4x1kvQeD6KaJhWWNn3r5BNij48OQwO7JXOaOluRsiTfcwqnktLUPDV5duR-lSrzWFdcol6qwWidsOBTXRRZBwkCw%23_=_&login_type=facebook':

org.apache.catalina.connector.RequestFacade@ef60921

servletPath:/api/v1/users/auth/social/callback
pathInfo:null
headers: 
user-agent: PostmanRuntime/7.39.0
accept: */*
postman-token: c4595095-6536-4bc5-b0a3-17de41dadd81
host: localhost:8088
accept-encoding: gzip, deflate, br
connection: keep-alive


Security filter chain: no match


************************************************************


2024-07-03 15:45:51.065 [http-nio-8088-exec-3] INFO  c.p.s.c.aspects.PerformanceAspect - Starting execution of callback
2024-07-03 15:45:51.066 [http-nio-8088-exec-3] INFO  c.p.s.c.aspects.UserActivityLogger - User activity started: callback, IP address: 0:0:0:0:0:0:0:1
2024-07-03 15:47:50.869 [kafka-coordinator-heartbeat-thread | groupA] INFO  o.a.k.c.c.i.ConsumerCoordinator - [Consumer clientId=consumer-groupA-1, groupId=groupA] Group coordinator 127.0.0.1:9092 (id: 2147483646 rack: null) is unavailable or invalid due to cause: session timed out without receiving a heartbeat response. isDisconnected: false. Rediscovery will be attempted.
2024-07-03 15:47:50.870 [kafka-coordinator-heartbeat-thread | groupA] INFO  o.a.k.c.c.i.ConsumerCoordinator - [Consumer clientId=consumer-groupA-1, groupId=groupA] Requesting disconnect from last known coordinator 127.0.0.1:9092 (id: 2147483646 rack: null)
2024-07-03 15:47:50.874 [kafka-coordinator-heartbeat-thread | groupA] INFO  o.apache.kafka.clients.NetworkClient - [Consumer clientId=consumer-groupA-1, groupId=groupA] Client requested disconnect from node 2147483646
2024-07-03 15:47:50.878 [groupA-0-C-1] INFO  o.a.k.c.c.i.ConsumerCoordinator - [Consumer clientId=consumer-groupA-1, groupId=groupA] Discovered group coordinator 127.0.0.1:9092 (id: 2147483646 rack: null)
2024-07-03 15:47:50.878 [groupA-0-C-1] INFO  o.a.k.c.c.i.ConsumerCoordinator - [Consumer clientId=consumer-groupA-1, groupId=groupA] Group coordinator 127.0.0.1:9092 (id: 2147483646 rack: null) is unavailable or invalid due to cause: coordinator unavailable. isDisconnected: false. Rediscovery will be attempted.
2024-07-03 15:47:50.879 [groupA-0-C-1] INFO  o.a.k.c.c.i.ConsumerCoordinator - [Consumer clientId=consumer-groupA-1, groupId=groupA] Requesting disconnect from last known coordinator 127.0.0.1:9092 (id: 2147483646 rack: null)
2024-07-03 15:47:50.891 [http-nio-8088-exec-3] INFO  c.p.s.c.aspects.UserActivityLogger - User activity finished: callback
2024-07-03 15:47:50.892 [http-nio-8088-exec-3] INFO  c.p.s.c.aspects.PerformanceAspect - Finished execution of callback
2024-07-03 15:47:50.892 [http-nio-8088-exec-3] INFO  c.p.s.c.aspects.PerformanceAspect - Execution of callback took 119827 ms
2024-07-03 15:47:50.998 [groupA-0-C-1] INFO  o.a.k.c.c.i.ConsumerCoordinator - [Consumer clientId=consumer-groupA-1, groupId=groupA] Discovered group coordinator 127.0.0.1:9092 (id: 2147483646 rack: null)
2024-07-03 15:47:51.004 [groupA-0-C-1] INFO  o.a.k.c.c.i.ConsumerCoordinator - [Consumer clientId=consumer-groupA-1, groupId=groupA] Attempt to heartbeat with Generation{generationId=3, memberId='consumer-groupA-1-dbd3c20d-3df5-457d-9278-256e2e1df86f', protocol='range'} and group instance id Optional.empty failed due to UNKNOWN_MEMBER_ID, resetting generation
2024-07-03 15:47:51.005 [groupA-0-C-1] INFO  o.a.k.c.c.i.ConsumerCoordinator - [Consumer clientId=consumer-groupA-1, groupId=groupA] Resetting generation and member id due to: encountered UNKNOWN_MEMBER_ID from HEARTBEAT response
2024-07-03 15:47:51.005 [groupA-0-C-1] INFO  o.a.k.c.c.i.ConsumerCoordinator - [Consumer clientId=consumer-groupA-1, groupId=groupA] Request joining group due to: encountered UNKNOWN_MEMBER_ID from HEARTBEAT response
2024-07-03 15:47:51.005 [groupA-0-C-1] INFO  o.a.k.c.c.i.ConsumerCoordinator - [Consumer clientId=consumer-groupA-1, groupId=groupA] Giving away all assigned partitions as lost since generation/memberID has been reset,indicating that consumer is in old state or no longer part of the group
2024-07-03 15:47:51.005 [groupA-0-C-1] INFO  o.a.k.c.c.i.ConsumerRebalanceListenerInvoker - [Consumer clientId=consumer-groupA-1, groupId=groupA] Lost previously assigned partitions get-all-categories-0, insert-a-category-0
2024-07-03 15:47:51.006 [groupA-0-C-1] INFO  o.s.k.l.KafkaMessageListenerContainer - groupA: partitions lost: [get-all-categories-0, insert-a-category-0]
2024-07-03 15:47:51.006 [groupA-0-C-1] INFO  o.s.k.l.KafkaMessageListenerContainer - groupA: partitions revoked: [get-all-categories-0, insert-a-category-0]
2024-07-03 15:47:51.007 [groupA-0-C-1] INFO  o.a.k.c.c.i.ConsumerCoordinator - [Consumer clientId=consumer-groupA-1, groupId=groupA] (Re-)joining group
2024-07-03 15:47:51.011 [groupA-0-C-1] INFO  o.a.k.c.c.i.ConsumerCoordinator - [Consumer clientId=consumer-groupA-1, groupId=groupA] Request joining group due to: need to re-join with the given member-id: consumer-groupA-1-c5a1f8dd-4644-429f-838a-16feab7ce6d2
2024-07-03 15:47:51.011 [groupA-0-C-1] INFO  o.a.k.c.c.i.ConsumerCoordinator - [Consumer clientId=consumer-groupA-1, groupId=groupA] (Re-)joining group
2024-07-03 15:47:54.015 [groupA-0-C-1] INFO  o.a.k.c.c.i.ConsumerCoordinator - [Consumer clientId=consumer-groupA-1, groupId=groupA] Successfully joined group with generation Generation{generationId=5, memberId='consumer-groupA-1-c5a1f8dd-4644-429f-838a-16feab7ce6d2', protocol='range'}
2024-07-03 15:47:54.016 [groupA-0-C-1] INFO  o.a.k.c.c.i.ConsumerCoordinator - [Consumer clientId=consumer-groupA-1, groupId=groupA] Finished assignment for group at generation 5: {consumer-groupA-1-c5a1f8dd-4644-429f-838a-16feab7ce6d2=Assignment(partitions=[get-all-categories-0, insert-a-category-0])}
2024-07-03 15:47:54.019 [groupA-0-C-1] INFO  o.a.k.c.c.i.ConsumerCoordinator - [Consumer clientId=consumer-groupA-1, groupId=groupA] Successfully synced group in generation Generation{generationId=5, memberId='consumer-groupA-1-c5a1f8dd-4644-429f-838a-16feab7ce6d2', protocol='range'}
2024-07-03 15:47:54.020 [groupA-0-C-1] INFO  o.a.k.c.c.i.ConsumerCoordinator - [Consumer clientId=consumer-groupA-1, groupId=groupA] Notifying assignor about the new Assignment(partitions=[get-all-categories-0, insert-a-category-0])
2024-07-03 15:47:54.020 [groupA-0-C-1] INFO  o.a.k.c.c.i.ConsumerRebalanceListenerInvoker - [Consumer clientId=consumer-groupA-1, groupId=groupA] Adding newly assigned partitions: get-all-categories-0, insert-a-category-0
2024-07-03 15:47:54.023 [groupA-0-C-1] INFO  o.a.k.c.c.internals.ConsumerUtils - Setting offset for partition get-all-categories-0 to the committed offset FetchPosition{offset=0, offsetEpoch=Optional.empty, currentLeader=LeaderAndEpoch{leader=Optional[127.0.0.1:9092 (id: 1 rack: null)], epoch=0}}
2024-07-03 15:47:54.023 [groupA-0-C-1] INFO  o.a.k.c.c.internals.ConsumerUtils - Setting offset for partition insert-a-category-0 to the committed offset FetchPosition{offset=0, offsetEpoch=Optional.empty, currentLeader=LeaderAndEpoch{leader=Optional[127.0.0.1:9092 (id: 1 rack: null)], epoch=0}}
2024-07-03 15:47:54.024 [groupA-0-C-1] INFO  o.s.k.l.KafkaMessageListenerContainer - groupA: partitions assigned: [get-all-categories-0, insert-a-category-0]
2024-07-03 15:52:58.916 [groupA-0-C-1] INFO  o.a.k.c.c.i.ConsumerRebalanceListenerInvoker - [Consumer clientId=consumer-groupA-1, groupId=groupA] Revoke previously assigned partitions get-all-categories-0, insert-a-category-0
2024-07-03 15:52:58.916 [groupA-0-C-1] INFO  o.s.k.l.KafkaMessageListenerContainer - groupA: partitions revoked: [get-all-categories-0, insert-a-category-0]
2024-07-03 15:52:58.916 [groupA-0-C-1] INFO  o.a.k.c.c.i.ConsumerCoordinator - [Consumer clientId=consumer-groupA-1, groupId=groupA] Member consumer-groupA-1-c5a1f8dd-4644-429f-838a-16feab7ce6d2 sending LeaveGroup request to coordinator 127.0.0.1:9092 (id: 2147483646 rack: null) due to the consumer unsubscribed from all topics
2024-07-03 15:52:58.916 [groupA-0-C-1] INFO  o.a.k.c.c.i.ConsumerCoordinator - [Consumer clientId=consumer-groupA-1, groupId=groupA] Resetting generation and member id due to: consumer pro-actively leaving the group
2024-07-03 15:52:58.916 [groupA-0-C-1] INFO  o.a.k.c.c.i.ConsumerCoordinator - [Consumer clientId=consumer-groupA-1, groupId=groupA] Request joining group due to: consumer pro-actively leaving the group
2024-07-03 15:52:58.916 [groupA-0-C-1] INFO  o.a.k.c.c.i.LegacyKafkaConsumer - [Consumer clientId=consumer-groupA-1, groupId=groupA] Unsubscribed all topics or patterns and assigned partitions
2024-07-03 15:52:58.920 [groupA-0-C-1] INFO  o.a.k.c.c.i.ConsumerCoordinator - [Consumer clientId=consumer-groupA-1, groupId=groupA] Resetting generation and member id due to: consumer pro-actively leaving the group
2024-07-03 15:52:58.920 [groupA-0-C-1] INFO  o.a.k.c.c.i.ConsumerCoordinator - [Consumer clientId=consumer-groupA-1, groupId=groupA] Request joining group due to: consumer pro-actively leaving the group
2024-07-03 15:52:58.941 [groupA-0-C-1] INFO  o.a.kafka.common.metrics.Metrics - Metrics scheduler closed
2024-07-03 15:52:58.941 [groupA-0-C-1] INFO  o.a.kafka.common.metrics.Metrics - Closing reporter org.apache.kafka.common.metrics.JmxReporter
2024-07-03 15:52:58.941 [groupA-0-C-1] INFO  o.a.kafka.common.metrics.Metrics - Closing reporter org.apache.kafka.common.telemetry.internals.ClientTelemetryReporter
2024-07-03 15:52:58.941 [groupA-0-C-1] INFO  o.a.kafka.common.metrics.Metrics - Metrics reporters closed
2024-07-03 15:52:58.947 [groupA-0-C-1] INFO  o.a.kafka.common.utils.AppInfoParser - App info kafka.consumer for consumer-groupA-1 unregistered
2024-07-03 15:52:58.947 [groupA-0-C-1] INFO  o.s.k.l.KafkaMessageListenerContainer - groupA: Consumer stopped
2024-07-03 15:53:03.645 [background-preinit] INFO  o.h.validator.internal.util.Version - HV000001: Hibernate Validator 8.0.1.Final
2024-07-03 15:53:03.683 [main] INFO  c.project.shopapp.ShopappApplication - Starting ShopappApplication using Java 21.0.3 with PID 15640 (C:\code\udemy\ShopApp\shopapp-backend\target\classes started by nguye in C:\code\udemy\ShopApp\shopapp-backend)
2024-07-03 15:53:03.684 [main] INFO  c.project.shopapp.ShopappApplication - No active profile set, falling back to 1 default profile: "default"
2024-07-03 15:53:04.662 [main] INFO  o.s.d.r.c.RepositoryConfigurationDelegate - Multiple Spring Data modules found, entering strict repository configuration mode
2024-07-03 15:53:04.663 [main] INFO  o.s.d.r.c.RepositoryConfigurationDelegate - Bootstrapping Spring Data JPA repositories in DEFAULT mode.
2024-07-03 15:53:04.812 [main] INFO  o.s.d.r.c.RepositoryConfigurationDelegate - Finished Spring Data repository scanning in 134 ms. Found 12 JPA repository interfaces.
2024-07-03 15:53:05.298 [main] INFO  o.s.d.r.c.RepositoryConfigurationDelegate - Multiple Spring Data modules found, entering strict repository configuration mode
2024-07-03 15:53:05.299 [main] INFO  o.s.d.r.c.RepositoryConfigurationDelegate - Bootstrapping Spring Data Redis repositories in DEFAULT mode.
2024-07-03 15:53:05.342 [main] INFO  o.s.d.r.c.RepositoryConfigurationExtensionSupport - Spring Data Redis - Could not safely identify store assignment for repository candidate interface com.project.shopapp.repositories.CategoryRepository; If you want this repository to be a Redis repository, consider annotating your entities with one of these annotations: org.springframework.data.redis.core.RedisHash (preferred), or consider extending one of the following types with your repository: org.springframework.data.keyvalue.repository.KeyValueRepository
2024-07-03 15:53:05.344 [main] INFO  o.s.d.r.c.RepositoryConfigurationExtensionSupport - Spring Data Redis - Could not safely identify store assignment for repository candidate interface com.project.shopapp.repositories.CommentRepository; If you want this repository to be a Redis repository, consider annotating your entities with one of these annotations: org.springframework.data.redis.core.RedisHash (preferred), or consider extending one of the following types with your repository: org.springframework.data.keyvalue.repository.KeyValueRepository
2024-07-03 15:53:05.344 [main] INFO  o.s.d.r.c.RepositoryConfigurationExtensionSupport - Spring Data Redis - Could not safely identify store assignment for repository candidate interface com.project.shopapp.repositories.CouponConditionRepository; If you want this repository to be a Redis repository, consider annotating your entities with one of these annotations: org.springframework.data.redis.core.RedisHash (preferred), or consider extending one of the following types with your repository: org.springframework.data.keyvalue.repository.KeyValueRepository
2024-07-03 15:53:05.344 [main] INFO  o.s.d.r.c.RepositoryConfigurationExtensionSupport - Spring Data Redis - Could not safely identify store assignment for repository candidate interface com.project.shopapp.repositories.CouponRepository; If you want this repository to be a Redis repository, consider annotating your entities with one of these annotations: org.springframework.data.redis.core.RedisHash (preferred), or consider extending one of the following types with your repository: org.springframework.data.keyvalue.repository.KeyValueRepository
2024-07-03 15:53:05.344 [main] INFO  o.s.d.r.c.RepositoryConfigurationExtensionSupport - Spring Data Redis - Could not safely identify store assignment for repository candidate interface com.project.shopapp.repositories.FavoriteRepository; If you want this repository to be a Redis repository, consider annotating your entities with one of these annotations: org.springframework.data.redis.core.RedisHash (preferred), or consider extending one of the following types with your repository: org.springframework.data.keyvalue.repository.KeyValueRepository
2024-07-03 15:53:05.344 [main] INFO  o.s.d.r.c.RepositoryConfigurationExtensionSupport - Spring Data Redis - Could not safely identify store assignment for repository candidate interface com.project.shopapp.repositories.OrderDetailRepository; If you want this repository to be a Redis repository, consider annotating your entities with one of these annotations: org.springframework.data.redis.core.RedisHash (preferred), or consider extending one of the following types with your repository: org.springframework.data.keyvalue.repository.KeyValueRepository
2024-07-03 15:53:05.344 [main] INFO  o.s.d.r.c.RepositoryConfigurationExtensionSupport - Spring Data Redis - Could not safely identify store assignment for repository candidate interface com.project.shopapp.repositories.OrderRepository; If you want this repository to be a Redis repository, consider annotating your entities with one of these annotations: org.springframework.data.redis.core.RedisHash (preferred), or consider extending one of the following types with your repository: org.springframework.data.keyvalue.repository.KeyValueRepository
2024-07-03 15:53:05.345 [main] INFO  o.s.d.r.c.RepositoryConfigurationExtensionSupport - Spring Data Redis - Could not safely identify store assignment for repository candidate interface com.project.shopapp.repositories.ProductImageRepository; If you want this repository to be a Redis repository, consider annotating your entities with one of these annotations: org.springframework.data.redis.core.RedisHash (preferred), or consider extending one of the following types with your repository: org.springframework.data.keyvalue.repository.KeyValueRepository
2024-07-03 15:53:05.346 [main] INFO  o.s.d.r.c.RepositoryConfigurationExtensionSupport - Spring Data Redis - Could not safely identify store assignment for repository candidate interface com.project.shopapp.repositories.ProductRepository; If you want this repository to be a Redis repository, consider annotating your entities with one of these annotations: org.springframework.data.redis.core.RedisHash (preferred), or consider extending one of the following types with your repository: org.springframework.data.keyvalue.repository.KeyValueRepository
2024-07-03 15:53:05.347 [main] INFO  o.s.d.r.c.RepositoryConfigurationExtensionSupport - Spring Data Redis - Could not safely identify store assignment for repository candidate interface com.project.shopapp.repositories.RoleRepository; If you want this repository to be a Redis repository, consider annotating your entities with one of these annotations: org.springframework.data.redis.core.RedisHash (preferred), or consider extending one of the following types with your repository: org.springframework.data.keyvalue.repository.KeyValueRepository
2024-07-03 15:53:05.347 [main] INFO  o.s.d.r.c.RepositoryConfigurationExtensionSupport - Spring Data Redis - Could not safely identify store assignment for repository candidate interface com.project.shopapp.repositories.TokenRepository; If you want this repository to be a Redis repository, consider annotating your entities with one of these annotations: org.springframework.data.redis.core.RedisHash (preferred), or consider extending one of the following types with your repository: org.springframework.data.keyvalue.repository.KeyValueRepository
2024-07-03 15:53:05.347 [main] INFO  o.s.d.r.c.RepositoryConfigurationExtensionSupport - Spring Data Redis - Could not safely identify store assignment for repository candidate interface com.project.shopapp.repositories.UserRepository; If you want this repository to be a Redis repository, consider annotating your entities with one of these annotations: org.springframework.data.redis.core.RedisHash (preferred), or consider extending one of the following types with your repository: org.springframework.data.keyvalue.repository.KeyValueRepository
2024-07-03 15:53:05.347 [main] INFO  o.s.d.r.c.RepositoryConfigurationDelegate - Finished Spring Data repository scanning in 33 ms. Found 0 Redis repository interfaces.
2024-07-03 15:53:06.396 [main] INFO  o.s.b.w.e.tomcat.TomcatWebServer - Tomcat initialized with port 8088 (http)
2024-07-03 15:53:06.406 [main] INFO  o.a.coyote.http11.Http11NioProtocol - Initializing ProtocolHandler ["http-nio-8088"]
2024-07-03 15:53:06.409 [main] INFO  o.a.catalina.core.StandardService - Starting service [Tomcat]
2024-07-03 15:53:06.409 [main] INFO  o.a.catalina.core.StandardEngine - Starting Servlet engine: [Apache Tomcat/10.1.24]
2024-07-03 15:53:06.491 [main] INFO  o.a.c.c.C.[Tomcat].[localhost].[/] - Initializing Spring embedded WebApplicationContext
2024-07-03 15:53:06.492 [main] INFO  o.s.b.w.s.c.ServletWebServerApplicationContext - Root WebApplicationContext: initialization completed in 2760 ms
2024-07-03 15:53:07.172 [main] INFO  org.flywaydb.core.FlywayExecutor - Database: jdbc:mysql://localhost:3307/ShopApp (MySQL 8.2)
2024-07-03 15:53:07.187 [main] WARN  o.f.c.i.database.base.Database - Flyway upgrade recommended: MySQL 8.2 is newer than this version of Flyway and support has not been tested. The latest supported version of MySQL is 8.1.
2024-07-03 15:53:07.236 [main] INFO  o.f.core.internal.command.DbValidate - Successfully validated 5 migrations (execution time 00:00.035s)
2024-07-03 15:53:07.256 [main] INFO  o.f.core.internal.command.DbMigrate - Current version of schema `ShopApp`: 5
2024-07-03 15:53:07.259 [main] INFO  o.f.core.internal.command.DbMigrate - Schema `ShopApp` is up to date. No migration necessary.
2024-07-03 15:53:07.397 [main] INFO  o.h.jpa.internal.util.LogHelper - HHH000204: Processing PersistenceUnitInfo [name: default]
2024-07-03 15:53:07.464 [main] INFO  org.hibernate.Version - HHH000412: Hibernate ORM core version 6.5.2.Final
2024-07-03 15:53:07.502 [main] INFO  o.h.c.i.RegionFactoryInitiator - HHH000026: Second-level cache disabled
2024-07-03 15:53:07.816 [main] INFO  o.s.o.j.p.SpringPersistenceUnitInfo - No LoadTimeWeaver setup: ignoring JPA class transformer
2024-07-03 15:53:08.360 [main] INFO  c.p.s.configurations.RedisConfig - redisHost = localhost, redisPort = 6379
2024-07-03 15:53:09.579 [main] INFO  o.h.e.t.j.p.i.JtaPlatformInitiator - HHH000489: No JTA platform available (set 'hibernate.transaction.jta.platform' to enable JTA platform integration)
2024-07-03 15:53:09.582 [main] INFO  o.s.o.j.LocalContainerEntityManagerFactoryBean - Initialized JPA EntityManagerFactory for persistence unit 'default'
2024-07-03 15:53:09.882 [main] INFO  o.s.d.j.r.query.QueryEnhancerFactory - Hibernate is in classpath; If applicable, HQL parser will be used.
2024-07-03 15:53:11.169 [main] INFO  o.s.b.a.e.web.EndpointLinksResolver - Exposing 2 endpoints beneath base path '/api/v1/actuator'
2024-07-03 15:53:11.254 [main] WARN  o.s.b.a.o.j.JpaBaseConfiguration$JpaWebConfiguration - spring.jpa.open-in-view is enabled by default. Therefore, database queries may be performed during view rendering. Explicitly configure spring.jpa.open-in-view to disable this warning
2024-07-03 15:53:11.907 [main] INFO  o.s.s.c.a.a.c.InitializeAuthenticationProviderBeanManagerConfigurer$InitializeAuthenticationProviderManagerConfigurer - Global AuthenticationManager configured with AuthenticationProvider bean with name authenticationProvider
2024-07-03 15:53:11.908 [main] WARN  o.s.s.c.a.a.c.InitializeUserDetailsBeanManagerConfigurer$InitializeUserDetailsManagerConfigurer - Global AuthenticationManager configured with an AuthenticationProvider bean. UserDetailsService beans will not be used for username/password login. Consider removing the AuthenticationProvider bean. Alternatively, consider using the UserDetailsService in a manually instantiated DaoAuthenticationProvider.
2024-07-03 15:53:12.345 [main] INFO  o.s.s.web.DefaultSecurityFilterChain - Will secure Or [Mvc [pattern='EndpointRequestMatcher includes=[*], excludes=[], includeLinks=true']] with [org.springframework.security.web.session.DisableEncodeUrlFilter@6ceb831, org.springframework.security.web.context.request.async.WebAsyncManagerIntegrationFilter@57dd604b, org.springframework.security.web.context.SecurityContextHolderFilter@18011a4a, org.springframework.security.web.header.HeaderWriterFilter@1a427dc0, org.springframework.web.filter.CorsFilter@1c1d14d6, org.springframework.security.web.authentication.logout.LogoutFilter@6639aafc, org.springframework.security.oauth2.client.web.OAuth2AuthorizationRequestRedirectFilter@16abeca6, org.springframework.security.oauth2.client.web.OAuth2LoginAuthenticationFilter@57893f3b, com.project.shopapp.filters.JwtTokenFilter@64f5cec8, org.springframework.security.oauth2.server.resource.web.authentication.BearerTokenAuthenticationFilter@602d2058, org.springframework.security.web.savedrequest.RequestCacheAwareFilter@3a2486d9, org.springframework.security.web.servletapi.SecurityContextHolderAwareRequestFilter@24309836, org.springframework.security.web.authentication.AnonymousAuthenticationFilter@e8c973, org.springframework.security.web.session.SessionManagementFilter@6221295f, org.springframework.security.web.access.ExceptionTranslationFilter@52365ba1, org.springframework.security.web.access.intercept.AuthorizationFilter@56c73551]
2024-07-03 15:53:12.365 [main] WARN  o.s.s.c.a.web.builders.WebSecurity - 

********************************************************************
**********        Security debugging is enabled.       *************
**********    This may include sensitive information.  *************
**********      Do not use in a production system!     *************
********************************************************************


2024-07-03 15:53:13.407 [main] INFO  o.a.k.c.admin.AdminClientConfig - AdminClientConfig values: 
	auto.include.jmx.reporter = true
	bootstrap.controllers = []
	bootstrap.servers = [localhost:9092]
	client.dns.lookup = use_all_dns_ips
	client.id = 
	connections.max.idle.ms = 300000
	default.api.timeout.ms = 60000
	enable.metrics.push = true
	metadata.max.age.ms = 300000
	metric.reporters = []
	metrics.num.samples = 2
	metrics.recording.level = INFO
	metrics.sample.window.ms = 30000
	receive.buffer.bytes = 65536
	reconnect.backoff.max.ms = 1000
	reconnect.backoff.ms = 50
	request.timeout.ms = 30000
	retries = 2147483647
	retry.backoff.max.ms = 1000
	retry.backoff.ms = 100
	sasl.client.callback.handler.class = null
	sasl.jaas.config = null
	sasl.kerberos.kinit.cmd = /usr/bin/kinit
	sasl.kerberos.min.time.before.relogin = 60000
	sasl.kerberos.service.name = null
	sasl.kerberos.ticket.renew.jitter = 0.05
	sasl.kerberos.ticket.renew.window.factor = 0.8
	sasl.login.callback.handler.class = null
	sasl.login.class = null
	sasl.login.connect.timeout.ms = null
	sasl.login.read.timeout.ms = null
	sasl.login.refresh.buffer.seconds = 300
	sasl.login.refresh.min.period.seconds = 60
	sasl.login.refresh.window.factor = 0.8
	sasl.login.refresh.window.jitter = 0.05
	sasl.login.retry.backoff.max.ms = 10000
	sasl.login.retry.backoff.ms = 100
	sasl.mechanism = GSSAPI
	sasl.oauthbearer.clock.skew.seconds = 30
	sasl.oauthbearer.expected.audience = null
	sasl.oauthbearer.expected.issuer = null
	sasl.oauthbearer.jwks.endpoint.refresh.ms = 3600000
	sasl.oauthbearer.jwks.endpoint.retry.backoff.max.ms = 10000
	sasl.oauthbearer.jwks.endpoint.retry.backoff.ms = 100
	sasl.oauthbearer.jwks.endpoint.url = null
	sasl.oauthbearer.scope.claim.name = scope
	sasl.oauthbearer.sub.claim.name = sub
	sasl.oauthbearer.token.endpoint.url = null
	security.protocol = PLAINTEXT
	security.providers = null
	send.buffer.bytes = 131072
	socket.connection.setup.timeout.max.ms = 30000
	socket.connection.setup.timeout.ms = 10000
	ssl.cipher.suites = null
	ssl.enabled.protocols = [TLSv1.2, TLSv1.3]
	ssl.endpoint.identification.algorithm = https
	ssl.engine.factory.class = null
	ssl.key.password = null
	ssl.keymanager.algorithm = SunX509
	ssl.keystore.certificate.chain = null
	ssl.keystore.key = null
	ssl.keystore.location = null
	ssl.keystore.password = null
	ssl.keystore.type = JKS
	ssl.protocol = TLSv1.3
	ssl.provider = null
	ssl.secure.random.implementation = null
	ssl.trustmanager.algorithm = PKIX
	ssl.truststore.certificates = null
	ssl.truststore.location = null
	ssl.truststore.password = null
	ssl.truststore.type = JKS

2024-07-03 15:53:13.527 [main] INFO  o.a.kafka.common.utils.AppInfoParser - Kafka version: 3.7.0
2024-07-03 15:53:13.528 [main] INFO  o.a.kafka.common.utils.AppInfoParser - Kafka commitId: 2ae524ed625438c5
2024-07-03 15:53:13.528 [main] INFO  o.a.kafka.common.utils.AppInfoParser - Kafka startTimeMs: 1719996793526
2024-07-03 15:53:13.830 [kafka-admin-client-thread | adminclient-1] INFO  o.a.kafka.common.utils.AppInfoParser - App info kafka.admin.client for adminclient-1 unregistered
2024-07-03 15:53:13.834 [kafka-admin-client-thread | adminclient-1] INFO  o.a.kafka.common.metrics.Metrics - Metrics scheduler closed
2024-07-03 15:53:13.834 [kafka-admin-client-thread | adminclient-1] INFO  o.a.kafka.common.metrics.Metrics - Closing reporter org.apache.kafka.common.metrics.JmxReporter
2024-07-03 15:53:13.834 [kafka-admin-client-thread | adminclient-1] INFO  o.a.kafka.common.metrics.Metrics - Metrics reporters closed
2024-07-03 15:53:13.838 [main] INFO  o.a.coyote.http11.Http11NioProtocol - Starting ProtocolHandler ["http-nio-8088"]
2024-07-03 15:53:13.845 [main] INFO  o.s.b.w.e.tomcat.TomcatWebServer - Tomcat started on port 8088 (http) with context path '/'
2024-07-03 15:53:13.867 [main] INFO  o.a.k.c.consumer.ConsumerConfig - ConsumerConfig values: 
	allow.auto.create.topics = true
	auto.commit.interval.ms = 5000
	auto.include.jmx.reporter = true
	auto.offset.reset = latest
	bootstrap.servers = [localhost:9092]
	check.crcs = true
	client.dns.lookup = use_all_dns_ips
	client.id = consumer-groupA-1
	client.rack = 
	connections.max.idle.ms = 540000
	default.api.timeout.ms = 60000
	enable.auto.commit = false
	enable.metrics.push = true
	exclude.internal.topics = true
	fetch.max.bytes = 52428800
	fetch.max.wait.ms = 500
	fetch.min.bytes = 1
	group.id = groupA
	group.instance.id = null
	group.protocol = classic
	group.remote.assignor = null
	heartbeat.interval.ms = 3000
	interceptor.classes = []
	internal.leave.group.on.close = true
	internal.throw.on.fetch.stable.offset.unsupported = false
	isolation.level = read_uncommitted
	key.deserializer = class org.apache.kafka.common.serialization.StringDeserializer
	max.partition.fetch.bytes = 1048576
	max.poll.interval.ms = 300000
	max.poll.records = 500
	metadata.max.age.ms = 300000
	metric.reporters = []
	metrics.num.samples = 2
	metrics.recording.level = INFO
	metrics.sample.window.ms = 30000
	partition.assignment.strategy = [class org.apache.kafka.clients.consumer.RangeAssignor, class org.apache.kafka.clients.consumer.CooperativeStickyAssignor]
	receive.buffer.bytes = 65536
	reconnect.backoff.max.ms = 1000
	reconnect.backoff.ms = 50
	request.timeout.ms = 30000
	retry.backoff.max.ms = 1000
	retry.backoff.ms = 100
	sasl.client.callback.handler.class = null
	sasl.jaas.config = null
	sasl.kerberos.kinit.cmd = /usr/bin/kinit
	sasl.kerberos.min.time.before.relogin = 60000
	sasl.kerberos.service.name = null
	sasl.kerberos.ticket.renew.jitter = 0.05
	sasl.kerberos.ticket.renew.window.factor = 0.8
	sasl.login.callback.handler.class = null
	sasl.login.class = null
	sasl.login.connect.timeout.ms = null
	sasl.login.read.timeout.ms = null
	sasl.login.refresh.buffer.seconds = 300
	sasl.login.refresh.min.period.seconds = 60
	sasl.login.refresh.window.factor = 0.8
	sasl.login.refresh.window.jitter = 0.05
	sasl.login.retry.backoff.max.ms = 10000
	sasl.login.retry.backoff.ms = 100
	sasl.mechanism = GSSAPI
	sasl.oauthbearer.clock.skew.seconds = 30
	sasl.oauthbearer.expected.audience = null
	sasl.oauthbearer.expected.issuer = null
	sasl.oauthbearer.jwks.endpoint.refresh.ms = 3600000
	sasl.oauthbearer.jwks.endpoint.retry.backoff.max.ms = 10000
	sasl.oauthbearer.jwks.endpoint.retry.backoff.ms = 100
	sasl.oauthbearer.jwks.endpoint.url = null
	sasl.oauthbearer.scope.claim.name = scope
	sasl.oauthbearer.sub.claim.name = sub
	sasl.oauthbearer.token.endpoint.url = null
	security.protocol = PLAINTEXT
	security.providers = null
	send.buffer.bytes = 131072
	session.timeout.ms = 45000
	socket.connection.setup.timeout.max.ms = 30000
	socket.connection.setup.timeout.ms = 10000
	ssl.cipher.suites = null
	ssl.enabled.protocols = [TLSv1.2, TLSv1.3]
	ssl.endpoint.identification.algorithm = https
	ssl.engine.factory.class = null
	ssl.key.password = null
	ssl.keymanager.algorithm = SunX509
	ssl.keystore.certificate.chain = null
	ssl.keystore.key = null
	ssl.keystore.location = null
	ssl.keystore.password = null
	ssl.keystore.type = JKS
	ssl.protocol = TLSv1.3
	ssl.provider = null
	ssl.secure.random.implementation = null
	ssl.trustmanager.algorithm = PKIX
	ssl.truststore.certificates = null
	ssl.truststore.location = null
	ssl.truststore.password = null
	ssl.truststore.type = JKS
	value.deserializer = class org.apache.kafka.common.serialization.ByteArrayDeserializer

2024-07-03 15:53:13.896 [main] INFO  o.a.k.c.t.i.KafkaMetricsCollector - initializing Kafka metrics collector
2024-07-03 15:53:13.937 [main] INFO  o.a.kafka.common.utils.AppInfoParser - Kafka version: 3.7.0
2024-07-03 15:53:13.938 [main] INFO  o.a.kafka.common.utils.AppInfoParser - Kafka commitId: 2ae524ed625438c5
2024-07-03 15:53:13.938 [main] INFO  o.a.kafka.common.utils.AppInfoParser - Kafka startTimeMs: 1719996793937
2024-07-03 15:53:13.948 [main] INFO  o.a.k.c.c.i.LegacyKafkaConsumer - [Consumer clientId=consumer-groupA-1, groupId=groupA] Subscribed to topic(s): get-all-categories, insert-a-category
2024-07-03 15:53:13.968 [groupA-0-C-1] INFO  org.apache.kafka.clients.Metadata - [Consumer clientId=consumer-groupA-1, groupId=groupA] Cluster ID: kOOQKYk9TL6WPoWO3EhtHA
2024-07-03 15:53:13.969 [groupA-0-C-1] INFO  o.a.k.c.c.i.ConsumerCoordinator - [Consumer clientId=consumer-groupA-1, groupId=groupA] Discovered group coordinator 127.0.0.1:9092 (id: 2147483646 rack: null)
2024-07-03 15:53:13.970 [main] INFO  c.project.shopapp.ShopappApplication - Started ShopappApplication in 10.681 seconds (process running for 11.668)
2024-07-03 15:53:13.972 [groupA-0-C-1] INFO  o.a.k.c.c.i.ConsumerCoordinator - [Consumer clientId=consumer-groupA-1, groupId=groupA] (Re-)joining group
2024-07-03 15:53:13.989 [groupA-0-C-1] INFO  o.a.k.c.c.i.ConsumerCoordinator - [Consumer clientId=consumer-groupA-1, groupId=groupA] Request joining group due to: need to re-join with the given member-id: consumer-groupA-1-02312b80-a2ce-4921-9c52-5992ea35e036
2024-07-03 15:53:13.990 [groupA-0-C-1] INFO  o.a.k.c.c.i.ConsumerCoordinator - [Consumer clientId=consumer-groupA-1, groupId=groupA] (Re-)joining group
2024-07-03 15:53:16.998 [groupA-0-C-1] INFO  o.a.k.c.c.i.ConsumerCoordinator - [Consumer clientId=consumer-groupA-1, groupId=groupA] Successfully joined group with generation Generation{generationId=7, memberId='consumer-groupA-1-02312b80-a2ce-4921-9c52-5992ea35e036', protocol='range'}
2024-07-03 15:53:17.020 [groupA-0-C-1] INFO  o.a.k.c.c.i.ConsumerCoordinator - [Consumer clientId=consumer-groupA-1, groupId=groupA] Finished assignment for group at generation 7: {consumer-groupA-1-02312b80-a2ce-4921-9c52-5992ea35e036=Assignment(partitions=[get-all-categories-0, insert-a-category-0])}
2024-07-03 15:53:17.033 [groupA-0-C-1] INFO  o.a.k.c.c.i.ConsumerCoordinator - [Consumer clientId=consumer-groupA-1, groupId=groupA] Successfully synced group in generation Generation{generationId=7, memberId='consumer-groupA-1-02312b80-a2ce-4921-9c52-5992ea35e036', protocol='range'}
2024-07-03 15:53:17.034 [groupA-0-C-1] INFO  o.a.k.c.c.i.ConsumerCoordinator - [Consumer clientId=consumer-groupA-1, groupId=groupA] Notifying assignor about the new Assignment(partitions=[get-all-categories-0, insert-a-category-0])
2024-07-03 15:53:17.038 [groupA-0-C-1] INFO  o.a.k.c.c.i.ConsumerRebalanceListenerInvoker - [Consumer clientId=consumer-groupA-1, groupId=groupA] Adding newly assigned partitions: get-all-categories-0, insert-a-category-0
2024-07-03 15:53:17.057 [groupA-0-C-1] INFO  o.a.k.c.c.internals.ConsumerUtils - Setting offset for partition get-all-categories-0 to the committed offset FetchPosition{offset=0, offsetEpoch=Optional.empty, currentLeader=LeaderAndEpoch{leader=Optional[127.0.0.1:9092 (id: 1 rack: null)], epoch=0}}
2024-07-03 15:53:17.058 [groupA-0-C-1] INFO  o.a.k.c.c.internals.ConsumerUtils - Setting offset for partition insert-a-category-0 to the committed offset FetchPosition{offset=0, offsetEpoch=Optional.empty, currentLeader=LeaderAndEpoch{leader=Optional[127.0.0.1:9092 (id: 1 rack: null)], epoch=0}}
2024-07-03 15:53:17.060 [groupA-0-C-1] INFO  o.s.k.l.KafkaMessageListenerContainer - groupA: partitions assigned: [get-all-categories-0, insert-a-category-0]
2024-07-03 16:02:14.116 [groupA-0-C-1] INFO  o.apache.kafka.clients.NetworkClient - [Consumer clientId=consumer-groupA-1, groupId=groupA] Node -1 disconnected.
2024-07-03 16:04:40.683 [groupA-0-C-1] INFO  o.a.k.c.c.i.ConsumerRebalanceListenerInvoker - [Consumer clientId=consumer-groupA-1, groupId=groupA] Revoke previously assigned partitions get-all-categories-0, insert-a-category-0
2024-07-03 16:04:40.685 [groupA-0-C-1] INFO  o.s.k.l.KafkaMessageListenerContainer - groupA: partitions revoked: [get-all-categories-0, insert-a-category-0]
2024-07-03 16:04:40.685 [groupA-0-C-1] INFO  o.a.k.c.c.i.ConsumerCoordinator - [Consumer clientId=consumer-groupA-1, groupId=groupA] Member consumer-groupA-1-02312b80-a2ce-4921-9c52-5992ea35e036 sending LeaveGroup request to coordinator 127.0.0.1:9092 (id: 2147483646 rack: null) due to the consumer unsubscribed from all topics
2024-07-03 16:04:40.686 [groupA-0-C-1] INFO  o.a.k.c.c.i.ConsumerCoordinator - [Consumer clientId=consumer-groupA-1, groupId=groupA] Resetting generation and member id due to: consumer pro-actively leaving the group
2024-07-03 16:04:40.687 [groupA-0-C-1] INFO  o.a.k.c.c.i.ConsumerCoordinator - [Consumer clientId=consumer-groupA-1, groupId=groupA] Request joining group due to: consumer pro-actively leaving the group
2024-07-03 16:04:40.687 [groupA-0-C-1] INFO  o.a.k.c.c.i.LegacyKafkaConsumer - [Consumer clientId=consumer-groupA-1, groupId=groupA] Unsubscribed all topics or patterns and assigned partitions
2024-07-03 16:04:40.688 [groupA-0-C-1] INFO  o.a.k.c.c.i.ConsumerCoordinator - [Consumer clientId=consumer-groupA-1, groupId=groupA] Resetting generation and member id due to: consumer pro-actively leaving the group
2024-07-03 16:04:40.688 [groupA-0-C-1] INFO  o.a.k.c.c.i.ConsumerCoordinator - [Consumer clientId=consumer-groupA-1, groupId=groupA] Request joining group due to: consumer pro-actively leaving the group
2024-07-03 16:04:41.096 [groupA-0-C-1] INFO  o.a.kafka.common.metrics.Metrics - Metrics scheduler closed
2024-07-03 16:04:41.097 [groupA-0-C-1] INFO  o.a.kafka.common.metrics.Metrics - Closing reporter org.apache.kafka.common.metrics.JmxReporter
2024-07-03 16:04:41.097 [groupA-0-C-1] INFO  o.a.kafka.common.metrics.Metrics - Closing reporter org.apache.kafka.common.telemetry.internals.ClientTelemetryReporter
2024-07-03 16:04:41.097 [groupA-0-C-1] INFO  o.a.kafka.common.metrics.Metrics - Metrics reporters closed
2024-07-03 16:04:41.106 [groupA-0-C-1] INFO  o.a.kafka.common.utils.AppInfoParser - App info kafka.consumer for consumer-groupA-1 unregistered
2024-07-03 16:04:41.106 [groupA-0-C-1] INFO  o.s.k.l.KafkaMessageListenerContainer - groupA: Consumer stopped
2024-07-03 16:04:41.229 [SpringApplicationShutdownHook] INFO  o.s.o.j.LocalContainerEntityManagerFactoryBean - Closing JPA EntityManagerFactory for persistence unit 'default'
2024-07-03 16:04:48.596 [background-preinit] INFO  o.h.validator.internal.util.Version - HV000001: Hibernate Validator 8.0.1.Final
2024-07-03 16:04:48.639 [main] INFO  c.project.shopapp.ShopappApplication - Starting ShopappApplication using Java 21.0.3 with PID 7804 (C:\code\udemy\ShopApp\shopapp-backend\target\classes started by nguye in C:\code\udemy\ShopApp\shopapp-backend)
2024-07-03 16:04:48.643 [main] INFO  c.project.shopapp.ShopappApplication - No active profile set, falling back to 1 default profile: "default"
2024-07-03 16:04:49.805 [main] INFO  o.s.d.r.c.RepositoryConfigurationDelegate - Multiple Spring Data modules found, entering strict repository configuration mode
2024-07-03 16:04:49.805 [main] INFO  o.s.d.r.c.RepositoryConfigurationDelegate - Bootstrapping Spring Data JPA repositories in DEFAULT mode.
2024-07-03 16:04:49.969 [main] INFO  o.s.d.r.c.RepositoryConfigurationDelegate - Finished Spring Data repository scanning in 157 ms. Found 12 JPA repository interfaces.
2024-07-03 16:04:50.656 [main] INFO  o.s.d.r.c.RepositoryConfigurationDelegate - Multiple Spring Data modules found, entering strict repository configuration mode
2024-07-03 16:04:50.660 [main] INFO  o.s.d.r.c.RepositoryConfigurationDelegate - Bootstrapping Spring Data Redis repositories in DEFAULT mode.
2024-07-03 16:04:50.716 [main] INFO  o.s.d.r.c.RepositoryConfigurationExtensionSupport - Spring Data Redis - Could not safely identify store assignment for repository candidate interface com.project.shopapp.repositories.CategoryRepository; If you want this repository to be a Redis repository, consider annotating your entities with one of these annotations: org.springframework.data.redis.core.RedisHash (preferred), or consider extending one of the following types with your repository: org.springframework.data.keyvalue.repository.KeyValueRepository
2024-07-03 16:04:50.720 [main] INFO  o.s.d.r.c.RepositoryConfigurationExtensionSupport - Spring Data Redis - Could not safely identify store assignment for repository candidate interface com.project.shopapp.repositories.CommentRepository; If you want this repository to be a Redis repository, consider annotating your entities with one of these annotations: org.springframework.data.redis.core.RedisHash (preferred), or consider extending one of the following types with your repository: org.springframework.data.keyvalue.repository.KeyValueRepository
2024-07-03 16:04:50.720 [main] INFO  o.s.d.r.c.RepositoryConfigurationExtensionSupport - Spring Data Redis - Could not safely identify store assignment for repository candidate interface com.project.shopapp.repositories.CouponConditionRepository; If you want this repository to be a Redis repository, consider annotating your entities with one of these annotations: org.springframework.data.redis.core.RedisHash (preferred), or consider extending one of the following types with your repository: org.springframework.data.keyvalue.repository.KeyValueRepository
2024-07-03 16:04:50.720 [main] INFO  o.s.d.r.c.RepositoryConfigurationExtensionSupport - Spring Data Redis - Could not safely identify store assignment for repository candidate interface com.project.shopapp.repositories.CouponRepository; If you want this repository to be a Redis repository, consider annotating your entities with one of these annotations: org.springframework.data.redis.core.RedisHash (preferred), or consider extending one of the following types with your repository: org.springframework.data.keyvalue.repository.KeyValueRepository
2024-07-03 16:04:50.720 [main] INFO  o.s.d.r.c.RepositoryConfigurationExtensionSupport - Spring Data Redis - Could not safely identify store assignment for repository candidate interface com.project.shopapp.repositories.FavoriteRepository; If you want this repository to be a Redis repository, consider annotating your entities with one of these annotations: org.springframework.data.redis.core.RedisHash (preferred), or consider extending one of the following types with your repository: org.springframework.data.keyvalue.repository.KeyValueRepository
2024-07-03 16:04:50.720 [main] INFO  o.s.d.r.c.RepositoryConfigurationExtensionSupport - Spring Data Redis - Could not safely identify store assignment for repository candidate interface com.project.shopapp.repositories.OrderDetailRepository; If you want this repository to be a Redis repository, consider annotating your entities with one of these annotations: org.springframework.data.redis.core.RedisHash (preferred), or consider extending one of the following types with your repository: org.springframework.data.keyvalue.repository.KeyValueRepository
2024-07-03 16:04:50.720 [main] INFO  o.s.d.r.c.RepositoryConfigurationExtensionSupport - Spring Data Redis - Could not safely identify store assignment for repository candidate interface com.project.shopapp.repositories.OrderRepository; If you want this repository to be a Redis repository, consider annotating your entities with one of these annotations: org.springframework.data.redis.core.RedisHash (preferred), or consider extending one of the following types with your repository: org.springframework.data.keyvalue.repository.KeyValueRepository
2024-07-03 16:04:50.720 [main] INFO  o.s.d.r.c.RepositoryConfigurationExtensionSupport - Spring Data Redis - Could not safely identify store assignment for repository candidate interface com.project.shopapp.repositories.ProductImageRepository; If you want this repository to be a Redis repository, consider annotating your entities with one of these annotations: org.springframework.data.redis.core.RedisHash (preferred), or consider extending one of the following types with your repository: org.springframework.data.keyvalue.repository.KeyValueRepository
2024-07-03 16:04:50.724 [main] INFO  o.s.d.r.c.RepositoryConfigurationExtensionSupport - Spring Data Redis - Could not safely identify store assignment for repository candidate interface com.project.shopapp.repositories.ProductRepository; If you want this repository to be a Redis repository, consider annotating your entities with one of these annotations: org.springframework.data.redis.core.RedisHash (preferred), or consider extending one of the following types with your repository: org.springframework.data.keyvalue.repository.KeyValueRepository
2024-07-03 16:04:50.724 [main] INFO  o.s.d.r.c.RepositoryConfigurationExtensionSupport - Spring Data Redis - Could not safely identify store assignment for repository candidate interface com.project.shopapp.repositories.RoleRepository; If you want this repository to be a Redis repository, consider annotating your entities with one of these annotations: org.springframework.data.redis.core.RedisHash (preferred), or consider extending one of the following types with your repository: org.springframework.data.keyvalue.repository.KeyValueRepository
2024-07-03 16:04:50.724 [main] INFO  o.s.d.r.c.RepositoryConfigurationExtensionSupport - Spring Data Redis - Could not safely identify store assignment for repository candidate interface com.project.shopapp.repositories.TokenRepository; If you want this repository to be a Redis repository, consider annotating your entities with one of these annotations: org.springframework.data.redis.core.RedisHash (preferred), or consider extending one of the following types with your repository: org.springframework.data.keyvalue.repository.KeyValueRepository
2024-07-03 16:04:50.724 [main] INFO  o.s.d.r.c.RepositoryConfigurationExtensionSupport - Spring Data Redis - Could not safely identify store assignment for repository candidate interface com.project.shopapp.repositories.UserRepository; If you want this repository to be a Redis repository, consider annotating your entities with one of these annotations: org.springframework.data.redis.core.RedisHash (preferred), or consider extending one of the following types with your repository: org.springframework.data.keyvalue.repository.KeyValueRepository
2024-07-03 16:04:50.724 [main] INFO  o.s.d.r.c.RepositoryConfigurationDelegate - Finished Spring Data repository scanning in 49 ms. Found 0 Redis repository interfaces.
2024-07-03 16:04:52.190 [main] INFO  o.s.b.w.e.tomcat.TomcatWebServer - Tomcat initialized with port 8088 (http)
2024-07-03 16:04:52.210 [main] INFO  o.a.coyote.http11.Http11NioProtocol - Initializing ProtocolHandler ["http-nio-8088"]
2024-07-03 16:04:52.214 [main] INFO  o.a.catalina.core.StandardService - Starting service [Tomcat]
2024-07-03 16:04:52.214 [main] INFO  o.a.catalina.core.StandardEngine - Starting Servlet engine: [Apache Tomcat/10.1.24]
2024-07-03 16:04:52.305 [main] INFO  o.a.c.c.C.[Tomcat].[localhost].[/] - Initializing Spring embedded WebApplicationContext
2024-07-03 16:04:52.305 [main] INFO  o.s.b.w.s.c.ServletWebServerApplicationContext - Root WebApplicationContext: initialization completed in 3594 ms
2024-07-03 16:04:53.126 [main] INFO  org.flywaydb.core.FlywayExecutor - Database: jdbc:mysql://localhost:3307/ShopApp (MySQL 8.2)
2024-07-03 16:04:53.158 [main] WARN  o.f.c.i.database.base.Database - Flyway upgrade recommended: MySQL 8.2 is newer than this version of Flyway and support has not been tested. The latest supported version of MySQL is 8.1.
2024-07-03 16:04:53.234 [main] INFO  o.f.core.internal.command.DbValidate - Successfully validated 5 migrations (execution time 00:00.056s)
2024-07-03 16:04:53.274 [main] INFO  o.f.core.internal.command.DbMigrate - Current version of schema `ShopApp`: 5
2024-07-03 16:04:53.284 [main] INFO  o.f.core.internal.command.DbMigrate - Schema `ShopApp` is up to date. No migration necessary.
2024-07-03 16:04:53.535 [main] INFO  o.h.jpa.internal.util.LogHelper - HHH000204: Processing PersistenceUnitInfo [name: default]
2024-07-03 16:04:53.624 [main] INFO  org.hibernate.Version - HHH000412: Hibernate ORM core version 6.5.2.Final
2024-07-03 16:04:53.678 [main] INFO  o.h.c.i.RegionFactoryInitiator - HHH000026: Second-level cache disabled
2024-07-03 16:04:54.027 [main] INFO  o.s.o.j.p.SpringPersistenceUnitInfo - No LoadTimeWeaver setup: ignoring JPA class transformer
2024-07-03 16:04:54.655 [main] INFO  c.p.s.configurations.RedisConfig - redisHost = localhost, redisPort = 6379
2024-07-03 16:04:56.011 [main] INFO  o.h.e.t.j.p.i.JtaPlatformInitiator - HHH000489: No JTA platform available (set 'hibernate.transaction.jta.platform' to enable JTA platform integration)
2024-07-03 16:04:56.014 [main] INFO  o.s.o.j.LocalContainerEntityManagerFactoryBean - Initialized JPA EntityManagerFactory for persistence unit 'default'
2024-07-03 16:04:56.490 [main] INFO  o.s.d.j.r.query.QueryEnhancerFactory - Hibernate is in classpath; If applicable, HQL parser will be used.
2024-07-03 16:04:58.319 [main] INFO  o.s.b.a.e.web.EndpointLinksResolver - Exposing 2 endpoints beneath base path '/api/v1/actuator'
2024-07-03 16:04:58.401 [main] WARN  o.s.b.a.o.j.JpaBaseConfiguration$JpaWebConfiguration - spring.jpa.open-in-view is enabled by default. Therefore, database queries may be performed during view rendering. Explicitly configure spring.jpa.open-in-view to disable this warning
2024-07-03 16:04:59.121 [main] INFO  o.s.s.c.a.a.c.InitializeAuthenticationProviderBeanManagerConfigurer$InitializeAuthenticationProviderManagerConfigurer - Global AuthenticationManager configured with AuthenticationProvider bean with name authenticationProvider
2024-07-03 16:04:59.122 [main] WARN  o.s.s.c.a.a.c.InitializeUserDetailsBeanManagerConfigurer$InitializeUserDetailsManagerConfigurer - Global AuthenticationManager configured with an AuthenticationProvider bean. UserDetailsService beans will not be used for username/password login. Consider removing the AuthenticationProvider bean. Alternatively, consider using the UserDetailsService in a manually instantiated DaoAuthenticationProvider.
2024-07-03 16:04:59.629 [main] INFO  o.s.s.web.DefaultSecurityFilterChain - Will secure Or [Mvc [pattern='EndpointRequestMatcher includes=[*], excludes=[], includeLinks=true']] with [org.springframework.security.web.session.DisableEncodeUrlFilter@2559c968, org.springframework.security.web.context.request.async.WebAsyncManagerIntegrationFilter@37f3a1a0, org.springframework.security.web.context.SecurityContextHolderFilter@6cd3410f, org.springframework.security.web.header.HeaderWriterFilter@3ab5ccd5, org.springframework.web.filter.CorsFilter@6cd17c11, org.springframework.security.web.authentication.logout.LogoutFilter@438e8297, org.springframework.security.oauth2.client.web.OAuth2AuthorizationRequestRedirectFilter@163d83db, org.springframework.security.oauth2.client.web.OAuth2LoginAuthenticationFilter@68141982, com.project.shopapp.filters.JwtTokenFilter@b8b6de6, org.springframework.security.oauth2.server.resource.web.authentication.BearerTokenAuthenticationFilter@6ceb831, org.springframework.security.web.savedrequest.RequestCacheAwareFilter@64acc538, org.springframework.security.web.servletapi.SecurityContextHolderAwareRequestFilter@4b1fd583, org.springframework.security.web.authentication.AnonymousAuthenticationFilter@1f953226, org.springframework.security.web.session.SessionManagementFilter@459dea3e, org.springframework.security.web.access.ExceptionTranslationFilter@1b4c8306, org.springframework.security.web.access.intercept.AuthorizationFilter@3b8bb9a0]
2024-07-03 16:04:59.671 [main] WARN  o.s.s.c.a.web.builders.WebSecurity - 

********************************************************************
**********        Security debugging is enabled.       *************
**********    This may include sensitive information.  *************
**********      Do not use in a production system!     *************
********************************************************************


2024-07-03 16:05:01.223 [main] INFO  o.a.k.c.admin.AdminClientConfig - AdminClientConfig values: 
	auto.include.jmx.reporter = true
	bootstrap.controllers = []
	bootstrap.servers = [localhost:9092]
	client.dns.lookup = use_all_dns_ips
	client.id = 
	connections.max.idle.ms = 300000
	default.api.timeout.ms = 60000
	enable.metrics.push = true
	metadata.max.age.ms = 300000
	metric.reporters = []
	metrics.num.samples = 2
	metrics.recording.level = INFO
	metrics.sample.window.ms = 30000
	receive.buffer.bytes = 65536
	reconnect.backoff.max.ms = 1000
	reconnect.backoff.ms = 50
	request.timeout.ms = 30000
	retries = 2147483647
	retry.backoff.max.ms = 1000
	retry.backoff.ms = 100
	sasl.client.callback.handler.class = null
	sasl.jaas.config = null
	sasl.kerberos.kinit.cmd = /usr/bin/kinit
	sasl.kerberos.min.time.before.relogin = 60000
	sasl.kerberos.service.name = null
	sasl.kerberos.ticket.renew.jitter = 0.05
	sasl.kerberos.ticket.renew.window.factor = 0.8
	sasl.login.callback.handler.class = null
	sasl.login.class = null
	sasl.login.connect.timeout.ms = null
	sasl.login.read.timeout.ms = null
	sasl.login.refresh.buffer.seconds = 300
	sasl.login.refresh.min.period.seconds = 60
	sasl.login.refresh.window.factor = 0.8
	sasl.login.refresh.window.jitter = 0.05
	sasl.login.retry.backoff.max.ms = 10000
	sasl.login.retry.backoff.ms = 100
	sasl.mechanism = GSSAPI
	sasl.oauthbearer.clock.skew.seconds = 30
	sasl.oauthbearer.expected.audience = null
	sasl.oauthbearer.expected.issuer = null
	sasl.oauthbearer.jwks.endpoint.refresh.ms = 3600000
	sasl.oauthbearer.jwks.endpoint.retry.backoff.max.ms = 10000
	sasl.oauthbearer.jwks.endpoint.retry.backoff.ms = 100
	sasl.oauthbearer.jwks.endpoint.url = null
	sasl.oauthbearer.scope.claim.name = scope
	sasl.oauthbearer.sub.claim.name = sub
	sasl.oauthbearer.token.endpoint.url = null
	security.protocol = PLAINTEXT
	security.providers = null
	send.buffer.bytes = 131072
	socket.connection.setup.timeout.max.ms = 30000
	socket.connection.setup.timeout.ms = 10000
	ssl.cipher.suites = null
	ssl.enabled.protocols = [TLSv1.2, TLSv1.3]
	ssl.endpoint.identification.algorithm = https
	ssl.engine.factory.class = null
	ssl.key.password = null
	ssl.keymanager.algorithm = SunX509
	ssl.keystore.certificate.chain = null
	ssl.keystore.key = null
	ssl.keystore.location = null
	ssl.keystore.password = null
	ssl.keystore.type = JKS
	ssl.protocol = TLSv1.3
	ssl.provider = null
	ssl.secure.random.implementation = null
	ssl.trustmanager.algorithm = PKIX
	ssl.truststore.certificates = null
	ssl.truststore.location = null
	ssl.truststore.password = null
	ssl.truststore.type = JKS

2024-07-03 16:05:01.401 [main] INFO  o.a.kafka.common.utils.AppInfoParser - Kafka version: 3.7.0
2024-07-03 16:05:01.401 [main] INFO  o.a.kafka.common.utils.AppInfoParser - Kafka commitId: 2ae524ed625438c5
2024-07-03 16:05:01.401 [main] INFO  o.a.kafka.common.utils.AppInfoParser - Kafka startTimeMs: 1719997501400
2024-07-03 16:05:01.730 [kafka-admin-client-thread | adminclient-1] INFO  o.a.kafka.common.utils.AppInfoParser - App info kafka.admin.client for adminclient-1 unregistered
2024-07-03 16:05:01.734 [kafka-admin-client-thread | adminclient-1] INFO  o.a.kafka.common.metrics.Metrics - Metrics scheduler closed
2024-07-03 16:05:01.735 [kafka-admin-client-thread | adminclient-1] INFO  o.a.kafka.common.metrics.Metrics - Closing reporter org.apache.kafka.common.metrics.JmxReporter
2024-07-03 16:05:01.735 [kafka-admin-client-thread | adminclient-1] INFO  o.a.kafka.common.metrics.Metrics - Metrics reporters closed
2024-07-03 16:05:01.741 [main] INFO  o.a.coyote.http11.Http11NioProtocol - Starting ProtocolHandler ["http-nio-8088"]
2024-07-03 16:05:01.748 [main] INFO  o.s.b.w.e.tomcat.TomcatWebServer - Tomcat started on port 8088 (http) with context path '/'
2024-07-03 16:05:01.770 [main] INFO  o.a.k.c.consumer.ConsumerConfig - ConsumerConfig values: 
	allow.auto.create.topics = true
	auto.commit.interval.ms = 5000
	auto.include.jmx.reporter = true
	auto.offset.reset = latest
	bootstrap.servers = [localhost:9092]
	check.crcs = true
	client.dns.lookup = use_all_dns_ips
	client.id = consumer-groupA-1
	client.rack = 
	connections.max.idle.ms = 540000
	default.api.timeout.ms = 60000
	enable.auto.commit = false
	enable.metrics.push = true
	exclude.internal.topics = true
	fetch.max.bytes = 52428800
	fetch.max.wait.ms = 500
	fetch.min.bytes = 1
	group.id = groupA
	group.instance.id = null
	group.protocol = classic
	group.remote.assignor = null
	heartbeat.interval.ms = 3000
	interceptor.classes = []
	internal.leave.group.on.close = true
	internal.throw.on.fetch.stable.offset.unsupported = false
	isolation.level = read_uncommitted
	key.deserializer = class org.apache.kafka.common.serialization.StringDeserializer
	max.partition.fetch.bytes = 1048576
	max.poll.interval.ms = 300000
	max.poll.records = 500
	metadata.max.age.ms = 300000
	metric.reporters = []
	metrics.num.samples = 2
	metrics.recording.level = INFO
	metrics.sample.window.ms = 30000
	partition.assignment.strategy = [class org.apache.kafka.clients.consumer.RangeAssignor, class org.apache.kafka.clients.consumer.CooperativeStickyAssignor]
	receive.buffer.bytes = 65536
	reconnect.backoff.max.ms = 1000
	reconnect.backoff.ms = 50
	request.timeout.ms = 30000
	retry.backoff.max.ms = 1000
	retry.backoff.ms = 100
	sasl.client.callback.handler.class = null
	sasl.jaas.config = null
	sasl.kerberos.kinit.cmd = /usr/bin/kinit
	sasl.kerberos.min.time.before.relogin = 60000
	sasl.kerberos.service.name = null
	sasl.kerberos.ticket.renew.jitter = 0.05
	sasl.kerberos.ticket.renew.window.factor = 0.8
	sasl.login.callback.handler.class = null
	sasl.login.class = null
	sasl.login.connect.timeout.ms = null
	sasl.login.read.timeout.ms = null
	sasl.login.refresh.buffer.seconds = 300
	sasl.login.refresh.min.period.seconds = 60
	sasl.login.refresh.window.factor = 0.8
	sasl.login.refresh.window.jitter = 0.05
	sasl.login.retry.backoff.max.ms = 10000
	sasl.login.retry.backoff.ms = 100
	sasl.mechanism = GSSAPI
	sasl.oauthbearer.clock.skew.seconds = 30
	sasl.oauthbearer.expected.audience = null
	sasl.oauthbearer.expected.issuer = null
	sasl.oauthbearer.jwks.endpoint.refresh.ms = 3600000
	sasl.oauthbearer.jwks.endpoint.retry.backoff.max.ms = 10000
	sasl.oauthbearer.jwks.endpoint.retry.backoff.ms = 100
	sasl.oauthbearer.jwks.endpoint.url = null
	sasl.oauthbearer.scope.claim.name = scope
	sasl.oauthbearer.sub.claim.name = sub
	sasl.oauthbearer.token.endpoint.url = null
	security.protocol = PLAINTEXT
	security.providers = null
	send.buffer.bytes = 131072
	session.timeout.ms = 45000
	socket.connection.setup.timeout.max.ms = 30000
	socket.connection.setup.timeout.ms = 10000
	ssl.cipher.suites = null
	ssl.enabled.protocols = [TLSv1.2, TLSv1.3]
	ssl.endpoint.identification.algorithm = https
	ssl.engine.factory.class = null
	ssl.key.password = null
	ssl.keymanager.algorithm = SunX509
	ssl.keystore.certificate.chain = null
	ssl.keystore.key = null
	ssl.keystore.location = null
	ssl.keystore.password = null
	ssl.keystore.type = JKS
	ssl.protocol = TLSv1.3
	ssl.provider = null
	ssl.secure.random.implementation = null
	ssl.trustmanager.algorithm = PKIX
	ssl.truststore.certificates = null
	ssl.truststore.location = null
	ssl.truststore.password = null
	ssl.truststore.type = JKS
	value.deserializer = class org.apache.kafka.common.serialization.ByteArrayDeserializer

2024-07-03 16:05:01.803 [main] INFO  o.a.k.c.t.i.KafkaMetricsCollector - initializing Kafka metrics collector
2024-07-03 16:05:01.847 [main] INFO  o.a.kafka.common.utils.AppInfoParser - Kafka version: 3.7.0
2024-07-03 16:05:01.847 [main] INFO  o.a.kafka.common.utils.AppInfoParser - Kafka commitId: 2ae524ed625438c5
2024-07-03 16:05:01.848 [main] INFO  o.a.kafka.common.utils.AppInfoParser - Kafka startTimeMs: 1719997501847
2024-07-03 16:05:01.857 [main] INFO  o.a.k.c.c.i.LegacyKafkaConsumer - [Consumer clientId=consumer-groupA-1, groupId=groupA] Subscribed to topic(s): get-all-categories, insert-a-category
2024-07-03 16:05:01.878 [groupA-0-C-1] INFO  org.apache.kafka.clients.Metadata - [Consumer clientId=consumer-groupA-1, groupId=groupA] Cluster ID: kOOQKYk9TL6WPoWO3EhtHA
2024-07-03 16:05:01.880 [groupA-0-C-1] INFO  o.a.k.c.c.i.ConsumerCoordinator - [Consumer clientId=consumer-groupA-1, groupId=groupA] Discovered group coordinator 127.0.0.1:9092 (id: 2147483646 rack: null)
2024-07-03 16:05:01.881 [main] INFO  c.project.shopapp.ShopappApplication - Started ShopappApplication in 13.78 seconds (process running for 14.773)
2024-07-03 16:05:01.883 [groupA-0-C-1] INFO  o.a.k.c.c.i.ConsumerCoordinator - [Consumer clientId=consumer-groupA-1, groupId=groupA] (Re-)joining group
2024-07-03 16:05:01.903 [groupA-0-C-1] INFO  o.a.k.c.c.i.ConsumerCoordinator - [Consumer clientId=consumer-groupA-1, groupId=groupA] Request joining group due to: need to re-join with the given member-id: consumer-groupA-1-6c63aa89-db15-442f-b16b-84d243c293ad
2024-07-03 16:05:01.903 [groupA-0-C-1] INFO  o.a.k.c.c.i.ConsumerCoordinator - [Consumer clientId=consumer-groupA-1, groupId=groupA] (Re-)joining group
2024-07-03 16:05:04.909 [groupA-0-C-1] INFO  o.a.k.c.c.i.ConsumerCoordinator - [Consumer clientId=consumer-groupA-1, groupId=groupA] Successfully joined group with generation Generation{generationId=9, memberId='consumer-groupA-1-6c63aa89-db15-442f-b16b-84d243c293ad', protocol='range'}
2024-07-03 16:05:04.916 [groupA-0-C-1] INFO  o.a.k.c.c.i.ConsumerCoordinator - [Consumer clientId=consumer-groupA-1, groupId=groupA] Finished assignment for group at generation 9: {consumer-groupA-1-6c63aa89-db15-442f-b16b-84d243c293ad=Assignment(partitions=[get-all-categories-0, insert-a-category-0])}
2024-07-03 16:05:04.925 [groupA-0-C-1] INFO  o.a.k.c.c.i.ConsumerCoordinator - [Consumer clientId=consumer-groupA-1, groupId=groupA] Successfully synced group in generation Generation{generationId=9, memberId='consumer-groupA-1-6c63aa89-db15-442f-b16b-84d243c293ad', protocol='range'}
2024-07-03 16:05:04.925 [groupA-0-C-1] INFO  o.a.k.c.c.i.ConsumerCoordinator - [Consumer clientId=consumer-groupA-1, groupId=groupA] Notifying assignor about the new Assignment(partitions=[get-all-categories-0, insert-a-category-0])
2024-07-03 16:05:04.928 [groupA-0-C-1] INFO  o.a.k.c.c.i.ConsumerRebalanceListenerInvoker - [Consumer clientId=consumer-groupA-1, groupId=groupA] Adding newly assigned partitions: get-all-categories-0, insert-a-category-0
2024-07-03 16:05:04.940 [groupA-0-C-1] INFO  o.a.k.c.c.internals.ConsumerUtils - Setting offset for partition get-all-categories-0 to the committed offset FetchPosition{offset=0, offsetEpoch=Optional.empty, currentLeader=LeaderAndEpoch{leader=Optional[127.0.0.1:9092 (id: 1 rack: null)], epoch=0}}
2024-07-03 16:05:04.941 [groupA-0-C-1] INFO  o.a.k.c.c.internals.ConsumerUtils - Setting offset for partition insert-a-category-0 to the committed offset FetchPosition{offset=0, offsetEpoch=Optional.empty, currentLeader=LeaderAndEpoch{leader=Optional[127.0.0.1:9092 (id: 1 rack: null)], epoch=0}}
2024-07-03 16:05:04.942 [groupA-0-C-1] INFO  o.s.k.l.KafkaMessageListenerContainer - groupA: partitions assigned: [get-all-categories-0, insert-a-category-0]
2024-07-03 16:06:35.700 [groupA-0-C-1] INFO  o.a.k.c.c.i.ConsumerRebalanceListenerInvoker - [Consumer clientId=consumer-groupA-1, groupId=groupA] Revoke previously assigned partitions get-all-categories-0, insert-a-category-0
2024-07-03 16:06:35.700 [groupA-0-C-1] INFO  o.s.k.l.KafkaMessageListenerContainer - groupA: partitions revoked: [get-all-categories-0, insert-a-category-0]
2024-07-03 16:06:35.700 [groupA-0-C-1] INFO  o.a.k.c.c.i.ConsumerCoordinator - [Consumer clientId=consumer-groupA-1, groupId=groupA] Member consumer-groupA-1-6c63aa89-db15-442f-b16b-84d243c293ad sending LeaveGroup request to coordinator 127.0.0.1:9092 (id: 2147483646 rack: null) due to the consumer unsubscribed from all topics
2024-07-03 16:06:35.701 [groupA-0-C-1] INFO  o.a.k.c.c.i.ConsumerCoordinator - [Consumer clientId=consumer-groupA-1, groupId=groupA] Resetting generation and member id due to: consumer pro-actively leaving the group
2024-07-03 16:06:35.701 [groupA-0-C-1] INFO  o.a.k.c.c.i.ConsumerCoordinator - [Consumer clientId=consumer-groupA-1, groupId=groupA] Request joining group due to: consumer pro-actively leaving the group
2024-07-03 16:06:35.701 [groupA-0-C-1] INFO  o.a.k.c.c.i.LegacyKafkaConsumer - [Consumer clientId=consumer-groupA-1, groupId=groupA] Unsubscribed all topics or patterns and assigned partitions
2024-07-03 16:06:35.702 [groupA-0-C-1] INFO  o.a.k.c.c.i.ConsumerCoordinator - [Consumer clientId=consumer-groupA-1, groupId=groupA] Resetting generation and member id due to: consumer pro-actively leaving the group
2024-07-03 16:06:35.703 [groupA-0-C-1] INFO  o.a.k.c.c.i.ConsumerCoordinator - [Consumer clientId=consumer-groupA-1, groupId=groupA] Request joining group due to: consumer pro-actively leaving the group
2024-07-03 16:06:39.750 [background-preinit] INFO  o.h.validator.internal.util.Version - HV000001: Hibernate Validator 8.0.1.Final
2024-07-03 16:06:39.814 [main] INFO  c.project.shopapp.ShopappApplication - Starting ShopappApplication using Java 21.0.3 with PID 11640 (C:\code\udemy\ShopApp\shopapp-backend\target\classes started by nguye in C:\code\udemy\ShopApp\shopapp-backend)
2024-07-03 16:06:39.818 [main] INFO  c.project.shopapp.ShopappApplication - No active profile set, falling back to 1 default profile: "default"
2024-07-03 16:06:41.044 [main] INFO  o.s.d.r.c.RepositoryConfigurationDelegate - Multiple Spring Data modules found, entering strict repository configuration mode
2024-07-03 16:06:41.045 [main] INFO  o.s.d.r.c.RepositoryConfigurationDelegate - Bootstrapping Spring Data JPA repositories in DEFAULT mode.
2024-07-03 16:06:41.208 [main] INFO  o.s.d.r.c.RepositoryConfigurationDelegate - Finished Spring Data repository scanning in 155 ms. Found 12 JPA repository interfaces.
2024-07-03 16:06:41.784 [main] INFO  o.s.d.r.c.RepositoryConfigurationDelegate - Multiple Spring Data modules found, entering strict repository configuration mode
2024-07-03 16:06:41.785 [main] INFO  o.s.d.r.c.RepositoryConfigurationDelegate - Bootstrapping Spring Data Redis repositories in DEFAULT mode.
2024-07-03 16:06:41.823 [main] INFO  o.s.d.r.c.RepositoryConfigurationExtensionSupport - Spring Data Redis - Could not safely identify store assignment for repository candidate interface com.project.shopapp.repositories.CategoryRepository; If you want this repository to be a Redis repository, consider annotating your entities with one of these annotations: org.springframework.data.redis.core.RedisHash (preferred), or consider extending one of the following types with your repository: org.springframework.data.keyvalue.repository.KeyValueRepository
2024-07-03 16:06:41.824 [main] INFO  o.s.d.r.c.RepositoryConfigurationExtensionSupport - Spring Data Redis - Could not safely identify store assignment for repository candidate interface com.project.shopapp.repositories.CommentRepository; If you want this repository to be a Redis repository, consider annotating your entities with one of these annotations: org.springframework.data.redis.core.RedisHash (preferred), or consider extending one of the following types with your repository: org.springframework.data.keyvalue.repository.KeyValueRepository
2024-07-03 16:06:41.824 [main] INFO  o.s.d.r.c.RepositoryConfigurationExtensionSupport - Spring Data Redis - Could not safely identify store assignment for repository candidate interface com.project.shopapp.repositories.CouponConditionRepository; If you want this repository to be a Redis repository, consider annotating your entities with one of these annotations: org.springframework.data.redis.core.RedisHash (preferred), or consider extending one of the following types with your repository: org.springframework.data.keyvalue.repository.KeyValueRepository
2024-07-03 16:06:41.824 [main] INFO  o.s.d.r.c.RepositoryConfigurationExtensionSupport - Spring Data Redis - Could not safely identify store assignment for repository candidate interface com.project.shopapp.repositories.CouponRepository; If you want this repository to be a Redis repository, consider annotating your entities with one of these annotations: org.springframework.data.redis.core.RedisHash (preferred), or consider extending one of the following types with your repository: org.springframework.data.keyvalue.repository.KeyValueRepository
2024-07-03 16:06:41.824 [main] INFO  o.s.d.r.c.RepositoryConfigurationExtensionSupport - Spring Data Redis - Could not safely identify store assignment for repository candidate interface com.project.shopapp.repositories.FavoriteRepository; If you want this repository to be a Redis repository, consider annotating your entities with one of these annotations: org.springframework.data.redis.core.RedisHash (preferred), or consider extending one of the following types with your repository: org.springframework.data.keyvalue.repository.KeyValueRepository
2024-07-03 16:06:41.824 [main] INFO  o.s.d.r.c.RepositoryConfigurationExtensionSupport - Spring Data Redis - Could not safely identify store assignment for repository candidate interface com.project.shopapp.repositories.OrderDetailRepository; If you want this repository to be a Redis repository, consider annotating your entities with one of these annotations: org.springframework.data.redis.core.RedisHash (preferred), or consider extending one of the following types with your repository: org.springframework.data.keyvalue.repository.KeyValueRepository
2024-07-03 16:06:41.825 [main] INFO  o.s.d.r.c.RepositoryConfigurationExtensionSupport - Spring Data Redis - Could not safely identify store assignment for repository candidate interface com.project.shopapp.repositories.OrderRepository; If you want this repository to be a Redis repository, consider annotating your entities with one of these annotations: org.springframework.data.redis.core.RedisHash (preferred), or consider extending one of the following types with your repository: org.springframework.data.keyvalue.repository.KeyValueRepository
2024-07-03 16:06:41.825 [main] INFO  o.s.d.r.c.RepositoryConfigurationExtensionSupport - Spring Data Redis - Could not safely identify store assignment for repository candidate interface com.project.shopapp.repositories.ProductImageRepository; If you want this repository to be a Redis repository, consider annotating your entities with one of these annotations: org.springframework.data.redis.core.RedisHash (preferred), or consider extending one of the following types with your repository: org.springframework.data.keyvalue.repository.KeyValueRepository
2024-07-03 16:06:41.826 [main] INFO  o.s.d.r.c.RepositoryConfigurationExtensionSupport - Spring Data Redis - Could not safely identify store assignment for repository candidate interface com.project.shopapp.repositories.ProductRepository; If you want this repository to be a Redis repository, consider annotating your entities with one of these annotations: org.springframework.data.redis.core.RedisHash (preferred), or consider extending one of the following types with your repository: org.springframework.data.keyvalue.repository.KeyValueRepository
2024-07-03 16:06:41.827 [main] INFO  o.s.d.r.c.RepositoryConfigurationExtensionSupport - Spring Data Redis - Could not safely identify store assignment for repository candidate interface com.project.shopapp.repositories.RoleRepository; If you want this repository to be a Redis repository, consider annotating your entities with one of these annotations: org.springframework.data.redis.core.RedisHash (preferred), or consider extending one of the following types with your repository: org.springframework.data.keyvalue.repository.KeyValueRepository
2024-07-03 16:06:41.827 [main] INFO  o.s.d.r.c.RepositoryConfigurationExtensionSupport - Spring Data Redis - Could not safely identify store assignment for repository candidate interface com.project.shopapp.repositories.TokenRepository; If you want this repository to be a Redis repository, consider annotating your entities with one of these annotations: org.springframework.data.redis.core.RedisHash (preferred), or consider extending one of the following types with your repository: org.springframework.data.keyvalue.repository.KeyValueRepository
2024-07-03 16:06:41.827 [main] INFO  o.s.d.r.c.RepositoryConfigurationExtensionSupport - Spring Data Redis - Could not safely identify store assignment for repository candidate interface com.project.shopapp.repositories.UserRepository; If you want this repository to be a Redis repository, consider annotating your entities with one of these annotations: org.springframework.data.redis.core.RedisHash (preferred), or consider extending one of the following types with your repository: org.springframework.data.keyvalue.repository.KeyValueRepository
2024-07-03 16:06:41.827 [main] INFO  o.s.d.r.c.RepositoryConfigurationDelegate - Finished Spring Data repository scanning in 33 ms. Found 0 Redis repository interfaces.
2024-07-03 16:06:43.274 [main] INFO  o.s.b.w.e.tomcat.TomcatWebServer - Tomcat initialized with port 8088 (http)
2024-07-03 16:06:43.290 [main] INFO  o.a.coyote.http11.Http11NioProtocol - Initializing ProtocolHandler ["http-nio-8088"]
2024-07-03 16:06:43.293 [main] INFO  o.a.catalina.core.StandardService - Starting service [Tomcat]
2024-07-03 16:06:43.293 [main] INFO  o.a.catalina.core.StandardEngine - Starting Servlet engine: [Apache Tomcat/10.1.24]
2024-07-03 16:06:43.388 [main] INFO  o.a.c.c.C.[Tomcat].[localhost].[/] - Initializing Spring embedded WebApplicationContext
2024-07-03 16:06:43.389 [main] INFO  o.s.b.w.s.c.ServletWebServerApplicationContext - Root WebApplicationContext: initialization completed in 3487 ms
2024-07-03 16:06:44.243 [main] INFO  org.flywaydb.core.FlywayExecutor - Database: jdbc:mysql://localhost:3307/ShopApp (MySQL 8.2)
2024-07-03 16:06:44.263 [main] WARN  o.f.c.i.database.base.Database - Flyway upgrade recommended: MySQL 8.2 is newer than this version of Flyway and support has not been tested. The latest supported version of MySQL is 8.1.
2024-07-03 16:06:44.355 [main] INFO  o.f.core.internal.command.DbValidate - Successfully validated 5 migrations (execution time 00:00.071s)
2024-07-03 16:06:44.391 [main] INFO  o.f.core.internal.command.DbMigrate - Current version of schema `ShopApp`: 5
2024-07-03 16:06:44.398 [main] INFO  o.f.core.internal.command.DbMigrate - Schema `ShopApp` is up to date. No migration necessary.
2024-07-03 16:06:44.571 [main] INFO  o.h.jpa.internal.util.LogHelper - HHH000204: Processing PersistenceUnitInfo [name: default]
2024-07-03 16:06:44.642 [main] INFO  org.hibernate.Version - HHH000412: Hibernate ORM core version 6.5.2.Final
2024-07-03 16:06:44.702 [main] INFO  o.h.c.i.RegionFactoryInitiator - HHH000026: Second-level cache disabled
2024-07-03 16:06:45.133 [main] INFO  o.s.o.j.p.SpringPersistenceUnitInfo - No LoadTimeWeaver setup: ignoring JPA class transformer
2024-07-03 16:06:45.761 [main] INFO  c.p.s.configurations.RedisConfig - redisHost = localhost, redisPort = 6379
2024-07-03 16:06:47.175 [main] INFO  o.h.e.t.j.p.i.JtaPlatformInitiator - HHH000489: No JTA platform available (set 'hibernate.transaction.jta.platform' to enable JTA platform integration)
2024-07-03 16:06:47.179 [main] INFO  o.s.o.j.LocalContainerEntityManagerFactoryBean - Initialized JPA EntityManagerFactory for persistence unit 'default'
2024-07-03 16:06:47.487 [main] INFO  o.s.d.j.r.query.QueryEnhancerFactory - Hibernate is in classpath; If applicable, HQL parser will be used.
2024-07-03 16:06:48.795 [main] INFO  o.s.b.a.e.web.EndpointLinksResolver - Exposing 2 endpoints beneath base path '/api/v1/actuator'
2024-07-03 16:06:48.875 [main] WARN  o.s.b.a.o.j.JpaBaseConfiguration$JpaWebConfiguration - spring.jpa.open-in-view is enabled by default. Therefore, database queries may be performed during view rendering. Explicitly configure spring.jpa.open-in-view to disable this warning
2024-07-03 16:06:49.565 [main] INFO  o.s.s.c.a.a.c.InitializeAuthenticationProviderBeanManagerConfigurer$InitializeAuthenticationProviderManagerConfigurer - Global AuthenticationManager configured with AuthenticationProvider bean with name authenticationProvider
2024-07-03 16:06:49.566 [main] WARN  o.s.s.c.a.a.c.InitializeUserDetailsBeanManagerConfigurer$InitializeUserDetailsManagerConfigurer - Global AuthenticationManager configured with an AuthenticationProvider bean. UserDetailsService beans will not be used for username/password login. Consider removing the AuthenticationProvider bean. Alternatively, consider using the UserDetailsService in a manually instantiated DaoAuthenticationProvider.
2024-07-03 16:06:50.014 [main] INFO  o.s.s.web.DefaultSecurityFilterChain - Will secure Or [Mvc [pattern='EndpointRequestMatcher includes=[*], excludes=[], includeLinks=true']] with [org.springframework.security.web.session.DisableEncodeUrlFilter@e8c973, org.springframework.security.web.context.request.async.WebAsyncManagerIntegrationFilter@7314e66f, org.springframework.security.web.context.SecurityContextHolderFilter@179683c3, org.springframework.security.web.header.HeaderWriterFilter@21970f32, org.springframework.web.filter.CorsFilter@4f770f7e, org.springframework.security.web.authentication.logout.LogoutFilter@6056e9b4, org.springframework.security.oauth2.client.web.OAuth2AuthorizationRequestRedirectFilter@232fcbb1, org.springframework.security.oauth2.client.web.OAuth2LoginAuthenticationFilter@152eed56, com.project.shopapp.filters.JwtTokenFilter@2fa69580, org.springframework.security.oauth2.server.resource.web.authentication.BearerTokenAuthenticationFilter@2b8ddf89, org.springframework.security.web.savedrequest.RequestCacheAwareFilter@515e9100, org.springframework.security.web.servletapi.SecurityContextHolderAwareRequestFilter@4d0f96ac, org.springframework.security.web.authentication.AnonymousAuthenticationFilter@3b3809e2, org.springframework.security.web.session.SessionManagementFilter@52d2b9ec, org.springframework.security.web.access.ExceptionTranslationFilter@557415ec, org.springframework.security.web.access.intercept.AuthorizationFilter@afef67]
2024-07-03 16:06:50.034 [main] WARN  o.s.s.c.a.web.builders.WebSecurity - 

********************************************************************
**********        Security debugging is enabled.       *************
**********    This may include sensitive information.  *************
**********      Do not use in a production system!     *************
********************************************************************


2024-07-03 16:06:51.136 [main] INFO  o.a.k.c.admin.AdminClientConfig - AdminClientConfig values: 
	auto.include.jmx.reporter = true
	bootstrap.controllers = []
	bootstrap.servers = [localhost:9092]
	client.dns.lookup = use_all_dns_ips
	client.id = 
	connections.max.idle.ms = 300000
	default.api.timeout.ms = 60000
	enable.metrics.push = true
	metadata.max.age.ms = 300000
	metric.reporters = []
	metrics.num.samples = 2
	metrics.recording.level = INFO
	metrics.sample.window.ms = 30000
	receive.buffer.bytes = 65536
	reconnect.backoff.max.ms = 1000
	reconnect.backoff.ms = 50
	request.timeout.ms = 30000
	retries = 2147483647
	retry.backoff.max.ms = 1000
	retry.backoff.ms = 100
	sasl.client.callback.handler.class = null
	sasl.jaas.config = null
	sasl.kerberos.kinit.cmd = /usr/bin/kinit
	sasl.kerberos.min.time.before.relogin = 60000
	sasl.kerberos.service.name = null
	sasl.kerberos.ticket.renew.jitter = 0.05
	sasl.kerberos.ticket.renew.window.factor = 0.8
	sasl.login.callback.handler.class = null
	sasl.login.class = null
	sasl.login.connect.timeout.ms = null
	sasl.login.read.timeout.ms = null
	sasl.login.refresh.buffer.seconds = 300
	sasl.login.refresh.min.period.seconds = 60
	sasl.login.refresh.window.factor = 0.8
	sasl.login.refresh.window.jitter = 0.05
	sasl.login.retry.backoff.max.ms = 10000
	sasl.login.retry.backoff.ms = 100
	sasl.mechanism = GSSAPI
	sasl.oauthbearer.clock.skew.seconds = 30
	sasl.oauthbearer.expected.audience = null
	sasl.oauthbearer.expected.issuer = null
	sasl.oauthbearer.jwks.endpoint.refresh.ms = 3600000
	sasl.oauthbearer.jwks.endpoint.retry.backoff.max.ms = 10000
	sasl.oauthbearer.jwks.endpoint.retry.backoff.ms = 100
	sasl.oauthbearer.jwks.endpoint.url = null
	sasl.oauthbearer.scope.claim.name = scope
	sasl.oauthbearer.sub.claim.name = sub
	sasl.oauthbearer.token.endpoint.url = null
	security.protocol = PLAINTEXT
	security.providers = null
	send.buffer.bytes = 131072
	socket.connection.setup.timeout.max.ms = 30000
	socket.connection.setup.timeout.ms = 10000
	ssl.cipher.suites = null
	ssl.enabled.protocols = [TLSv1.2, TLSv1.3]
	ssl.endpoint.identification.algorithm = https
	ssl.engine.factory.class = null
	ssl.key.password = null
	ssl.keymanager.algorithm = SunX509
	ssl.keystore.certificate.chain = null
	ssl.keystore.key = null
	ssl.keystore.location = null
	ssl.keystore.password = null
	ssl.keystore.type = JKS
	ssl.protocol = TLSv1.3
	ssl.provider = null
	ssl.secure.random.implementation = null
	ssl.trustmanager.algorithm = PKIX
	ssl.truststore.certificates = null
	ssl.truststore.location = null
	ssl.truststore.password = null
	ssl.truststore.type = JKS

2024-07-03 16:06:51.281 [main] INFO  o.a.kafka.common.utils.AppInfoParser - Kafka version: 3.7.0
2024-07-03 16:06:51.282 [main] INFO  o.a.kafka.common.utils.AppInfoParser - Kafka commitId: 2ae524ed625438c5
2024-07-03 16:06:51.282 [main] INFO  o.a.kafka.common.utils.AppInfoParser - Kafka startTimeMs: 1719997611280
2024-07-03 16:06:51.572 [kafka-admin-client-thread | adminclient-1] INFO  o.a.kafka.common.utils.AppInfoParser - App info kafka.admin.client for adminclient-1 unregistered
2024-07-03 16:06:51.577 [kafka-admin-client-thread | adminclient-1] INFO  o.a.kafka.common.metrics.Metrics - Metrics scheduler closed
2024-07-03 16:06:51.577 [kafka-admin-client-thread | adminclient-1] INFO  o.a.kafka.common.metrics.Metrics - Closing reporter org.apache.kafka.common.metrics.JmxReporter
2024-07-03 16:06:51.577 [kafka-admin-client-thread | adminclient-1] INFO  o.a.kafka.common.metrics.Metrics - Metrics reporters closed
2024-07-03 16:06:51.581 [main] INFO  o.a.coyote.http11.Http11NioProtocol - Starting ProtocolHandler ["http-nio-8088"]
2024-07-03 16:06:51.588 [main] INFO  o.s.b.w.e.tomcat.TomcatWebServer - Tomcat started on port 8088 (http) with context path '/'
2024-07-03 16:06:51.611 [main] INFO  o.a.k.c.consumer.ConsumerConfig - ConsumerConfig values: 
	allow.auto.create.topics = true
	auto.commit.interval.ms = 5000
	auto.include.jmx.reporter = true
	auto.offset.reset = latest
	bootstrap.servers = [localhost:9092]
	check.crcs = true
	client.dns.lookup = use_all_dns_ips
	client.id = consumer-groupA-1
	client.rack = 
	connections.max.idle.ms = 540000
	default.api.timeout.ms = 60000
	enable.auto.commit = false
	enable.metrics.push = true
	exclude.internal.topics = true
	fetch.max.bytes = 52428800
	fetch.max.wait.ms = 500
	fetch.min.bytes = 1
	group.id = groupA
	group.instance.id = null
	group.protocol = classic
	group.remote.assignor = null
	heartbeat.interval.ms = 3000
	interceptor.classes = []
	internal.leave.group.on.close = true
	internal.throw.on.fetch.stable.offset.unsupported = false
	isolation.level = read_uncommitted
	key.deserializer = class org.apache.kafka.common.serialization.StringDeserializer
	max.partition.fetch.bytes = 1048576
	max.poll.interval.ms = 300000
	max.poll.records = 500
	metadata.max.age.ms = 300000
	metric.reporters = []
	metrics.num.samples = 2
	metrics.recording.level = INFO
	metrics.sample.window.ms = 30000
	partition.assignment.strategy = [class org.apache.kafka.clients.consumer.RangeAssignor, class org.apache.kafka.clients.consumer.CooperativeStickyAssignor]
	receive.buffer.bytes = 65536
	reconnect.backoff.max.ms = 1000
	reconnect.backoff.ms = 50
	request.timeout.ms = 30000
	retry.backoff.max.ms = 1000
	retry.backoff.ms = 100
	sasl.client.callback.handler.class = null
	sasl.jaas.config = null
	sasl.kerberos.kinit.cmd = /usr/bin/kinit
	sasl.kerberos.min.time.before.relogin = 60000
	sasl.kerberos.service.name = null
	sasl.kerberos.ticket.renew.jitter = 0.05
	sasl.kerberos.ticket.renew.window.factor = 0.8
	sasl.login.callback.handler.class = null
	sasl.login.class = null
	sasl.login.connect.timeout.ms = null
	sasl.login.read.timeout.ms = null
	sasl.login.refresh.buffer.seconds = 300
	sasl.login.refresh.min.period.seconds = 60
	sasl.login.refresh.window.factor = 0.8
	sasl.login.refresh.window.jitter = 0.05
	sasl.login.retry.backoff.max.ms = 10000
	sasl.login.retry.backoff.ms = 100
	sasl.mechanism = GSSAPI
	sasl.oauthbearer.clock.skew.seconds = 30
	sasl.oauthbearer.expected.audience = null
	sasl.oauthbearer.expected.issuer = null
	sasl.oauthbearer.jwks.endpoint.refresh.ms = 3600000
	sasl.oauthbearer.jwks.endpoint.retry.backoff.max.ms = 10000
	sasl.oauthbearer.jwks.endpoint.retry.backoff.ms = 100
	sasl.oauthbearer.jwks.endpoint.url = null
	sasl.oauthbearer.scope.claim.name = scope
	sasl.oauthbearer.sub.claim.name = sub
	sasl.oauthbearer.token.endpoint.url = null
	security.protocol = PLAINTEXT
	security.providers = null
	send.buffer.bytes = 131072
	session.timeout.ms = 45000
	socket.connection.setup.timeout.max.ms = 30000
	socket.connection.setup.timeout.ms = 10000
	ssl.cipher.suites = null
	ssl.enabled.protocols = [TLSv1.2, TLSv1.3]
	ssl.endpoint.identification.algorithm = https
	ssl.engine.factory.class = null
	ssl.key.password = null
	ssl.keymanager.algorithm = SunX509
	ssl.keystore.certificate.chain = null
	ssl.keystore.key = null
	ssl.keystore.location = null
	ssl.keystore.password = null
	ssl.keystore.type = JKS
	ssl.protocol = TLSv1.3
	ssl.provider = null
	ssl.secure.random.implementation = null
	ssl.trustmanager.algorithm = PKIX
	ssl.truststore.certificates = null
	ssl.truststore.location = null
	ssl.truststore.password = null
	ssl.truststore.type = JKS
	value.deserializer = class org.apache.kafka.common.serialization.ByteArrayDeserializer

2024-07-03 16:06:51.643 [main] INFO  o.a.k.c.t.i.KafkaMetricsCollector - initializing Kafka metrics collector
2024-07-03 16:06:51.686 [main] INFO  o.a.kafka.common.utils.AppInfoParser - Kafka version: 3.7.0
2024-07-03 16:06:51.686 [main] INFO  o.a.kafka.common.utils.AppInfoParser - Kafka commitId: 2ae524ed625438c5
2024-07-03 16:06:51.686 [main] INFO  o.a.kafka.common.utils.AppInfoParser - Kafka startTimeMs: 1719997611686
2024-07-03 16:06:51.697 [main] INFO  o.a.k.c.c.i.LegacyKafkaConsumer - [Consumer clientId=consumer-groupA-1, groupId=groupA] Subscribed to topic(s): get-all-categories, insert-a-category
2024-07-03 16:06:51.718 [groupA-0-C-1] INFO  org.apache.kafka.clients.Metadata - [Consumer clientId=consumer-groupA-1, groupId=groupA] Cluster ID: kOOQKYk9TL6WPoWO3EhtHA
2024-07-03 16:06:51.720 [groupA-0-C-1] INFO  o.a.k.c.c.i.ConsumerCoordinator - [Consumer clientId=consumer-groupA-1, groupId=groupA] Discovered group coordinator 127.0.0.1:9092 (id: 2147483646 rack: null)
2024-07-03 16:06:51.721 [main] INFO  c.project.shopapp.ShopappApplication - Started ShopappApplication in 12.358 seconds (process running for 13.369)
2024-07-03 16:06:51.723 [groupA-0-C-1] INFO  o.a.k.c.c.i.ConsumerCoordinator - [Consumer clientId=consumer-groupA-1, groupId=groupA] (Re-)joining group
2024-07-03 16:06:51.741 [groupA-0-C-1] INFO  o.a.k.c.c.i.ConsumerCoordinator - [Consumer clientId=consumer-groupA-1, groupId=groupA] Request joining group due to: need to re-join with the given member-id: consumer-groupA-1-cdb4609d-73ef-4ef3-a414-d28ff03b0317
2024-07-03 16:06:51.741 [groupA-0-C-1] INFO  o.a.k.c.c.i.ConsumerCoordinator - [Consumer clientId=consumer-groupA-1, groupId=groupA] (Re-)joining group
2024-07-03 16:06:54.745 [groupA-0-C-1] INFO  o.a.k.c.c.i.ConsumerCoordinator - [Consumer clientId=consumer-groupA-1, groupId=groupA] Successfully joined group with generation Generation{generationId=11, memberId='consumer-groupA-1-cdb4609d-73ef-4ef3-a414-d28ff03b0317', protocol='range'}
2024-07-03 16:06:54.752 [groupA-0-C-1] INFO  o.a.k.c.c.i.ConsumerCoordinator - [Consumer clientId=consumer-groupA-1, groupId=groupA] Finished assignment for group at generation 11: {consumer-groupA-1-cdb4609d-73ef-4ef3-a414-d28ff03b0317=Assignment(partitions=[get-all-categories-0, insert-a-category-0])}
2024-07-03 16:06:54.759 [groupA-0-C-1] INFO  o.a.k.c.c.i.ConsumerCoordinator - [Consumer clientId=consumer-groupA-1, groupId=groupA] Successfully synced group in generation Generation{generationId=11, memberId='consumer-groupA-1-cdb4609d-73ef-4ef3-a414-d28ff03b0317', protocol='range'}
2024-07-03 16:06:54.759 [groupA-0-C-1] INFO  o.a.k.c.c.i.ConsumerCoordinator - [Consumer clientId=consumer-groupA-1, groupId=groupA] Notifying assignor about the new Assignment(partitions=[get-all-categories-0, insert-a-category-0])
2024-07-03 16:06:54.761 [groupA-0-C-1] INFO  o.a.k.c.c.i.ConsumerRebalanceListenerInvoker - [Consumer clientId=consumer-groupA-1, groupId=groupA] Adding newly assigned partitions: get-all-categories-0, insert-a-category-0
2024-07-03 16:06:54.773 [groupA-0-C-1] INFO  o.a.k.c.c.internals.ConsumerUtils - Setting offset for partition get-all-categories-0 to the committed offset FetchPosition{offset=0, offsetEpoch=Optional.empty, currentLeader=LeaderAndEpoch{leader=Optional[127.0.0.1:9092 (id: 1 rack: null)], epoch=0}}
2024-07-03 16:06:54.773 [groupA-0-C-1] INFO  o.a.k.c.c.internals.ConsumerUtils - Setting offset for partition insert-a-category-0 to the committed offset FetchPosition{offset=0, offsetEpoch=Optional.empty, currentLeader=LeaderAndEpoch{leader=Optional[127.0.0.1:9092 (id: 1 rack: null)], epoch=0}}
2024-07-03 16:06:54.774 [groupA-0-C-1] INFO  o.s.k.l.KafkaMessageListenerContainer - groupA: partitions assigned: [get-all-categories-0, insert-a-category-0]
2024-07-03 16:06:57.418 [http-nio-8088-exec-2] INFO  o.a.c.c.C.[Tomcat].[localhost].[/] - Initializing Spring DispatcherServlet 'dispatcherServlet'
2024-07-03 16:06:57.418 [http-nio-8088-exec-2] INFO  o.s.web.servlet.DispatcherServlet - Initializing Servlet 'dispatcherServlet'
2024-07-03 16:06:57.420 [http-nio-8088-exec-2] INFO  o.s.web.servlet.DispatcherServlet - Completed initialization in 2 ms
2024-07-03 16:06:57.445 [http-nio-8088-exec-2] INFO  Spring Security Debugger - 

************************************************************

Request received for GET '/api/v1/users/auth/social-login?login_type=facebook':

org.apache.catalina.connector.RequestFacade@5bddfebf

servletPath:/api/v1/users/auth/social-login
pathInfo:null
headers: 
user-agent: PostmanRuntime/7.39.0
accept: */*
postman-token: 536768e4-120c-421b-a7da-f36bc39a41c6
host: localhost:8088
accept-encoding: gzip, deflate, br
connection: keep-alive


Security filter chain: no match


************************************************************


2024-07-03 16:07:00.051 [http-nio-8088-exec-2] INFO  c.p.s.c.aspects.PerformanceAspect - Starting execution of socialAuth
2024-07-03 16:07:00.051 [http-nio-8088-exec-2] INFO  c.p.s.c.aspects.UserActivityLogger - User activity started: socialAuth, IP address: 0:0:0:0:0:0:0:1
2024-07-03 16:07:02.072 [http-nio-8088-exec-2] INFO  c.p.s.c.aspects.UserActivityLogger - User activity finished: socialAuth
2024-07-03 16:07:02.072 [http-nio-8088-exec-2] INFO  c.p.s.c.aspects.PerformanceAspect - Finished execution of socialAuth
2024-07-03 16:07:02.073 [http-nio-8088-exec-2] INFO  c.p.s.c.aspects.PerformanceAspect - Execution of socialAuth took 2021 ms
2024-07-03 16:13:49.765 [groupA-0-C-1] INFO  o.a.k.c.c.i.ConsumerRebalanceListenerInvoker - [Consumer clientId=consumer-groupA-1, groupId=groupA] Revoke previously assigned partitions get-all-categories-0, insert-a-category-0
2024-07-03 16:13:49.766 [groupA-0-C-1] INFO  o.s.k.l.KafkaMessageListenerContainer - groupA: partitions revoked: [get-all-categories-0, insert-a-category-0]
2024-07-03 16:13:49.767 [groupA-0-C-1] INFO  o.a.k.c.c.i.ConsumerCoordinator - [Consumer clientId=consumer-groupA-1, groupId=groupA] Member consumer-groupA-1-cdb4609d-73ef-4ef3-a414-d28ff03b0317 sending LeaveGroup request to coordinator 127.0.0.1:9092 (id: 2147483646 rack: null) due to the consumer unsubscribed from all topics
2024-07-03 16:13:49.768 [groupA-0-C-1] INFO  o.a.k.c.c.i.ConsumerCoordinator - [Consumer clientId=consumer-groupA-1, groupId=groupA] Resetting generation and member id due to: consumer pro-actively leaving the group
2024-07-03 16:13:49.768 [groupA-0-C-1] INFO  o.a.k.c.c.i.ConsumerCoordinator - [Consumer clientId=consumer-groupA-1, groupId=groupA] Request joining group due to: consumer pro-actively leaving the group
2024-07-03 16:13:49.768 [groupA-0-C-1] INFO  o.a.k.c.c.i.LegacyKafkaConsumer - [Consumer clientId=consumer-groupA-1, groupId=groupA] Unsubscribed all topics or patterns and assigned partitions
2024-07-03 16:13:49.769 [groupA-0-C-1] INFO  o.a.k.c.c.i.ConsumerCoordinator - [Consumer clientId=consumer-groupA-1, groupId=groupA] Resetting generation and member id due to: consumer pro-actively leaving the group
2024-07-03 16:13:49.769 [groupA-0-C-1] INFO  o.a.k.c.c.i.ConsumerCoordinator - [Consumer clientId=consumer-groupA-1, groupId=groupA] Request joining group due to: consumer pro-actively leaving the group
2024-07-03 16:13:49.780 [groupA-0-C-1] INFO  o.a.kafka.common.metrics.Metrics - Metrics scheduler closed
2024-07-03 16:13:49.781 [groupA-0-C-1] INFO  o.a.kafka.common.metrics.Metrics - Closing reporter org.apache.kafka.common.metrics.JmxReporter
2024-07-03 16:13:49.781 [groupA-0-C-1] INFO  o.a.kafka.common.metrics.Metrics - Closing reporter org.apache.kafka.common.telemetry.internals.ClientTelemetryReporter
2024-07-03 16:13:49.781 [groupA-0-C-1] INFO  o.a.kafka.common.metrics.Metrics - Metrics reporters closed
2024-07-03 16:13:49.787 [groupA-0-C-1] INFO  o.a.kafka.common.utils.AppInfoParser - App info kafka.consumer for consumer-groupA-1 unregistered
2024-07-03 16:13:49.788 [groupA-0-C-1] INFO  o.s.k.l.KafkaMessageListenerContainer - groupA: Consumer stopped
2024-07-03 16:13:52.858 [background-preinit] INFO  o.h.validator.internal.util.Version - HV000001: Hibernate Validator 8.0.1.Final
2024-07-03 16:13:52.908 [main] INFO  c.project.shopapp.ShopappApplication - Starting ShopappApplication using Java 21.0.3 with PID 20724 (C:\code\udemy\ShopApp\shopapp-backend\target\classes started by nguye in C:\code\udemy\ShopApp\shopapp-backend)
2024-07-03 16:13:52.910 [main] INFO  c.project.shopapp.ShopappApplication - No active profile set, falling back to 1 default profile: "default"
2024-07-03 16:13:54.174 [main] INFO  o.s.d.r.c.RepositoryConfigurationDelegate - Multiple Spring Data modules found, entering strict repository configuration mode
2024-07-03 16:13:54.175 [main] INFO  o.s.d.r.c.RepositoryConfigurationDelegate - Bootstrapping Spring Data JPA repositories in DEFAULT mode.
2024-07-03 16:13:54.330 [main] INFO  o.s.d.r.c.RepositoryConfigurationDelegate - Finished Spring Data repository scanning in 140 ms. Found 12 JPA repository interfaces.
2024-07-03 16:13:54.853 [main] INFO  o.s.d.r.c.RepositoryConfigurationDelegate - Multiple Spring Data modules found, entering strict repository configuration mode
2024-07-03 16:13:54.854 [main] INFO  o.s.d.r.c.RepositoryConfigurationDelegate - Bootstrapping Spring Data Redis repositories in DEFAULT mode.
2024-07-03 16:13:54.892 [main] INFO  o.s.d.r.c.RepositoryConfigurationExtensionSupport - Spring Data Redis - Could not safely identify store assignment for repository candidate interface com.project.shopapp.repositories.CategoryRepository; If you want this repository to be a Redis repository, consider annotating your entities with one of these annotations: org.springframework.data.redis.core.RedisHash (preferred), or consider extending one of the following types with your repository: org.springframework.data.keyvalue.repository.KeyValueRepository
2024-07-03 16:13:54.893 [main] INFO  o.s.d.r.c.RepositoryConfigurationExtensionSupport - Spring Data Redis - Could not safely identify store assignment for repository candidate interface com.project.shopapp.repositories.CommentRepository; If you want this repository to be a Redis repository, consider annotating your entities with one of these annotations: org.springframework.data.redis.core.RedisHash (preferred), or consider extending one of the following types with your repository: org.springframework.data.keyvalue.repository.KeyValueRepository
2024-07-03 16:13:54.894 [main] INFO  o.s.d.r.c.RepositoryConfigurationExtensionSupport - Spring Data Redis - Could not safely identify store assignment for repository candidate interface com.project.shopapp.repositories.CouponConditionRepository; If you want this repository to be a Redis repository, consider annotating your entities with one of these annotations: org.springframework.data.redis.core.RedisHash (preferred), or consider extending one of the following types with your repository: org.springframework.data.keyvalue.repository.KeyValueRepository
2024-07-03 16:13:54.894 [main] INFO  o.s.d.r.c.RepositoryConfigurationExtensionSupport - Spring Data Redis - Could not safely identify store assignment for repository candidate interface com.project.shopapp.repositories.CouponRepository; If you want this repository to be a Redis repository, consider annotating your entities with one of these annotations: org.springframework.data.redis.core.RedisHash (preferred), or consider extending one of the following types with your repository: org.springframework.data.keyvalue.repository.KeyValueRepository
2024-07-03 16:13:54.895 [main] INFO  o.s.d.r.c.RepositoryConfigurationExtensionSupport - Spring Data Redis - Could not safely identify store assignment for repository candidate interface com.project.shopapp.repositories.FavoriteRepository; If you want this repository to be a Redis repository, consider annotating your entities with one of these annotations: org.springframework.data.redis.core.RedisHash (preferred), or consider extending one of the following types with your repository: org.springframework.data.keyvalue.repository.KeyValueRepository
2024-07-03 16:13:54.895 [main] INFO  o.s.d.r.c.RepositoryConfigurationExtensionSupport - Spring Data Redis - Could not safely identify store assignment for repository candidate interface com.project.shopapp.repositories.OrderDetailRepository; If you want this repository to be a Redis repository, consider annotating your entities with one of these annotations: org.springframework.data.redis.core.RedisHash (preferred), or consider extending one of the following types with your repository: org.springframework.data.keyvalue.repository.KeyValueRepository
2024-07-03 16:13:54.895 [main] INFO  o.s.d.r.c.RepositoryConfigurationExtensionSupport - Spring Data Redis - Could not safely identify store assignment for repository candidate interface com.project.shopapp.repositories.OrderRepository; If you want this repository to be a Redis repository, consider annotating your entities with one of these annotations: org.springframework.data.redis.core.RedisHash (preferred), or consider extending one of the following types with your repository: org.springframework.data.keyvalue.repository.KeyValueRepository
2024-07-03 16:13:54.895 [main] INFO  o.s.d.r.c.RepositoryConfigurationExtensionSupport - Spring Data Redis - Could not safely identify store assignment for repository candidate interface com.project.shopapp.repositories.ProductImageRepository; If you want this repository to be a Redis repository, consider annotating your entities with one of these annotations: org.springframework.data.redis.core.RedisHash (preferred), or consider extending one of the following types with your repository: org.springframework.data.keyvalue.repository.KeyValueRepository
2024-07-03 16:13:54.897 [main] INFO  o.s.d.r.c.RepositoryConfigurationExtensionSupport - Spring Data Redis - Could not safely identify store assignment for repository candidate interface com.project.shopapp.repositories.ProductRepository; If you want this repository to be a Redis repository, consider annotating your entities with one of these annotations: org.springframework.data.redis.core.RedisHash (preferred), or consider extending one of the following types with your repository: org.springframework.data.keyvalue.repository.KeyValueRepository
2024-07-03 16:13:54.897 [main] INFO  o.s.d.r.c.RepositoryConfigurationExtensionSupport - Spring Data Redis - Could not safely identify store assignment for repository candidate interface com.project.shopapp.repositories.RoleRepository; If you want this repository to be a Redis repository, consider annotating your entities with one of these annotations: org.springframework.data.redis.core.RedisHash (preferred), or consider extending one of the following types with your repository: org.springframework.data.keyvalue.repository.KeyValueRepository
2024-07-03 16:13:54.897 [main] INFO  o.s.d.r.c.RepositoryConfigurationExtensionSupport - Spring Data Redis - Could not safely identify store assignment for repository candidate interface com.project.shopapp.repositories.TokenRepository; If you want this repository to be a Redis repository, consider annotating your entities with one of these annotations: org.springframework.data.redis.core.RedisHash (preferred), or consider extending one of the following types with your repository: org.springframework.data.keyvalue.repository.KeyValueRepository
2024-07-03 16:13:54.898 [main] INFO  o.s.d.r.c.RepositoryConfigurationExtensionSupport - Spring Data Redis - Could not safely identify store assignment for repository candidate interface com.project.shopapp.repositories.UserRepository; If you want this repository to be a Redis repository, consider annotating your entities with one of these annotations: org.springframework.data.redis.core.RedisHash (preferred), or consider extending one of the following types with your repository: org.springframework.data.keyvalue.repository.KeyValueRepository
2024-07-03 16:13:54.898 [main] INFO  o.s.d.r.c.RepositoryConfigurationDelegate - Finished Spring Data repository scanning in 34 ms. Found 0 Redis repository interfaces.
2024-07-03 16:13:56.155 [main] INFO  o.s.b.w.e.tomcat.TomcatWebServer - Tomcat initialized with port 8088 (http)
2024-07-03 16:13:56.167 [main] INFO  o.a.coyote.http11.Http11NioProtocol - Initializing ProtocolHandler ["http-nio-8088"]
2024-07-03 16:13:56.170 [main] INFO  o.a.catalina.core.StandardService - Starting service [Tomcat]
2024-07-03 16:13:56.171 [main] INFO  o.a.catalina.core.StandardEngine - Starting Servlet engine: [Apache Tomcat/10.1.24]
2024-07-03 16:13:56.260 [main] INFO  o.a.c.c.C.[Tomcat].[localhost].[/] - Initializing Spring embedded WebApplicationContext
2024-07-03 16:13:56.261 [main] INFO  o.s.b.w.s.c.ServletWebServerApplicationContext - Root WebApplicationContext: initialization completed in 3303 ms
2024-07-03 16:13:57.020 [main] INFO  org.flywaydb.core.FlywayExecutor - Database: jdbc:mysql://localhost:3307/ShopApp (MySQL 8.2)
2024-07-03 16:13:57.038 [main] WARN  o.f.c.i.database.base.Database - Flyway upgrade recommended: MySQL 8.2 is newer than this version of Flyway and support has not been tested. The latest supported version of MySQL is 8.1.
2024-07-03 16:13:57.092 [main] INFO  o.f.core.internal.command.DbValidate - Successfully validated 5 migrations (execution time 00:00.042s)
2024-07-03 16:13:57.133 [main] INFO  o.f.core.internal.command.DbMigrate - Current version of schema `ShopApp`: 5
2024-07-03 16:13:57.142 [main] INFO  o.f.core.internal.command.DbMigrate - Schema `ShopApp` is up to date. No migration necessary.
2024-07-03 16:13:57.441 [main] INFO  o.h.jpa.internal.util.LogHelper - HHH000204: Processing PersistenceUnitInfo [name: default]
2024-07-03 16:13:57.555 [main] INFO  org.hibernate.Version - HHH000412: Hibernate ORM core version 6.5.2.Final
2024-07-03 16:13:57.610 [main] INFO  o.h.c.i.RegionFactoryInitiator - HHH000026: Second-level cache disabled
2024-07-03 16:13:58.050 [main] INFO  o.s.o.j.p.SpringPersistenceUnitInfo - No LoadTimeWeaver setup: ignoring JPA class transformer
2024-07-03 16:13:58.582 [main] INFO  c.p.s.configurations.RedisConfig - redisHost = localhost, redisPort = 6379
2024-07-03 16:13:59.918 [main] INFO  o.h.e.t.j.p.i.JtaPlatformInitiator - HHH000489: No JTA platform available (set 'hibernate.transaction.jta.platform' to enable JTA platform integration)
2024-07-03 16:13:59.921 [main] INFO  o.s.o.j.LocalContainerEntityManagerFactoryBean - Initialized JPA EntityManagerFactory for persistence unit 'default'
2024-07-03 16:14:00.347 [main] INFO  o.s.d.j.r.query.QueryEnhancerFactory - Hibernate is in classpath; If applicable, HQL parser will be used.
2024-07-03 16:14:01.883 [main] INFO  o.s.b.a.e.web.EndpointLinksResolver - Exposing 2 endpoints beneath base path '/api/v1/actuator'
2024-07-03 16:14:01.989 [main] WARN  o.s.b.a.o.j.JpaBaseConfiguration$JpaWebConfiguration - spring.jpa.open-in-view is enabled by default. Therefore, database queries may be performed during view rendering. Explicitly configure spring.jpa.open-in-view to disable this warning
2024-07-03 16:14:02.734 [main] INFO  o.s.s.c.a.a.c.InitializeAuthenticationProviderBeanManagerConfigurer$InitializeAuthenticationProviderManagerConfigurer - Global AuthenticationManager configured with AuthenticationProvider bean with name authenticationProvider
2024-07-03 16:14:02.735 [main] WARN  o.s.s.c.a.a.c.InitializeUserDetailsBeanManagerConfigurer$InitializeUserDetailsManagerConfigurer - Global AuthenticationManager configured with an AuthenticationProvider bean. UserDetailsService beans will not be used for username/password login. Consider removing the AuthenticationProvider bean. Alternatively, consider using the UserDetailsService in a manually instantiated DaoAuthenticationProvider.
2024-07-03 16:14:03.221 [main] INFO  o.s.s.web.DefaultSecurityFilterChain - Will secure Or [Mvc [pattern='EndpointRequestMatcher includes=[*], excludes=[], includeLinks=true']] with [org.springframework.security.web.session.DisableEncodeUrlFilter@439a4def, org.springframework.security.web.context.request.async.WebAsyncManagerIntegrationFilter@109efb2f, org.springframework.security.web.context.SecurityContextHolderFilter@41db1728, org.springframework.security.web.header.HeaderWriterFilter@14992832, org.springframework.web.filter.CorsFilter@4926023f, org.springframework.security.web.authentication.logout.LogoutFilter@5a4cf76c, org.springframework.security.oauth2.client.web.OAuth2AuthorizationRequestRedirectFilter@26c700ff, org.springframework.security.oauth2.client.web.OAuth2LoginAuthenticationFilter@564d535c, com.project.shopapp.filters.JwtTokenFilter@4d0d97e3, org.springframework.security.oauth2.server.resource.web.authentication.BearerTokenAuthenticationFilter@3108f0a3, org.springframework.security.web.savedrequest.RequestCacheAwareFilter@7a3953b4, org.springframework.security.web.servletapi.SecurityContextHolderAwareRequestFilter@586e39e1, org.springframework.security.web.authentication.AnonymousAuthenticationFilter@2a157329, org.springframework.security.web.session.SessionManagementFilter@1f299321, org.springframework.security.web.access.ExceptionTranslationFilter@2388f71, org.springframework.security.web.access.intercept.AuthorizationFilter@2b35e309]
2024-07-03 16:14:03.237 [main] WARN  o.s.s.c.a.web.builders.WebSecurity - 

********************************************************************
**********        Security debugging is enabled.       *************
**********    This may include sensitive information.  *************
**********      Do not use in a production system!     *************
********************************************************************


2024-07-03 16:14:04.250 [main] INFO  o.a.k.c.admin.AdminClientConfig - AdminClientConfig values: 
	auto.include.jmx.reporter = true
	bootstrap.controllers = []
	bootstrap.servers = [localhost:9092]
	client.dns.lookup = use_all_dns_ips
	client.id = 
	connections.max.idle.ms = 300000
	default.api.timeout.ms = 60000
	enable.metrics.push = true
	metadata.max.age.ms = 300000
	metric.reporters = []
	metrics.num.samples = 2
	metrics.recording.level = INFO
	metrics.sample.window.ms = 30000
	receive.buffer.bytes = 65536
	reconnect.backoff.max.ms = 1000
	reconnect.backoff.ms = 50
	request.timeout.ms = 30000
	retries = 2147483647
	retry.backoff.max.ms = 1000
	retry.backoff.ms = 100
	sasl.client.callback.handler.class = null
	sasl.jaas.config = null
	sasl.kerberos.kinit.cmd = /usr/bin/kinit
	sasl.kerberos.min.time.before.relogin = 60000
	sasl.kerberos.service.name = null
	sasl.kerberos.ticket.renew.jitter = 0.05
	sasl.kerberos.ticket.renew.window.factor = 0.8
	sasl.login.callback.handler.class = null
	sasl.login.class = null
	sasl.login.connect.timeout.ms = null
	sasl.login.read.timeout.ms = null
	sasl.login.refresh.buffer.seconds = 300
	sasl.login.refresh.min.period.seconds = 60
	sasl.login.refresh.window.factor = 0.8
	sasl.login.refresh.window.jitter = 0.05
	sasl.login.retry.backoff.max.ms = 10000
	sasl.login.retry.backoff.ms = 100
	sasl.mechanism = GSSAPI
	sasl.oauthbearer.clock.skew.seconds = 30
	sasl.oauthbearer.expected.audience = null
	sasl.oauthbearer.expected.issuer = null
	sasl.oauthbearer.jwks.endpoint.refresh.ms = 3600000
	sasl.oauthbearer.jwks.endpoint.retry.backoff.max.ms = 10000
	sasl.oauthbearer.jwks.endpoint.retry.backoff.ms = 100
	sasl.oauthbearer.jwks.endpoint.url = null
	sasl.oauthbearer.scope.claim.name = scope
	sasl.oauthbearer.sub.claim.name = sub
	sasl.oauthbearer.token.endpoint.url = null
	security.protocol = PLAINTEXT
	security.providers = null
	send.buffer.bytes = 131072
	socket.connection.setup.timeout.max.ms = 30000
	socket.connection.setup.timeout.ms = 10000
	ssl.cipher.suites = null
	ssl.enabled.protocols = [TLSv1.2, TLSv1.3]
	ssl.endpoint.identification.algorithm = https
	ssl.engine.factory.class = null
	ssl.key.password = null
	ssl.keymanager.algorithm = SunX509
	ssl.keystore.certificate.chain = null
	ssl.keystore.key = null
	ssl.keystore.location = null
	ssl.keystore.password = null
	ssl.keystore.type = JKS
	ssl.protocol = TLSv1.3
	ssl.provider = null
	ssl.secure.random.implementation = null
	ssl.trustmanager.algorithm = PKIX
	ssl.truststore.certificates = null
	ssl.truststore.location = null
	ssl.truststore.password = null
	ssl.truststore.type = JKS

2024-07-03 16:14:04.386 [main] INFO  o.a.kafka.common.utils.AppInfoParser - Kafka version: 3.7.0
2024-07-03 16:14:04.386 [main] INFO  o.a.kafka.common.utils.AppInfoParser - Kafka commitId: 2ae524ed625438c5
2024-07-03 16:14:04.386 [main] INFO  o.a.kafka.common.utils.AppInfoParser - Kafka startTimeMs: 1719998044382
2024-07-03 16:14:04.688 [kafka-admin-client-thread | adminclient-1] INFO  o.a.kafka.common.utils.AppInfoParser - App info kafka.admin.client for adminclient-1 unregistered
2024-07-03 16:14:04.692 [kafka-admin-client-thread | adminclient-1] INFO  o.a.kafka.common.metrics.Metrics - Metrics scheduler closed
2024-07-03 16:14:04.692 [kafka-admin-client-thread | adminclient-1] INFO  o.a.kafka.common.metrics.Metrics - Closing reporter org.apache.kafka.common.metrics.JmxReporter
2024-07-03 16:14:04.692 [kafka-admin-client-thread | adminclient-1] INFO  o.a.kafka.common.metrics.Metrics - Metrics reporters closed
2024-07-03 16:14:04.693 [main] INFO  o.a.coyote.http11.Http11NioProtocol - Starting ProtocolHandler ["http-nio-8088"]
2024-07-03 16:14:04.701 [main] INFO  o.s.b.w.e.tomcat.TomcatWebServer - Tomcat started on port 8088 (http) with context path '/'
2024-07-03 16:14:04.721 [main] INFO  o.a.k.c.consumer.ConsumerConfig - ConsumerConfig values: 
	allow.auto.create.topics = true
	auto.commit.interval.ms = 5000
	auto.include.jmx.reporter = true
	auto.offset.reset = latest
	bootstrap.servers = [localhost:9092]
	check.crcs = true
	client.dns.lookup = use_all_dns_ips
	client.id = consumer-groupA-1
	client.rack = 
	connections.max.idle.ms = 540000
	default.api.timeout.ms = 60000
	enable.auto.commit = false
	enable.metrics.push = true
	exclude.internal.topics = true
	fetch.max.bytes = 52428800
	fetch.max.wait.ms = 500
	fetch.min.bytes = 1
	group.id = groupA
	group.instance.id = null
	group.protocol = classic
	group.remote.assignor = null
	heartbeat.interval.ms = 3000
	interceptor.classes = []
	internal.leave.group.on.close = true
	internal.throw.on.fetch.stable.offset.unsupported = false
	isolation.level = read_uncommitted
	key.deserializer = class org.apache.kafka.common.serialization.StringDeserializer
	max.partition.fetch.bytes = 1048576
	max.poll.interval.ms = 300000
	max.poll.records = 500
	metadata.max.age.ms = 300000
	metric.reporters = []
	metrics.num.samples = 2
	metrics.recording.level = INFO
	metrics.sample.window.ms = 30000
	partition.assignment.strategy = [class org.apache.kafka.clients.consumer.RangeAssignor, class org.apache.kafka.clients.consumer.CooperativeStickyAssignor]
	receive.buffer.bytes = 65536
	reconnect.backoff.max.ms = 1000
	reconnect.backoff.ms = 50
	request.timeout.ms = 30000
	retry.backoff.max.ms = 1000
	retry.backoff.ms = 100
	sasl.client.callback.handler.class = null
	sasl.jaas.config = null
	sasl.kerberos.kinit.cmd = /usr/bin/kinit
	sasl.kerberos.min.time.before.relogin = 60000
	sasl.kerberos.service.name = null
	sasl.kerberos.ticket.renew.jitter = 0.05
	sasl.kerberos.ticket.renew.window.factor = 0.8
	sasl.login.callback.handler.class = null
	sasl.login.class = null
	sasl.login.connect.timeout.ms = null
	sasl.login.read.timeout.ms = null
	sasl.login.refresh.buffer.seconds = 300
	sasl.login.refresh.min.period.seconds = 60
	sasl.login.refresh.window.factor = 0.8
	sasl.login.refresh.window.jitter = 0.05
	sasl.login.retry.backoff.max.ms = 10000
	sasl.login.retry.backoff.ms = 100
	sasl.mechanism = GSSAPI
	sasl.oauthbearer.clock.skew.seconds = 30
	sasl.oauthbearer.expected.audience = null
	sasl.oauthbearer.expected.issuer = null
	sasl.oauthbearer.jwks.endpoint.refresh.ms = 3600000
	sasl.oauthbearer.jwks.endpoint.retry.backoff.max.ms = 10000
	sasl.oauthbearer.jwks.endpoint.retry.backoff.ms = 100
	sasl.oauthbearer.jwks.endpoint.url = null
	sasl.oauthbearer.scope.claim.name = scope
	sasl.oauthbearer.sub.claim.name = sub
	sasl.oauthbearer.token.endpoint.url = null
	security.protocol = PLAINTEXT
	security.providers = null
	send.buffer.bytes = 131072
	session.timeout.ms = 45000
	socket.connection.setup.timeout.max.ms = 30000
	socket.connection.setup.timeout.ms = 10000
	ssl.cipher.suites = null
	ssl.enabled.protocols = [TLSv1.2, TLSv1.3]
	ssl.endpoint.identification.algorithm = https
	ssl.engine.factory.class = null
	ssl.key.password = null
	ssl.keymanager.algorithm = SunX509
	ssl.keystore.certificate.chain = null
	ssl.keystore.key = null
	ssl.keystore.location = null
	ssl.keystore.password = null
	ssl.keystore.type = JKS
	ssl.protocol = TLSv1.3
	ssl.provider = null
	ssl.secure.random.implementation = null
	ssl.trustmanager.algorithm = PKIX
	ssl.truststore.certificates = null
	ssl.truststore.location = null
	ssl.truststore.password = null
	ssl.truststore.type = JKS
	value.deserializer = class org.apache.kafka.common.serialization.ByteArrayDeserializer

2024-07-03 16:14:04.753 [main] INFO  o.a.k.c.t.i.KafkaMetricsCollector - initializing Kafka metrics collector
2024-07-03 16:14:04.790 [main] INFO  o.a.kafka.common.utils.AppInfoParser - Kafka version: 3.7.0
2024-07-03 16:14:04.790 [main] INFO  o.a.kafka.common.utils.AppInfoParser - Kafka commitId: 2ae524ed625438c5
2024-07-03 16:14:04.790 [main] INFO  o.a.kafka.common.utils.AppInfoParser - Kafka startTimeMs: 1719998044790
2024-07-03 16:14:04.798 [main] INFO  o.a.k.c.c.i.LegacyKafkaConsumer - [Consumer clientId=consumer-groupA-1, groupId=groupA] Subscribed to topic(s): get-all-categories, insert-a-category
2024-07-03 16:14:04.819 [groupA-0-C-1] INFO  org.apache.kafka.clients.Metadata - [Consumer clientId=consumer-groupA-1, groupId=groupA] Cluster ID: kOOQKYk9TL6WPoWO3EhtHA
2024-07-03 16:14:04.820 [groupA-0-C-1] INFO  o.a.k.c.c.i.ConsumerCoordinator - [Consumer clientId=consumer-groupA-1, groupId=groupA] Discovered group coordinator 127.0.0.1:9092 (id: 2147483646 rack: null)
2024-07-03 16:14:04.822 [main] INFO  c.project.shopapp.ShopappApplication - Started ShopappApplication in 12.444 seconds (process running for 13.292)
2024-07-03 16:14:04.823 [groupA-0-C-1] INFO  o.a.k.c.c.i.ConsumerCoordinator - [Consumer clientId=consumer-groupA-1, groupId=groupA] (Re-)joining group
2024-07-03 16:14:04.839 [groupA-0-C-1] INFO  o.a.k.c.c.i.ConsumerCoordinator - [Consumer clientId=consumer-groupA-1, groupId=groupA] Request joining group due to: need to re-join with the given member-id: consumer-groupA-1-9885df23-f942-49a4-9059-68a10b588acd
2024-07-03 16:14:04.840 [groupA-0-C-1] INFO  o.a.k.c.c.i.ConsumerCoordinator - [Consumer clientId=consumer-groupA-1, groupId=groupA] (Re-)joining group
2024-07-03 16:14:07.846 [groupA-0-C-1] INFO  o.a.k.c.c.i.ConsumerCoordinator - [Consumer clientId=consumer-groupA-1, groupId=groupA] Successfully joined group with generation Generation{generationId=13, memberId='consumer-groupA-1-9885df23-f942-49a4-9059-68a10b588acd', protocol='range'}
2024-07-03 16:14:07.871 [groupA-0-C-1] INFO  o.a.k.c.c.i.ConsumerCoordinator - [Consumer clientId=consumer-groupA-1, groupId=groupA] Finished assignment for group at generation 13: {consumer-groupA-1-9885df23-f942-49a4-9059-68a10b588acd=Assignment(partitions=[get-all-categories-0, insert-a-category-0])}
2024-07-03 16:14:07.884 [groupA-0-C-1] INFO  o.a.k.c.c.i.ConsumerCoordinator - [Consumer clientId=consumer-groupA-1, groupId=groupA] Successfully synced group in generation Generation{generationId=13, memberId='consumer-groupA-1-9885df23-f942-49a4-9059-68a10b588acd', protocol='range'}
2024-07-03 16:14:07.885 [groupA-0-C-1] INFO  o.a.k.c.c.i.ConsumerCoordinator - [Consumer clientId=consumer-groupA-1, groupId=groupA] Notifying assignor about the new Assignment(partitions=[get-all-categories-0, insert-a-category-0])
2024-07-03 16:14:07.888 [groupA-0-C-1] INFO  o.a.k.c.c.i.ConsumerRebalanceListenerInvoker - [Consumer clientId=consumer-groupA-1, groupId=groupA] Adding newly assigned partitions: get-all-categories-0, insert-a-category-0
2024-07-03 16:14:07.903 [groupA-0-C-1] INFO  o.a.k.c.c.internals.ConsumerUtils - Setting offset for partition get-all-categories-0 to the committed offset FetchPosition{offset=0, offsetEpoch=Optional.empty, currentLeader=LeaderAndEpoch{leader=Optional[127.0.0.1:9092 (id: 1 rack: null)], epoch=0}}
2024-07-03 16:14:07.904 [groupA-0-C-1] INFO  o.a.k.c.c.internals.ConsumerUtils - Setting offset for partition insert-a-category-0 to the committed offset FetchPosition{offset=0, offsetEpoch=Optional.empty, currentLeader=LeaderAndEpoch{leader=Optional[127.0.0.1:9092 (id: 1 rack: null)], epoch=0}}
2024-07-03 16:14:07.905 [groupA-0-C-1] INFO  o.s.k.l.KafkaMessageListenerContainer - groupA: partitions assigned: [get-all-categories-0, insert-a-category-0]
2024-07-03 16:14:09.358 [http-nio-8088-exec-2] INFO  o.a.c.c.C.[Tomcat].[localhost].[/] - Initializing Spring DispatcherServlet 'dispatcherServlet'
2024-07-03 16:14:09.358 [http-nio-8088-exec-2] INFO  o.s.web.servlet.DispatcherServlet - Initializing Servlet 'dispatcherServlet'
2024-07-03 16:14:09.360 [http-nio-8088-exec-2] INFO  o.s.web.servlet.DispatcherServlet - Completed initialization in 2 ms
2024-07-03 16:14:09.383 [http-nio-8088-exec-2] INFO  Spring Security Debugger - 

************************************************************

Request received for GET '/api/v1/users/auth/social-login?login_type=facebook':

org.apache.catalina.connector.RequestFacade@77a7696c

servletPath:/api/v1/users/auth/social-login
pathInfo:null
headers: 
user-agent: PostmanRuntime/7.39.0
accept: */*
postman-token: 7d6a6601-e50f-4ff0-8430-4032cd340b19
host: localhost:8088
accept-encoding: gzip, deflate, br
connection: keep-alive


Security filter chain: no match


************************************************************


2024-07-03 16:14:11.466 [http-nio-8088-exec-2] INFO  c.p.s.c.aspects.PerformanceAspect - Starting execution of socialAuth
2024-07-03 16:14:11.466 [http-nio-8088-exec-2] INFO  c.p.s.c.aspects.UserActivityLogger - User activity started: socialAuth, IP address: 0:0:0:0:0:0:0:1
2024-07-03 16:14:12.841 [http-nio-8088-exec-2] INFO  c.p.s.c.aspects.UserActivityLogger - User activity finished: socialAuth
2024-07-03 16:14:12.841 [http-nio-8088-exec-2] INFO  c.p.s.c.aspects.PerformanceAspect - Finished execution of socialAuth
2024-07-03 16:14:12.843 [http-nio-8088-exec-2] INFO  c.p.s.c.aspects.PerformanceAspect - Execution of socialAuth took 1377 ms
2024-07-03 16:14:49.251 [http-nio-8088-exec-3] INFO  Spring Security Debugger - 

************************************************************

Request received for GET '/api/v1/users/auth/social/callback?code=AQCu74jJ56z8-F3XmYCM567fNNUVBvTVoRayThl4YZ-d3nu1LdiBOUKktwXWbtWw4ueRKsnqBLOQmmFXGeCyhFdXsogRTWW8F7GBzh5eH2mkA7TueYNuUo9fmAgfPTxWgoRSxA-8Dipi6LZg73YZ0WD_f4ueQpioF0NeKIxKDSY9Yys1NwQsZGdVHsSji6WEbon1RphOLCh5_u_-Qc8Qcd_d2cCN5xH_SGYq4JFGkWqYvbBVaxFxkbyAwx-kTnAIrRBa97bGOzpHmsLVzMNkWsNUY1zfTmhqTpGCK1VQXutfuikTduFoMs6LQhcTAUm1zxYinCkL3Vg007D6fGvFLvVlWYFV0XBy-msGRrBPyVhmx-EN1GERhOGlyoMkP96iux-T4rOnFnzFyvSa26tKilvV9Cid0stNJnjI5JUzbP_jCw%23_=_&login_type=facebook':

org.apache.catalina.connector.RequestFacade@6cf22a9b

servletPath:/api/v1/users/auth/social/callback
pathInfo:null
headers: 
user-agent: PostmanRuntime/7.39.0
accept: */*
postman-token: a566c6d4-5eee-4f1b-916c-b72be75fda18
host: localhost:8088
accept-encoding: gzip, deflate, br
connection: keep-alive


Security filter chain: no match


************************************************************


2024-07-03 16:14:52.600 [http-nio-8088-exec-3] INFO  c.p.s.c.aspects.PerformanceAspect - Starting execution of callback
2024-07-03 16:14:52.600 [http-nio-8088-exec-3] INFO  c.p.s.c.aspects.UserActivityLogger - User activity started: callback, IP address: 0:0:0:0:0:0:0:1
2024-07-03 16:15:50.200 [kafka-coordinator-heartbeat-thread | groupA] INFO  o.a.k.c.c.i.ConsumerCoordinator - [Consumer clientId=consumer-groupA-1, groupId=groupA] Group coordinator 127.0.0.1:9092 (id: 2147483646 rack: null) is unavailable or invalid due to cause: session timed out without receiving a heartbeat response. isDisconnected: false. Rediscovery will be attempted.
2024-07-03 16:15:50.200 [kafka-coordinator-heartbeat-thread | groupA] INFO  o.a.k.c.c.i.ConsumerCoordinator - [Consumer clientId=consumer-groupA-1, groupId=groupA] Requesting disconnect from last known coordinator 127.0.0.1:9092 (id: 2147483646 rack: null)
2024-07-03 16:15:50.204 [kafka-coordinator-heartbeat-thread | groupA] INFO  o.apache.kafka.clients.NetworkClient - [Consumer clientId=consumer-groupA-1, groupId=groupA] Client requested disconnect from node 2147483646
2024-07-03 16:15:50.207 [groupA-0-C-1] INFO  o.a.k.c.c.i.ConsumerCoordinator - [Consumer clientId=consumer-groupA-1, groupId=groupA] Discovered group coordinator 127.0.0.1:9092 (id: 2147483646 rack: null)
2024-07-03 16:15:50.207 [groupA-0-C-1] INFO  o.a.k.c.c.i.ConsumerCoordinator - [Consumer clientId=consumer-groupA-1, groupId=groupA] Group coordinator 127.0.0.1:9092 (id: 2147483646 rack: null) is unavailable or invalid due to cause: coordinator unavailable. isDisconnected: false. Rediscovery will be attempted.
2024-07-03 16:15:50.207 [groupA-0-C-1] INFO  o.a.k.c.c.i.ConsumerCoordinator - [Consumer clientId=consumer-groupA-1, groupId=groupA] Requesting disconnect from last known coordinator 127.0.0.1:9092 (id: 2147483646 rack: null)
2024-07-03 16:15:50.219 [http-nio-8088-exec-3] INFO  c.p.s.c.aspects.UserActivityLogger - User activity finished: callback
2024-07-03 16:15:50.219 [http-nio-8088-exec-3] INFO  c.p.s.c.aspects.PerformanceAspect - Finished execution of callback
2024-07-03 16:15:50.219 [http-nio-8088-exec-3] INFO  c.p.s.c.aspects.PerformanceAspect - Execution of callback took 57619 ms
2024-07-03 16:15:50.315 [groupA-0-C-1] INFO  o.a.k.c.c.i.ConsumerCoordinator - [Consumer clientId=consumer-groupA-1, groupId=groupA] Discovered group coordinator 127.0.0.1:9092 (id: 2147483646 rack: null)
2024-07-03 16:15:50.321 [groupA-0-C-1] INFO  o.a.k.c.c.i.ConsumerCoordinator - [Consumer clientId=consumer-groupA-1, groupId=groupA] Attempt to heartbeat with Generation{generationId=13, memberId='consumer-groupA-1-9885df23-f942-49a4-9059-68a10b588acd', protocol='range'} and group instance id Optional.empty failed due to UNKNOWN_MEMBER_ID, resetting generation
2024-07-03 16:15:50.321 [groupA-0-C-1] INFO  o.a.k.c.c.i.ConsumerCoordinator - [Consumer clientId=consumer-groupA-1, groupId=groupA] Resetting generation and member id due to: encountered UNKNOWN_MEMBER_ID from HEARTBEAT response
2024-07-03 16:15:50.321 [groupA-0-C-1] INFO  o.a.k.c.c.i.ConsumerCoordinator - [Consumer clientId=consumer-groupA-1, groupId=groupA] Request joining group due to: encountered UNKNOWN_MEMBER_ID from HEARTBEAT response
2024-07-03 16:15:50.321 [groupA-0-C-1] INFO  o.a.k.c.c.i.ConsumerCoordinator - [Consumer clientId=consumer-groupA-1, groupId=groupA] Giving away all assigned partitions as lost since generation/memberID has been reset,indicating that consumer is in old state or no longer part of the group
2024-07-03 16:15:50.321 [groupA-0-C-1] INFO  o.a.k.c.c.i.ConsumerRebalanceListenerInvoker - [Consumer clientId=consumer-groupA-1, groupId=groupA] Lost previously assigned partitions get-all-categories-0, insert-a-category-0
2024-07-03 16:15:50.322 [groupA-0-C-1] INFO  o.s.k.l.KafkaMessageListenerContainer - groupA: partitions lost: [get-all-categories-0, insert-a-category-0]
2024-07-03 16:15:50.323 [groupA-0-C-1] INFO  o.s.k.l.KafkaMessageListenerContainer - groupA: partitions revoked: [get-all-categories-0, insert-a-category-0]
2024-07-03 16:15:50.323 [groupA-0-C-1] INFO  o.a.k.c.c.i.ConsumerCoordinator - [Consumer clientId=consumer-groupA-1, groupId=groupA] (Re-)joining group
2024-07-03 16:15:50.327 [groupA-0-C-1] INFO  o.a.k.c.c.i.ConsumerCoordinator - [Consumer clientId=consumer-groupA-1, groupId=groupA] Request joining group due to: need to re-join with the given member-id: consumer-groupA-1-659ab9b1-37ec-4a07-8cc3-456e495c2a1f
2024-07-03 16:15:50.327 [groupA-0-C-1] INFO  o.a.k.c.c.i.ConsumerCoordinator - [Consumer clientId=consumer-groupA-1, groupId=groupA] (Re-)joining group
2024-07-03 16:15:53.332 [groupA-0-C-1] INFO  o.a.k.c.c.i.ConsumerCoordinator - [Consumer clientId=consumer-groupA-1, groupId=groupA] Successfully joined group with generation Generation{generationId=15, memberId='consumer-groupA-1-659ab9b1-37ec-4a07-8cc3-456e495c2a1f', protocol='range'}
2024-07-03 16:15:53.333 [groupA-0-C-1] INFO  o.a.k.c.c.i.ConsumerCoordinator - [Consumer clientId=consumer-groupA-1, groupId=groupA] Finished assignment for group at generation 15: {consumer-groupA-1-659ab9b1-37ec-4a07-8cc3-456e495c2a1f=Assignment(partitions=[get-all-categories-0, insert-a-category-0])}
2024-07-03 16:15:53.340 [groupA-0-C-1] INFO  o.a.k.c.c.i.ConsumerCoordinator - [Consumer clientId=consumer-groupA-1, groupId=groupA] Successfully synced group in generation Generation{generationId=15, memberId='consumer-groupA-1-659ab9b1-37ec-4a07-8cc3-456e495c2a1f', protocol='range'}
2024-07-03 16:15:53.341 [groupA-0-C-1] INFO  o.a.k.c.c.i.ConsumerCoordinator - [Consumer clientId=consumer-groupA-1, groupId=groupA] Notifying assignor about the new Assignment(partitions=[get-all-categories-0, insert-a-category-0])
2024-07-03 16:15:53.342 [groupA-0-C-1] INFO  o.a.k.c.c.i.ConsumerRebalanceListenerInvoker - [Consumer clientId=consumer-groupA-1, groupId=groupA] Adding newly assigned partitions: get-all-categories-0, insert-a-category-0
2024-07-03 16:15:53.349 [groupA-0-C-1] INFO  o.a.k.c.c.internals.ConsumerUtils - Setting offset for partition get-all-categories-0 to the committed offset FetchPosition{offset=0, offsetEpoch=Optional.empty, currentLeader=LeaderAndEpoch{leader=Optional[127.0.0.1:9092 (id: 1 rack: null)], epoch=0}}
2024-07-03 16:15:53.349 [groupA-0-C-1] INFO  o.a.k.c.c.internals.ConsumerUtils - Setting offset for partition insert-a-category-0 to the committed offset FetchPosition{offset=0, offsetEpoch=Optional.empty, currentLeader=LeaderAndEpoch{leader=Optional[127.0.0.1:9092 (id: 1 rack: null)], epoch=0}}
2024-07-03 16:15:53.349 [groupA-0-C-1] INFO  o.s.k.l.KafkaMessageListenerContainer - groupA: partitions assigned: [get-all-categories-0, insert-a-category-0]
2024-07-03 16:15:57.456 [http-nio-8088-exec-5] INFO  Spring Security Debugger - 

************************************************************

Request received for GET '/api/v1/users/auth/social-login?login_type=facebook':

org.apache.catalina.connector.RequestFacade@33b14a1d

servletPath:/api/v1/users/auth/social-login
pathInfo:null
headers: 
user-agent: PostmanRuntime/7.39.0
accept: */*
postman-token: f3d8a3be-77be-4d2f-a91e-2b60e55c5439
host: localhost:8088
accept-encoding: gzip, deflate, br
connection: keep-alive


Security filter chain: no match


************************************************************


2024-07-03 16:15:59.571 [http-nio-8088-exec-5] INFO  c.p.s.c.aspects.PerformanceAspect - Starting execution of socialAuth
2024-07-03 16:15:59.571 [http-nio-8088-exec-5] INFO  c.p.s.c.aspects.UserActivityLogger - User activity started: socialAuth, IP address: 0:0:0:0:0:0:0:1
2024-07-03 16:16:11.178 [http-nio-8088-exec-5] INFO  c.p.s.c.aspects.UserActivityLogger - User activity finished: socialAuth
2024-07-03 16:16:11.178 [http-nio-8088-exec-5] INFO  c.p.s.c.aspects.PerformanceAspect - Finished execution of socialAuth
2024-07-03 16:16:11.178 [http-nio-8088-exec-5] INFO  c.p.s.c.aspects.PerformanceAspect - Execution of socialAuth took 11607 ms
2024-07-03 16:16:41.150 [http-nio-8088-exec-6] INFO  Spring Security Debugger - 

************************************************************

Request received for GET '/api/v1/users/auth/social/callback?code=AQAembvPngbagJOhN21CsVCJxaaJaFhppkZEWFqpIYHKf_PzApZKEvEQO3RENL6yUG6d6JzDivwiEPIdyM_KGiqpTG8KoKzCW_NN5NzPT940V8jVj5PiJ_aV3MB4bttjNphJu3zzb1UTqJoHuxq2ZeTRfsmjNzNlRey4gdGjgufgMcdqEtCBJ7aIEIRKcVVIrN5M8ZnN0Wjfq5OkOrZZHoiN9It2txY2Cn8WYoRYQCd1bJygLXvX8wLRpUWR_KinlJPCl0H217_W35Fl6Nwv7YBw4QwjQheCqFge8feh7XZhB5H_OgA7PUlXiY3uWM5G0n9yfu4uGaQ_4e2UFU5sJ-mnN7UY159Ex7UhgTwwzGHt_7mhjqaJMVSLuIouMw_5IH-xb1WFnLvwive0UAIIuFYeW5JbCuDAUBt9k6KLMQ4wYw%23_=_&login_type=facebook':

org.apache.catalina.connector.RequestFacade@3611c39

servletPath:/api/v1/users/auth/social/callback
pathInfo:null
headers: 
user-agent: PostmanRuntime/7.39.0
accept: */*
postman-token: 8b6a6b5b-f032-475e-ad01-d1d02b356b41
host: localhost:8088
accept-encoding: gzip, deflate, br
connection: keep-alive


Security filter chain: no match


************************************************************


2024-07-03 16:16:43.543 [http-nio-8088-exec-6] INFO  c.p.s.c.aspects.PerformanceAspect - Starting execution of callback
2024-07-03 16:16:43.543 [http-nio-8088-exec-6] INFO  c.p.s.c.aspects.UserActivityLogger - User activity started: callback, IP address: 0:0:0:0:0:0:0:1
2024-07-03 16:16:45.590 [http-nio-8088-exec-6] INFO  c.p.s.c.aspects.UserActivityLogger - User activity finished: callback
2024-07-03 16:16:45.590 [http-nio-8088-exec-6] INFO  c.p.s.c.aspects.PerformanceAspect - Finished execution of callback
2024-07-03 16:16:45.591 [http-nio-8088-exec-6] INFO  c.p.s.c.aspects.PerformanceAspect - Execution of callback took 2047 ms
2024-07-03 16:17:11.576 [http-nio-8088-exec-8] INFO  Spring Security Debugger - 

************************************************************

Request received for GET '/api/v1/users/auth/social/callback?code=AQAembvPngbagJOhN21CsVCJxaaJaFhppkZEWFqpIYHKf_PzApZKEvEQO3RENL6yUG6d6JzDivwiEPIdyM_KGiqpTG8KoKzCW_NN5NzPT940V8jVj5PiJ_aV3MB4bttjNphJu3zzb1UTqJoHuxq2ZeTRfsmjNzNlRey4gdGjgufgMcdqEtCBJ7aIEIRKcVVIrN5M8ZnN0Wjfq5OkOrZZHoiN9It2txY2Cn8WYoRYQCd1bJygLXvX8wLRpUWR_KinlJPCl0H217_W35Fl6Nwv7YBw4QwjQheCqFge8feh7XZhB5H_OgA7PUlXiY3uWM5G0n9yfu4uGaQ_4e2UFU5sJ-mnN7UY159Ex7UhgTwwzGHt_7mhjqaJMVSLuIouMw_5IH-xb1WFnLvwive0UAIIuFYeW5JbCuDAUBt9k6KLMQ4wYw%23_=_&login_type=facebook':

org.apache.catalina.connector.RequestFacade@56dc2389

servletPath:/api/v1/users/auth/social/callback
pathInfo:null
headers: 
user-agent: PostmanRuntime/7.39.0
accept: */*
postman-token: b998e6da-4006-4d9b-b335-48a6b0875a25
host: localhost:8088
accept-encoding: gzip, deflate, br
connection: keep-alive


Security filter chain: no match


************************************************************


2024-07-03 16:17:13.392 [http-nio-8088-exec-8] INFO  c.p.s.c.aspects.PerformanceAspect - Starting execution of callback
2024-07-03 16:17:13.392 [http-nio-8088-exec-8] INFO  c.p.s.c.aspects.UserActivityLogger - User activity started: callback, IP address: 0:0:0:0:0:0:0:1
2024-07-03 16:18:58.152 [kafka-coordinator-heartbeat-thread | groupA] INFO  o.a.k.c.c.i.ConsumerCoordinator - [Consumer clientId=consumer-groupA-1, groupId=groupA] Group coordinator 127.0.0.1:9092 (id: 2147483646 rack: null) is unavailable or invalid due to cause: session timed out without receiving a heartbeat response. isDisconnected: false. Rediscovery will be attempted.
2024-07-03 16:18:58.152 [kafka-coordinator-heartbeat-thread | groupA] INFO  o.a.k.c.c.i.ConsumerCoordinator - [Consumer clientId=consumer-groupA-1, groupId=groupA] Requesting disconnect from last known coordinator 127.0.0.1:9092 (id: 2147483646 rack: null)
2024-07-03 16:18:58.152 [kafka-coordinator-heartbeat-thread | groupA] INFO  o.apache.kafka.clients.NetworkClient - [Consumer clientId=consumer-groupA-1, groupId=groupA] Client requested disconnect from node 2147483646
2024-07-03 16:18:58.156 [groupA-0-C-1] INFO  o.a.k.c.c.i.ConsumerCoordinator - [Consumer clientId=consumer-groupA-1, groupId=groupA] Discovered group coordinator 127.0.0.1:9092 (id: 2147483646 rack: null)
2024-07-03 16:18:58.156 [groupA-0-C-1] INFO  o.a.k.c.c.i.ConsumerCoordinator - [Consumer clientId=consumer-groupA-1, groupId=groupA] Group coordinator 127.0.0.1:9092 (id: 2147483646 rack: null) is unavailable or invalid due to cause: coordinator unavailable. isDisconnected: false. Rediscovery will be attempted.
2024-07-03 16:18:58.156 [groupA-0-C-1] INFO  o.a.k.c.c.i.ConsumerCoordinator - [Consumer clientId=consumer-groupA-1, groupId=groupA] Requesting disconnect from last known coordinator 127.0.0.1:9092 (id: 2147483646 rack: null)
2024-07-03 16:18:58.158 [http-nio-8088-exec-8] INFO  c.p.s.c.aspects.UserActivityLogger - User activity finished: callback
2024-07-03 16:18:58.159 [http-nio-8088-exec-8] INFO  c.p.s.c.aspects.PerformanceAspect - Finished execution of callback
2024-07-03 16:18:58.159 [http-nio-8088-exec-8] INFO  c.p.s.c.aspects.PerformanceAspect - Execution of callback took 104766 ms
2024-07-03 16:18:58.265 [groupA-0-C-1] INFO  o.a.k.c.c.i.ConsumerCoordinator - [Consumer clientId=consumer-groupA-1, groupId=groupA] Discovered group coordinator 127.0.0.1:9092 (id: 2147483646 rack: null)
2024-07-03 16:18:58.272 [groupA-0-C-1] INFO  o.a.k.c.c.i.ConsumerCoordinator - [Consumer clientId=consumer-groupA-1, groupId=groupA] Attempt to heartbeat with Generation{generationId=15, memberId='consumer-groupA-1-659ab9b1-37ec-4a07-8cc3-456e495c2a1f', protocol='range'} and group instance id Optional.empty failed due to UNKNOWN_MEMBER_ID, resetting generation
2024-07-03 16:18:58.272 [groupA-0-C-1] INFO  o.a.k.c.c.i.ConsumerCoordinator - [Consumer clientId=consumer-groupA-1, groupId=groupA] Resetting generation and member id due to: encountered UNKNOWN_MEMBER_ID from HEARTBEAT response
2024-07-03 16:18:58.272 [groupA-0-C-1] INFO  o.a.k.c.c.i.ConsumerCoordinator - [Consumer clientId=consumer-groupA-1, groupId=groupA] Request joining group due to: encountered UNKNOWN_MEMBER_ID from HEARTBEAT response
2024-07-03 16:18:58.272 [groupA-0-C-1] INFO  o.a.k.c.c.i.ConsumerCoordinator - [Consumer clientId=consumer-groupA-1, groupId=groupA] Giving away all assigned partitions as lost since generation/memberID has been reset,indicating that consumer is in old state or no longer part of the group
2024-07-03 16:18:58.273 [groupA-0-C-1] INFO  o.a.k.c.c.i.ConsumerRebalanceListenerInvoker - [Consumer clientId=consumer-groupA-1, groupId=groupA] Lost previously assigned partitions get-all-categories-0, insert-a-category-0
2024-07-03 16:18:58.273 [groupA-0-C-1] INFO  o.s.k.l.KafkaMessageListenerContainer - groupA: partitions lost: [get-all-categories-0, insert-a-category-0]
2024-07-03 16:18:58.273 [groupA-0-C-1] INFO  o.s.k.l.KafkaMessageListenerContainer - groupA: partitions revoked: [get-all-categories-0, insert-a-category-0]
2024-07-03 16:18:58.273 [groupA-0-C-1] INFO  o.a.k.c.c.i.ConsumerCoordinator - [Consumer clientId=consumer-groupA-1, groupId=groupA] (Re-)joining group
2024-07-03 16:18:58.278 [groupA-0-C-1] INFO  o.a.k.c.c.i.ConsumerCoordinator - [Consumer clientId=consumer-groupA-1, groupId=groupA] Request joining group due to: need to re-join with the given member-id: consumer-groupA-1-0f70e993-48b6-4b4c-a607-b283fe0e2c19
2024-07-03 16:18:58.279 [groupA-0-C-1] INFO  o.a.k.c.c.i.ConsumerCoordinator - [Consumer clientId=consumer-groupA-1, groupId=groupA] (Re-)joining group
2024-07-03 16:19:01.282 [groupA-0-C-1] INFO  o.a.k.c.c.i.ConsumerCoordinator - [Consumer clientId=consumer-groupA-1, groupId=groupA] Successfully joined group with generation Generation{generationId=17, memberId='consumer-groupA-1-0f70e993-48b6-4b4c-a607-b283fe0e2c19', protocol='range'}
2024-07-03 16:19:01.283 [groupA-0-C-1] INFO  o.a.k.c.c.i.ConsumerCoordinator - [Consumer clientId=consumer-groupA-1, groupId=groupA] Finished assignment for group at generation 17: {consumer-groupA-1-0f70e993-48b6-4b4c-a607-b283fe0e2c19=Assignment(partitions=[get-all-categories-0, insert-a-category-0])}
2024-07-03 16:19:01.286 [groupA-0-C-1] INFO  o.a.k.c.c.i.ConsumerCoordinator - [Consumer clientId=consumer-groupA-1, groupId=groupA] Successfully synced group in generation Generation{generationId=17, memberId='consumer-groupA-1-0f70e993-48b6-4b4c-a607-b283fe0e2c19', protocol='range'}
2024-07-03 16:19:01.286 [groupA-0-C-1] INFO  o.a.k.c.c.i.ConsumerCoordinator - [Consumer clientId=consumer-groupA-1, groupId=groupA] Notifying assignor about the new Assignment(partitions=[get-all-categories-0, insert-a-category-0])
2024-07-03 16:19:01.286 [groupA-0-C-1] INFO  o.a.k.c.c.i.ConsumerRebalanceListenerInvoker - [Consumer clientId=consumer-groupA-1, groupId=groupA] Adding newly assigned partitions: get-all-categories-0, insert-a-category-0
2024-07-03 16:19:01.289 [groupA-0-C-1] INFO  o.a.k.c.c.internals.ConsumerUtils - Setting offset for partition get-all-categories-0 to the committed offset FetchPosition{offset=0, offsetEpoch=Optional.empty, currentLeader=LeaderAndEpoch{leader=Optional[127.0.0.1:9092 (id: 1 rack: null)], epoch=0}}
2024-07-03 16:19:01.289 [groupA-0-C-1] INFO  o.a.k.c.c.internals.ConsumerUtils - Setting offset for partition insert-a-category-0 to the committed offset FetchPosition{offset=0, offsetEpoch=Optional.empty, currentLeader=LeaderAndEpoch{leader=Optional[127.0.0.1:9092 (id: 1 rack: null)], epoch=0}}
2024-07-03 16:19:01.289 [groupA-0-C-1] INFO  o.s.k.l.KafkaMessageListenerContainer - groupA: partitions assigned: [get-all-categories-0, insert-a-category-0]
2024-07-03 16:19:07.067 [groupA-0-C-1] INFO  o.a.k.c.c.i.ConsumerRebalanceListenerInvoker - [Consumer clientId=consumer-groupA-1, groupId=groupA] Revoke previously assigned partitions get-all-categories-0, insert-a-category-0
2024-07-03 16:19:07.069 [groupA-0-C-1] INFO  o.s.k.l.KafkaMessageListenerContainer - groupA: partitions revoked: [get-all-categories-0, insert-a-category-0]
2024-07-03 16:19:07.069 [groupA-0-C-1] INFO  o.a.k.c.c.i.ConsumerCoordinator - [Consumer clientId=consumer-groupA-1, groupId=groupA] Member consumer-groupA-1-0f70e993-48b6-4b4c-a607-b283fe0e2c19 sending LeaveGroup request to coordinator 127.0.0.1:9092 (id: 2147483646 rack: null) due to the consumer unsubscribed from all topics
2024-07-03 16:19:07.069 [groupA-0-C-1] INFO  o.a.k.c.c.i.ConsumerCoordinator - [Consumer clientId=consumer-groupA-1, groupId=groupA] Resetting generation and member id due to: consumer pro-actively leaving the group
2024-07-03 16:19:07.069 [groupA-0-C-1] INFO  o.a.k.c.c.i.ConsumerCoordinator - [Consumer clientId=consumer-groupA-1, groupId=groupA] Request joining group due to: consumer pro-actively leaving the group
2024-07-03 16:19:07.069 [groupA-0-C-1] INFO  o.a.k.c.c.i.LegacyKafkaConsumer - [Consumer clientId=consumer-groupA-1, groupId=groupA] Unsubscribed all topics or patterns and assigned partitions
2024-07-03 16:19:07.071 [groupA-0-C-1] INFO  o.a.k.c.c.i.ConsumerCoordinator - [Consumer clientId=consumer-groupA-1, groupId=groupA] Resetting generation and member id due to: consumer pro-actively leaving the group
2024-07-03 16:19:07.071 [groupA-0-C-1] INFO  o.a.k.c.c.i.ConsumerCoordinator - [Consumer clientId=consumer-groupA-1, groupId=groupA] Request joining group due to: consumer pro-actively leaving the group
2024-07-03 16:19:12.941 [background-preinit] INFO  o.h.validator.internal.util.Version - HV000001: Hibernate Validator 8.0.1.Final
2024-07-03 16:19:12.990 [main] INFO  c.project.shopapp.ShopappApplication - Starting ShopappApplication using Java 21.0.3 with PID 16044 (C:\code\udemy\ShopApp\shopapp-backend\target\classes started by nguye in C:\code\udemy\ShopApp\shopapp-backend)
2024-07-03 16:19:12.992 [main] INFO  c.project.shopapp.ShopappApplication - No active profile set, falling back to 1 default profile: "default"
2024-07-03 16:19:14.105 [main] INFO  o.s.d.r.c.RepositoryConfigurationDelegate - Multiple Spring Data modules found, entering strict repository configuration mode
2024-07-03 16:19:14.106 [main] INFO  o.s.d.r.c.RepositoryConfigurationDelegate - Bootstrapping Spring Data JPA repositories in DEFAULT mode.
2024-07-03 16:19:14.276 [main] INFO  o.s.d.r.c.RepositoryConfigurationDelegate - Finished Spring Data repository scanning in 162 ms. Found 12 JPA repository interfaces.
2024-07-03 16:19:14.908 [main] INFO  o.s.d.r.c.RepositoryConfigurationDelegate - Multiple Spring Data modules found, entering strict repository configuration mode
2024-07-03 16:19:14.909 [main] INFO  o.s.d.r.c.RepositoryConfigurationDelegate - Bootstrapping Spring Data Redis repositories in DEFAULT mode.
2024-07-03 16:19:14.946 [main] INFO  o.s.d.r.c.RepositoryConfigurationExtensionSupport - Spring Data Redis - Could not safely identify store assignment for repository candidate interface com.project.shopapp.repositories.CategoryRepository; If you want this repository to be a Redis repository, consider annotating your entities with one of these annotations: org.springframework.data.redis.core.RedisHash (preferred), or consider extending one of the following types with your repository: org.springframework.data.keyvalue.repository.KeyValueRepository
2024-07-03 16:19:14.947 [main] INFO  o.s.d.r.c.RepositoryConfigurationExtensionSupport - Spring Data Redis - Could not safely identify store assignment for repository candidate interface com.project.shopapp.repositories.CommentRepository; If you want this repository to be a Redis repository, consider annotating your entities with one of these annotations: org.springframework.data.redis.core.RedisHash (preferred), or consider extending one of the following types with your repository: org.springframework.data.keyvalue.repository.KeyValueRepository
2024-07-03 16:19:14.947 [main] INFO  o.s.d.r.c.RepositoryConfigurationExtensionSupport - Spring Data Redis - Could not safely identify store assignment for repository candidate interface com.project.shopapp.repositories.CouponConditionRepository; If you want this repository to be a Redis repository, consider annotating your entities with one of these annotations: org.springframework.data.redis.core.RedisHash (preferred), or consider extending one of the following types with your repository: org.springframework.data.keyvalue.repository.KeyValueRepository
2024-07-03 16:19:14.947 [main] INFO  o.s.d.r.c.RepositoryConfigurationExtensionSupport - Spring Data Redis - Could not safely identify store assignment for repository candidate interface com.project.shopapp.repositories.CouponRepository; If you want this repository to be a Redis repository, consider annotating your entities with one of these annotations: org.springframework.data.redis.core.RedisHash (preferred), or consider extending one of the following types with your repository: org.springframework.data.keyvalue.repository.KeyValueRepository
2024-07-03 16:19:14.948 [main] INFO  o.s.d.r.c.RepositoryConfigurationExtensionSupport - Spring Data Redis - Could not safely identify store assignment for repository candidate interface com.project.shopapp.repositories.FavoriteRepository; If you want this repository to be a Redis repository, consider annotating your entities with one of these annotations: org.springframework.data.redis.core.RedisHash (preferred), or consider extending one of the following types with your repository: org.springframework.data.keyvalue.repository.KeyValueRepository
2024-07-03 16:19:14.948 [main] INFO  o.s.d.r.c.RepositoryConfigurationExtensionSupport - Spring Data Redis - Could not safely identify store assignment for repository candidate interface com.project.shopapp.repositories.OrderDetailRepository; If you want this repository to be a Redis repository, consider annotating your entities with one of these annotations: org.springframework.data.redis.core.RedisHash (preferred), or consider extending one of the following types with your repository: org.springframework.data.keyvalue.repository.KeyValueRepository
2024-07-03 16:19:14.948 [main] INFO  o.s.d.r.c.RepositoryConfigurationExtensionSupport - Spring Data Redis - Could not safely identify store assignment for repository candidate interface com.project.shopapp.repositories.OrderRepository; If you want this repository to be a Redis repository, consider annotating your entities with one of these annotations: org.springframework.data.redis.core.RedisHash (preferred), or consider extending one of the following types with your repository: org.springframework.data.keyvalue.repository.KeyValueRepository
2024-07-03 16:19:14.948 [main] INFO  o.s.d.r.c.RepositoryConfigurationExtensionSupport - Spring Data Redis - Could not safely identify store assignment for repository candidate interface com.project.shopapp.repositories.ProductImageRepository; If you want this repository to be a Redis repository, consider annotating your entities with one of these annotations: org.springframework.data.redis.core.RedisHash (preferred), or consider extending one of the following types with your repository: org.springframework.data.keyvalue.repository.KeyValueRepository
2024-07-03 16:19:14.950 [main] INFO  o.s.d.r.c.RepositoryConfigurationExtensionSupport - Spring Data Redis - Could not safely identify store assignment for repository candidate interface com.project.shopapp.repositories.ProductRepository; If you want this repository to be a Redis repository, consider annotating your entities with one of these annotations: org.springframework.data.redis.core.RedisHash (preferred), or consider extending one of the following types with your repository: org.springframework.data.keyvalue.repository.KeyValueRepository
2024-07-03 16:19:14.950 [main] INFO  o.s.d.r.c.RepositoryConfigurationExtensionSupport - Spring Data Redis - Could not safely identify store assignment for repository candidate interface com.project.shopapp.repositories.RoleRepository; If you want this repository to be a Redis repository, consider annotating your entities with one of these annotations: org.springframework.data.redis.core.RedisHash (preferred), or consider extending one of the following types with your repository: org.springframework.data.keyvalue.repository.KeyValueRepository
2024-07-03 16:19:14.950 [main] INFO  o.s.d.r.c.RepositoryConfigurationExtensionSupport - Spring Data Redis - Could not safely identify store assignment for repository candidate interface com.project.shopapp.repositories.TokenRepository; If you want this repository to be a Redis repository, consider annotating your entities with one of these annotations: org.springframework.data.redis.core.RedisHash (preferred), or consider extending one of the following types with your repository: org.springframework.data.keyvalue.repository.KeyValueRepository
2024-07-03 16:19:14.950 [main] INFO  o.s.d.r.c.RepositoryConfigurationExtensionSupport - Spring Data Redis - Could not safely identify store assignment for repository candidate interface com.project.shopapp.repositories.UserRepository; If you want this repository to be a Redis repository, consider annotating your entities with one of these annotations: org.springframework.data.redis.core.RedisHash (preferred), or consider extending one of the following types with your repository: org.springframework.data.keyvalue.repository.KeyValueRepository
2024-07-03 16:19:14.950 [main] INFO  o.s.d.r.c.RepositoryConfigurationDelegate - Finished Spring Data repository scanning in 32 ms. Found 0 Redis repository interfaces.
2024-07-03 16:19:16.034 [main] INFO  o.s.b.w.e.tomcat.TomcatWebServer - Tomcat initialized with port 8088 (http)
2024-07-03 16:19:16.046 [main] INFO  o.a.coyote.http11.Http11NioProtocol - Initializing ProtocolHandler ["http-nio-8088"]
2024-07-03 16:19:16.048 [main] INFO  o.a.catalina.core.StandardService - Starting service [Tomcat]
2024-07-03 16:19:16.049 [main] INFO  o.a.catalina.core.StandardEngine - Starting Servlet engine: [Apache Tomcat/10.1.24]
2024-07-03 16:19:16.133 [main] INFO  o.a.c.c.C.[Tomcat].[localhost].[/] - Initializing Spring embedded WebApplicationContext
2024-07-03 16:19:16.134 [main] INFO  o.s.b.w.s.c.ServletWebServerApplicationContext - Root WebApplicationContext: initialization completed in 3085 ms
2024-07-03 16:19:16.833 [main] INFO  org.flywaydb.core.FlywayExecutor - Database: jdbc:mysql://localhost:3307/ShopApp (MySQL 8.2)
2024-07-03 16:19:16.856 [main] WARN  o.f.c.i.database.base.Database - Flyway upgrade recommended: MySQL 8.2 is newer than this version of Flyway and support has not been tested. The latest supported version of MySQL is 8.1.
2024-07-03 16:19:16.915 [main] INFO  o.f.core.internal.command.DbValidate - Successfully validated 5 migrations (execution time 00:00.046s)
2024-07-03 16:19:16.944 [main] INFO  o.f.core.internal.command.DbMigrate - Current version of schema `ShopApp`: 5
2024-07-03 16:19:16.947 [main] INFO  o.f.core.internal.command.DbMigrate - Schema `ShopApp` is up to date. No migration necessary.
2024-07-03 16:19:17.072 [main] INFO  o.h.jpa.internal.util.LogHelper - HHH000204: Processing PersistenceUnitInfo [name: default]
2024-07-03 16:19:17.135 [main] INFO  org.hibernate.Version - HHH000412: Hibernate ORM core version 6.5.2.Final
2024-07-03 16:19:17.176 [main] INFO  o.h.c.i.RegionFactoryInitiator - HHH000026: Second-level cache disabled
2024-07-03 16:19:17.506 [main] INFO  o.s.o.j.p.SpringPersistenceUnitInfo - No LoadTimeWeaver setup: ignoring JPA class transformer
2024-07-03 16:19:18.083 [main] INFO  c.p.s.configurations.RedisConfig - redisHost = localhost, redisPort = 6379
2024-07-03 16:19:19.295 [main] INFO  o.h.e.t.j.p.i.JtaPlatformInitiator - HHH000489: No JTA platform available (set 'hibernate.transaction.jta.platform' to enable JTA platform integration)
2024-07-03 16:19:19.297 [main] INFO  o.s.o.j.LocalContainerEntityManagerFactoryBean - Initialized JPA EntityManagerFactory for persistence unit 'default'
2024-07-03 16:19:19.591 [main] INFO  o.s.d.j.r.query.QueryEnhancerFactory - Hibernate is in classpath; If applicable, HQL parser will be used.
2024-07-03 16:19:20.882 [main] INFO  o.s.b.a.e.web.EndpointLinksResolver - Exposing 2 endpoints beneath base path '/api/v1/actuator'
2024-07-03 16:19:20.958 [main] WARN  o.s.b.a.o.j.JpaBaseConfiguration$JpaWebConfiguration - spring.jpa.open-in-view is enabled by default. Therefore, database queries may be performed during view rendering. Explicitly configure spring.jpa.open-in-view to disable this warning
2024-07-03 16:19:21.595 [main] INFO  o.s.s.c.a.a.c.InitializeAuthenticationProviderBeanManagerConfigurer$InitializeAuthenticationProviderManagerConfigurer - Global AuthenticationManager configured with AuthenticationProvider bean with name authenticationProvider
2024-07-03 16:19:21.596 [main] WARN  o.s.s.c.a.a.c.InitializeUserDetailsBeanManagerConfigurer$InitializeUserDetailsManagerConfigurer - Global AuthenticationManager configured with an AuthenticationProvider bean. UserDetailsService beans will not be used for username/password login. Consider removing the AuthenticationProvider bean. Alternatively, consider using the UserDetailsService in a manually instantiated DaoAuthenticationProvider.
2024-07-03 16:19:22.056 [main] INFO  o.s.s.web.DefaultSecurityFilterChain - Will secure Or [Mvc [pattern='EndpointRequestMatcher includes=[*], excludes=[], includeLinks=true']] with [org.springframework.security.web.session.DisableEncodeUrlFilter@5ed5ac49, org.springframework.security.web.context.request.async.WebAsyncManagerIntegrationFilter@2559c968, org.springframework.security.web.context.SecurityContextHolderFilter@72df13c3, org.springframework.security.web.header.HeaderWriterFilter@1f8a56f, org.springframework.web.filter.CorsFilter@37f3a1a0, org.springframework.security.web.authentication.logout.LogoutFilter@c933ede, org.springframework.security.oauth2.client.web.OAuth2AuthorizationRequestRedirectFilter@853050d, org.springframework.security.oauth2.client.web.OAuth2LoginAuthenticationFilter@49e018f0, com.project.shopapp.filters.JwtTokenFilter@2fa69580, org.springframework.security.oauth2.server.resource.web.authentication.BearerTokenAuthenticationFilter@35953f91, org.springframework.security.web.savedrequest.RequestCacheAwareFilter@447d14a9, org.springframework.security.web.servletapi.SecurityContextHolderAwareRequestFilter@5951d91, org.springframework.security.web.authentication.AnonymousAuthenticationFilter@6cd17c11, org.springframework.security.web.session.SessionManagementFilter@44ebf052, org.springframework.security.web.access.ExceptionTranslationFilter@1a427dc0, org.springframework.security.web.access.intercept.AuthorizationFilter@729bdd9d]
2024-07-03 16:19:22.074 [main] WARN  o.s.s.c.a.web.builders.WebSecurity - 

********************************************************************
**********        Security debugging is enabled.       *************
**********    This may include sensitive information.  *************
**********      Do not use in a production system!     *************
********************************************************************


2024-07-03 16:19:23.117 [main] INFO  o.a.k.c.admin.AdminClientConfig - AdminClientConfig values: 
	auto.include.jmx.reporter = true
	bootstrap.controllers = []
	bootstrap.servers = [localhost:9092]
	client.dns.lookup = use_all_dns_ips
	client.id = 
	connections.max.idle.ms = 300000
	default.api.timeout.ms = 60000
	enable.metrics.push = true
	metadata.max.age.ms = 300000
	metric.reporters = []
	metrics.num.samples = 2
	metrics.recording.level = INFO
	metrics.sample.window.ms = 30000
	receive.buffer.bytes = 65536
	reconnect.backoff.max.ms = 1000
	reconnect.backoff.ms = 50
	request.timeout.ms = 30000
	retries = 2147483647
	retry.backoff.max.ms = 1000
	retry.backoff.ms = 100
	sasl.client.callback.handler.class = null
	sasl.jaas.config = null
	sasl.kerberos.kinit.cmd = /usr/bin/kinit
	sasl.kerberos.min.time.before.relogin = 60000
	sasl.kerberos.service.name = null
	sasl.kerberos.ticket.renew.jitter = 0.05
	sasl.kerberos.ticket.renew.window.factor = 0.8
	sasl.login.callback.handler.class = null
	sasl.login.class = null
	sasl.login.connect.timeout.ms = null
	sasl.login.read.timeout.ms = null
	sasl.login.refresh.buffer.seconds = 300
	sasl.login.refresh.min.period.seconds = 60
	sasl.login.refresh.window.factor = 0.8
	sasl.login.refresh.window.jitter = 0.05
	sasl.login.retry.backoff.max.ms = 10000
	sasl.login.retry.backoff.ms = 100
	sasl.mechanism = GSSAPI
	sasl.oauthbearer.clock.skew.seconds = 30
	sasl.oauthbearer.expected.audience = null
	sasl.oauthbearer.expected.issuer = null
	sasl.oauthbearer.jwks.endpoint.refresh.ms = 3600000
	sasl.oauthbearer.jwks.endpoint.retry.backoff.max.ms = 10000
	sasl.oauthbearer.jwks.endpoint.retry.backoff.ms = 100
	sasl.oauthbearer.jwks.endpoint.url = null
	sasl.oauthbearer.scope.claim.name = scope
	sasl.oauthbearer.sub.claim.name = sub
	sasl.oauthbearer.token.endpoint.url = null
	security.protocol = PLAINTEXT
	security.providers = null
	send.buffer.bytes = 131072
	socket.connection.setup.timeout.max.ms = 30000
	socket.connection.setup.timeout.ms = 10000
	ssl.cipher.suites = null
	ssl.enabled.protocols = [TLSv1.2, TLSv1.3]
	ssl.endpoint.identification.algorithm = https
	ssl.engine.factory.class = null
	ssl.key.password = null
	ssl.keymanager.algorithm = SunX509
	ssl.keystore.certificate.chain = null
	ssl.keystore.key = null
	ssl.keystore.location = null
	ssl.keystore.password = null
	ssl.keystore.type = JKS
	ssl.protocol = TLSv1.3
	ssl.provider = null
	ssl.secure.random.implementation = null
	ssl.trustmanager.algorithm = PKIX
	ssl.truststore.certificates = null
	ssl.truststore.location = null
	ssl.truststore.password = null
	ssl.truststore.type = JKS

2024-07-03 16:19:23.243 [main] INFO  o.a.kafka.common.utils.AppInfoParser - Kafka version: 3.7.0
2024-07-03 16:19:23.243 [main] INFO  o.a.kafka.common.utils.AppInfoParser - Kafka commitId: 2ae524ed625438c5
2024-07-03 16:19:23.243 [main] INFO  o.a.kafka.common.utils.AppInfoParser - Kafka startTimeMs: 1719998363242
2024-07-03 16:19:23.539 [kafka-admin-client-thread | adminclient-1] INFO  o.a.kafka.common.utils.AppInfoParser - App info kafka.admin.client for adminclient-1 unregistered
2024-07-03 16:19:23.543 [kafka-admin-client-thread | adminclient-1] INFO  o.a.kafka.common.metrics.Metrics - Metrics scheduler closed
2024-07-03 16:19:23.543 [kafka-admin-client-thread | adminclient-1] INFO  o.a.kafka.common.metrics.Metrics - Closing reporter org.apache.kafka.common.metrics.JmxReporter
2024-07-03 16:19:23.543 [kafka-admin-client-thread | adminclient-1] INFO  o.a.kafka.common.metrics.Metrics - Metrics reporters closed
2024-07-03 16:19:23.548 [main] INFO  o.a.coyote.http11.Http11NioProtocol - Starting ProtocolHandler ["http-nio-8088"]
2024-07-03 16:19:23.554 [main] INFO  o.s.b.w.e.tomcat.TomcatWebServer - Tomcat started on port 8088 (http) with context path '/'
2024-07-03 16:19:23.575 [main] INFO  o.a.k.c.consumer.ConsumerConfig - ConsumerConfig values: 
	allow.auto.create.topics = true
	auto.commit.interval.ms = 5000
	auto.include.jmx.reporter = true
	auto.offset.reset = latest
	bootstrap.servers = [localhost:9092]
	check.crcs = true
	client.dns.lookup = use_all_dns_ips
	client.id = consumer-groupA-1
	client.rack = 
	connections.max.idle.ms = 540000
	default.api.timeout.ms = 60000
	enable.auto.commit = false
	enable.metrics.push = true
	exclude.internal.topics = true
	fetch.max.bytes = 52428800
	fetch.max.wait.ms = 500
	fetch.min.bytes = 1
	group.id = groupA
	group.instance.id = null
	group.protocol = classic
	group.remote.assignor = null
	heartbeat.interval.ms = 3000
	interceptor.classes = []
	internal.leave.group.on.close = true
	internal.throw.on.fetch.stable.offset.unsupported = false
	isolation.level = read_uncommitted
	key.deserializer = class org.apache.kafka.common.serialization.StringDeserializer
	max.partition.fetch.bytes = 1048576
	max.poll.interval.ms = 300000
	max.poll.records = 500
	metadata.max.age.ms = 300000
	metric.reporters = []
	metrics.num.samples = 2
	metrics.recording.level = INFO
	metrics.sample.window.ms = 30000
	partition.assignment.strategy = [class org.apache.kafka.clients.consumer.RangeAssignor, class org.apache.kafka.clients.consumer.CooperativeStickyAssignor]
	receive.buffer.bytes = 65536
	reconnect.backoff.max.ms = 1000
	reconnect.backoff.ms = 50
	request.timeout.ms = 30000
	retry.backoff.max.ms = 1000
	retry.backoff.ms = 100
	sasl.client.callback.handler.class = null
	sasl.jaas.config = null
	sasl.kerberos.kinit.cmd = /usr/bin/kinit
	sasl.kerberos.min.time.before.relogin = 60000
	sasl.kerberos.service.name = null
	sasl.kerberos.ticket.renew.jitter = 0.05
	sasl.kerberos.ticket.renew.window.factor = 0.8
	sasl.login.callback.handler.class = null
	sasl.login.class = null
	sasl.login.connect.timeout.ms = null
	sasl.login.read.timeout.ms = null
	sasl.login.refresh.buffer.seconds = 300
	sasl.login.refresh.min.period.seconds = 60
	sasl.login.refresh.window.factor = 0.8
	sasl.login.refresh.window.jitter = 0.05
	sasl.login.retry.backoff.max.ms = 10000
	sasl.login.retry.backoff.ms = 100
	sasl.mechanism = GSSAPI
	sasl.oauthbearer.clock.skew.seconds = 30
	sasl.oauthbearer.expected.audience = null
	sasl.oauthbearer.expected.issuer = null
	sasl.oauthbearer.jwks.endpoint.refresh.ms = 3600000
	sasl.oauthbearer.jwks.endpoint.retry.backoff.max.ms = 10000
	sasl.oauthbearer.jwks.endpoint.retry.backoff.ms = 100
	sasl.oauthbearer.jwks.endpoint.url = null
	sasl.oauthbearer.scope.claim.name = scope
	sasl.oauthbearer.sub.claim.name = sub
	sasl.oauthbearer.token.endpoint.url = null
	security.protocol = PLAINTEXT
	security.providers = null
	send.buffer.bytes = 131072
	session.timeout.ms = 45000
	socket.connection.setup.timeout.max.ms = 30000
	socket.connection.setup.timeout.ms = 10000
	ssl.cipher.suites = null
	ssl.enabled.protocols = [TLSv1.2, TLSv1.3]
	ssl.endpoint.identification.algorithm = https
	ssl.engine.factory.class = null
	ssl.key.password = null
	ssl.keymanager.algorithm = SunX509
	ssl.keystore.certificate.chain = null
	ssl.keystore.key = null
	ssl.keystore.location = null
	ssl.keystore.password = null
	ssl.keystore.type = JKS
	ssl.protocol = TLSv1.3
	ssl.provider = null
	ssl.secure.random.implementation = null
	ssl.trustmanager.algorithm = PKIX
	ssl.truststore.certificates = null
	ssl.truststore.location = null
	ssl.truststore.password = null
	ssl.truststore.type = JKS
	value.deserializer = class org.apache.kafka.common.serialization.ByteArrayDeserializer

2024-07-03 16:19:23.605 [main] INFO  o.a.k.c.t.i.KafkaMetricsCollector - initializing Kafka metrics collector
2024-07-03 16:19:23.645 [main] INFO  o.a.kafka.common.utils.AppInfoParser - Kafka version: 3.7.0
2024-07-03 16:19:23.646 [main] INFO  o.a.kafka.common.utils.AppInfoParser - Kafka commitId: 2ae524ed625438c5
2024-07-03 16:19:23.646 [main] INFO  o.a.kafka.common.utils.AppInfoParser - Kafka startTimeMs: 1719998363645
2024-07-03 16:19:23.656 [main] INFO  o.a.k.c.c.i.LegacyKafkaConsumer - [Consumer clientId=consumer-groupA-1, groupId=groupA] Subscribed to topic(s): get-all-categories, insert-a-category
2024-07-03 16:19:23.675 [groupA-0-C-1] INFO  org.apache.kafka.clients.Metadata - [Consumer clientId=consumer-groupA-1, groupId=groupA] Cluster ID: kOOQKYk9TL6WPoWO3EhtHA
2024-07-03 16:19:23.676 [groupA-0-C-1] INFO  o.a.k.c.c.i.ConsumerCoordinator - [Consumer clientId=consumer-groupA-1, groupId=groupA] Discovered group coordinator 127.0.0.1:9092 (id: 2147483646 rack: null)
2024-07-03 16:19:23.677 [main] INFO  c.project.shopapp.ShopappApplication - Started ShopappApplication in 11.152 seconds (process running for 12.257)
2024-07-03 16:19:23.679 [groupA-0-C-1] INFO  o.a.k.c.c.i.ConsumerCoordinator - [Consumer clientId=consumer-groupA-1, groupId=groupA] (Re-)joining group
2024-07-03 16:19:23.696 [groupA-0-C-1] INFO  o.a.k.c.c.i.ConsumerCoordinator - [Consumer clientId=consumer-groupA-1, groupId=groupA] Request joining group due to: need to re-join with the given member-id: consumer-groupA-1-579187fd-d13b-42af-ad63-57b7ae09ffea
2024-07-03 16:19:23.697 [groupA-0-C-1] INFO  o.a.k.c.c.i.ConsumerCoordinator - [Consumer clientId=consumer-groupA-1, groupId=groupA] (Re-)joining group
2024-07-03 16:19:26.701 [groupA-0-C-1] INFO  o.a.k.c.c.i.ConsumerCoordinator - [Consumer clientId=consumer-groupA-1, groupId=groupA] Successfully joined group with generation Generation{generationId=19, memberId='consumer-groupA-1-579187fd-d13b-42af-ad63-57b7ae09ffea', protocol='range'}
2024-07-03 16:19:26.708 [groupA-0-C-1] INFO  o.a.k.c.c.i.ConsumerCoordinator - [Consumer clientId=consumer-groupA-1, groupId=groupA] Finished assignment for group at generation 19: {consumer-groupA-1-579187fd-d13b-42af-ad63-57b7ae09ffea=Assignment(partitions=[get-all-categories-0, insert-a-category-0])}
2024-07-03 16:19:26.714 [groupA-0-C-1] INFO  o.a.k.c.c.i.ConsumerCoordinator - [Consumer clientId=consumer-groupA-1, groupId=groupA] Successfully synced group in generation Generation{generationId=19, memberId='consumer-groupA-1-579187fd-d13b-42af-ad63-57b7ae09ffea', protocol='range'}
2024-07-03 16:19:26.715 [groupA-0-C-1] INFO  o.a.k.c.c.i.ConsumerCoordinator - [Consumer clientId=consumer-groupA-1, groupId=groupA] Notifying assignor about the new Assignment(partitions=[get-all-categories-0, insert-a-category-0])
2024-07-03 16:19:26.716 [groupA-0-C-1] INFO  o.a.k.c.c.i.ConsumerRebalanceListenerInvoker - [Consumer clientId=consumer-groupA-1, groupId=groupA] Adding newly assigned partitions: get-all-categories-0, insert-a-category-0
2024-07-03 16:19:26.728 [groupA-0-C-1] INFO  o.a.k.c.c.internals.ConsumerUtils - Setting offset for partition get-all-categories-0 to the committed offset FetchPosition{offset=0, offsetEpoch=Optional.empty, currentLeader=LeaderAndEpoch{leader=Optional[127.0.0.1:9092 (id: 1 rack: null)], epoch=0}}
2024-07-03 16:19:26.728 [groupA-0-C-1] INFO  o.a.k.c.c.internals.ConsumerUtils - Setting offset for partition insert-a-category-0 to the committed offset FetchPosition{offset=0, offsetEpoch=Optional.empty, currentLeader=LeaderAndEpoch{leader=Optional[127.0.0.1:9092 (id: 1 rack: null)], epoch=0}}
2024-07-03 16:19:26.729 [groupA-0-C-1] INFO  o.s.k.l.KafkaMessageListenerContainer - groupA: partitions assigned: [get-all-categories-0, insert-a-category-0]
2024-07-03 16:19:32.402 [http-nio-8088-exec-2] INFO  o.a.c.c.C.[Tomcat].[localhost].[/] - Initializing Spring DispatcherServlet 'dispatcherServlet'
2024-07-03 16:19:32.402 [http-nio-8088-exec-2] INFO  o.s.web.servlet.DispatcherServlet - Initializing Servlet 'dispatcherServlet'
2024-07-03 16:19:32.403 [http-nio-8088-exec-2] INFO  o.s.web.servlet.DispatcherServlet - Completed initialization in 1 ms
2024-07-03 16:19:32.425 [http-nio-8088-exec-2] INFO  Spring Security Debugger - 

************************************************************

Request received for GET '/api/v1/users/auth/social-login?login_type=facebook':

org.apache.catalina.connector.RequestFacade@5fb766a

servletPath:/api/v1/users/auth/social-login
pathInfo:null
headers: 
user-agent: PostmanRuntime/7.39.0
accept: */*
postman-token: 68de4d14-57f3-47f4-a1f3-57fd5e500fec
host: localhost:8088
accept-encoding: gzip, deflate, br
connection: keep-alive


Security filter chain: no match


************************************************************


2024-07-03 16:19:36.586 [http-nio-8088-exec-2] INFO  c.p.s.c.aspects.PerformanceAspect - Starting execution of socialAuth
2024-07-03 16:19:36.587 [http-nio-8088-exec-2] INFO  c.p.s.c.aspects.UserActivityLogger - User activity started: socialAuth, IP address: 0:0:0:0:0:0:0:1
2024-07-03 16:19:38.796 [http-nio-8088-exec-2] INFO  c.p.s.c.aspects.UserActivityLogger - User activity finished: socialAuth
2024-07-03 16:19:38.796 [http-nio-8088-exec-2] INFO  c.p.s.c.aspects.PerformanceAspect - Finished execution of socialAuth
2024-07-03 16:19:38.798 [http-nio-8088-exec-2] INFO  c.p.s.c.aspects.PerformanceAspect - Execution of socialAuth took 2211 ms
2024-07-03 16:20:23.359 [http-nio-8088-exec-3] INFO  Spring Security Debugger - 

************************************************************

Request received for GET '/api/v1/users/auth/social/callback?code=AQDBCPyM6UGFaOc5iXZHPg25G6D_-_muK7P3SIbO3cEU20LaCgUrc9q4xWhMKeEeesJKLMFwwqVzN2TDB9gIbOTzFATKZDgAD5Yb0YItjF9gZRPfaqTXQUxzeZXrRUTCw6vOKEZoEqEV15L1p1lxU9MdlYBqehc25B_EAL7_B6zTOnZdlf6gLLvlsesHoWSye0Y0xcpy6mcepcwoUOhAQsE-26fzjcMTn4-azXTodqp0S1m63LnW9r9QBLzW_yrsuKyKQMtaUVr7vktBDFAQRoOdrKz45ooIgYEzngGIDtGdoWhXe4qarl7EIUapOCLG_CmpzJ942f-bLecC9T1qMhGcyhvNH_hQfcReq7ndnMPhw1-28Y-vAeN9w29vNgQAeQvbqWP8Rh28IMaxGgWvMe108PxOmHRw4eciSjxCuDCjzA%23_=_&login_type=facebook':

org.apache.catalina.connector.RequestFacade@56dc2389

servletPath:/api/v1/users/auth/social/callback
pathInfo:null
headers: 
user-agent: PostmanRuntime/7.39.0
accept: */*
postman-token: 66b33a2f-8801-49b8-8b56-e23f9c1bc54c
host: localhost:8088
accept-encoding: gzip, deflate, br
connection: keep-alive


Security filter chain: no match


************************************************************


2024-07-03 16:20:25.172 [http-nio-8088-exec-3] INFO  c.p.s.c.aspects.PerformanceAspect - Starting execution of callback
2024-07-03 16:20:25.172 [http-nio-8088-exec-3] INFO  c.p.s.c.aspects.UserActivityLogger - User activity started: callback, IP address: 0:0:0:0:0:0:0:1
2024-07-03 17:08:38.709 [groupA-0-C-1] INFO  o.apache.kafka.clients.NetworkClient - [Consumer clientId=consumer-groupA-1, groupId=groupA] Node -1 disconnected.
2024-07-03 17:08:38.721 [kafka-coordinator-heartbeat-thread | groupA] INFO  o.apache.kafka.clients.NetworkClient - [Consumer clientId=consumer-groupA-1, groupId=groupA] Node 1 disconnected.
2024-07-03 17:08:38.722 [kafka-coordinator-heartbeat-thread | groupA] INFO  o.apache.kafka.clients.NetworkClient - [Consumer clientId=consumer-groupA-1, groupId=groupA] Node 2147483646 disconnected.
2024-07-03 17:08:38.722 [kafka-coordinator-heartbeat-thread | groupA] INFO  o.a.k.c.c.i.ConsumerCoordinator - [Consumer clientId=consumer-groupA-1, groupId=groupA] Group coordinator 127.0.0.1:9092 (id: 2147483646 rack: null) is unavailable or invalid due to cause: coordinator unavailable. isDisconnected: true. Rediscovery will be attempted.
2024-07-03 17:08:38.725 [http-nio-8088-exec-3] INFO  c.p.s.c.aspects.UserActivityLogger - User activity finished: callback
2024-07-03 17:08:38.725 [http-nio-8088-exec-3] INFO  c.p.s.c.aspects.PerformanceAspect - Finished execution of callback
2024-07-03 17:08:38.725 [http-nio-8088-exec-3] INFO  c.p.s.c.aspects.PerformanceAspect - Execution of callback took 2893553 ms
2024-07-03 17:08:38.857 [groupA-0-C-1] INFO  o.a.k.c.c.i.ConsumerCoordinator - [Consumer clientId=consumer-groupA-1, groupId=groupA] Discovered group coordinator 127.0.0.1:9092 (id: 2147483646 rack: null)
2024-07-03 17:08:38.863 [groupA-0-C-1] INFO  o.a.k.c.c.i.ConsumerCoordinator - [Consumer clientId=consumer-groupA-1, groupId=groupA] Attempt to heartbeat with Generation{generationId=19, memberId='consumer-groupA-1-579187fd-d13b-42af-ad63-57b7ae09ffea', protocol='range'} and group instance id Optional.empty failed due to UNKNOWN_MEMBER_ID, resetting generation
2024-07-03 17:08:38.863 [groupA-0-C-1] INFO  o.a.k.c.c.i.ConsumerCoordinator - [Consumer clientId=consumer-groupA-1, groupId=groupA] Resetting generation and member id due to: encountered UNKNOWN_MEMBER_ID from HEARTBEAT response
2024-07-03 17:08:38.863 [groupA-0-C-1] INFO  o.a.k.c.c.i.ConsumerCoordinator - [Consumer clientId=consumer-groupA-1, groupId=groupA] Request joining group due to: encountered UNKNOWN_MEMBER_ID from HEARTBEAT response
2024-07-03 17:08:38.863 [groupA-0-C-1] INFO  o.a.k.c.c.i.ConsumerCoordinator - [Consumer clientId=consumer-groupA-1, groupId=groupA] Giving away all assigned partitions as lost since generation/memberID has been reset,indicating that consumer is in old state or no longer part of the group
2024-07-03 17:08:38.863 [groupA-0-C-1] INFO  o.a.k.c.c.i.ConsumerRebalanceListenerInvoker - [Consumer clientId=consumer-groupA-1, groupId=groupA] Lost previously assigned partitions get-all-categories-0, insert-a-category-0
2024-07-03 17:08:38.864 [groupA-0-C-1] INFO  o.s.k.l.KafkaMessageListenerContainer - groupA: partitions lost: [get-all-categories-0, insert-a-category-0]
2024-07-03 17:08:38.864 [groupA-0-C-1] INFO  o.s.k.l.KafkaMessageListenerContainer - groupA: partitions revoked: [get-all-categories-0, insert-a-category-0]
2024-07-03 17:08:38.864 [groupA-0-C-1] INFO  o.a.k.c.c.i.ConsumerCoordinator - [Consumer clientId=consumer-groupA-1, groupId=groupA] (Re-)joining group
2024-07-03 17:08:38.867 [groupA-0-C-1] INFO  o.a.k.c.c.i.ConsumerCoordinator - [Consumer clientId=consumer-groupA-1, groupId=groupA] Request joining group due to: need to re-join with the given member-id: consumer-groupA-1-032e4aed-d2e2-498f-84cc-5aeff48b2ac2
2024-07-03 17:08:38.868 [groupA-0-C-1] INFO  o.a.k.c.c.i.ConsumerCoordinator - [Consumer clientId=consumer-groupA-1, groupId=groupA] (Re-)joining group
2024-07-03 17:08:41.871 [groupA-0-C-1] INFO  o.a.k.c.c.i.ConsumerCoordinator - [Consumer clientId=consumer-groupA-1, groupId=groupA] Successfully joined group with generation Generation{generationId=21, memberId='consumer-groupA-1-032e4aed-d2e2-498f-84cc-5aeff48b2ac2', protocol='range'}
2024-07-03 17:08:41.872 [groupA-0-C-1] INFO  o.a.k.c.c.i.ConsumerCoordinator - [Consumer clientId=consumer-groupA-1, groupId=groupA] Finished assignment for group at generation 21: {consumer-groupA-1-032e4aed-d2e2-498f-84cc-5aeff48b2ac2=Assignment(partitions=[get-all-categories-0, insert-a-category-0])}
2024-07-03 17:08:41.875 [groupA-0-C-1] INFO  o.a.k.c.c.i.ConsumerCoordinator - [Consumer clientId=consumer-groupA-1, groupId=groupA] Successfully synced group in generation Generation{generationId=21, memberId='consumer-groupA-1-032e4aed-d2e2-498f-84cc-5aeff48b2ac2', protocol='range'}
2024-07-03 17:08:41.875 [groupA-0-C-1] INFO  o.a.k.c.c.i.ConsumerCoordinator - [Consumer clientId=consumer-groupA-1, groupId=groupA] Notifying assignor about the new Assignment(partitions=[get-all-categories-0, insert-a-category-0])
2024-07-03 17:08:41.876 [groupA-0-C-1] INFO  o.a.k.c.c.i.ConsumerRebalanceListenerInvoker - [Consumer clientId=consumer-groupA-1, groupId=groupA] Adding newly assigned partitions: get-all-categories-0, insert-a-category-0
2024-07-03 17:08:41.879 [groupA-0-C-1] INFO  o.a.k.c.c.internals.ConsumerUtils - Setting offset for partition get-all-categories-0 to the committed offset FetchPosition{offset=0, offsetEpoch=Optional.empty, currentLeader=LeaderAndEpoch{leader=Optional[127.0.0.1:9092 (id: 1 rack: null)], epoch=0}}
2024-07-03 17:08:41.879 [groupA-0-C-1] INFO  o.a.k.c.c.internals.ConsumerUtils - Setting offset for partition insert-a-category-0 to the committed offset FetchPosition{offset=0, offsetEpoch=Optional.empty, currentLeader=LeaderAndEpoch{leader=Optional[127.0.0.1:9092 (id: 1 rack: null)], epoch=0}}
2024-07-03 17:08:41.879 [groupA-0-C-1] INFO  o.s.k.l.KafkaMessageListenerContainer - groupA: partitions assigned: [get-all-categories-0, insert-a-category-0]
2024-07-03 17:08:49.694 [http-nio-8088-exec-5] INFO  Spring Security Debugger - 

************************************************************

Request received for GET '/api/v1/users/auth/social-login?login_type=facebook':

org.apache.catalina.connector.RequestFacade@1796122e

servletPath:/api/v1/users/auth/social-login
pathInfo:null
headers: 
user-agent: PostmanRuntime/7.39.0
accept: */*
postman-token: 0419bbc6-a837-4775-91d5-dd5a6ba85553
host: localhost:8088
accept-encoding: gzip, deflate, br
connection: keep-alive


Security filter chain: no match


************************************************************


2024-07-03 17:08:55.076 [http-nio-8088-exec-5] INFO  c.p.s.c.aspects.PerformanceAspect - Starting execution of socialAuth
2024-07-03 17:08:55.077 [http-nio-8088-exec-5] INFO  c.p.s.c.aspects.UserActivityLogger - User activity started: socialAuth, IP address: 0:0:0:0:0:0:0:1
2024-07-03 17:08:59.686 [http-nio-8088-exec-5] INFO  c.p.s.c.aspects.UserActivityLogger - User activity finished: socialAuth
2024-07-03 17:08:59.686 [http-nio-8088-exec-5] INFO  c.p.s.c.aspects.PerformanceAspect - Finished execution of socialAuth
2024-07-03 17:08:59.686 [http-nio-8088-exec-5] INFO  c.p.s.c.aspects.PerformanceAspect - Execution of socialAuth took 4610 ms
2024-07-03 17:11:01.954 [http-nio-8088-exec-7] INFO  Spring Security Debugger - 

************************************************************

Request received for GET '/api/v1/users/auth/social-login?login_type=facebook':

org.apache.catalina.connector.RequestFacade@4564b384

servletPath:/api/v1/users/auth/social-login
pathInfo:null
headers: 
user-agent: PostmanRuntime/7.39.0
accept: */*
postman-token: 6e3e2e14-8a03-4658-8ce1-5fedc9b5005f
host: localhost:8088
accept-encoding: gzip, deflate, br
connection: keep-alive


Security filter chain: no match


************************************************************


2024-07-03 17:11:03.557 [http-nio-8088-exec-7] INFO  c.p.s.c.aspects.PerformanceAspect - Starting execution of socialAuth
2024-07-03 17:11:03.558 [http-nio-8088-exec-7] INFO  c.p.s.c.aspects.UserActivityLogger - User activity started: socialAuth, IP address: 0:0:0:0:0:0:0:1
2024-07-03 17:11:05.777 [http-nio-8088-exec-7] INFO  c.p.s.c.aspects.UserActivityLogger - User activity finished: socialAuth
2024-07-03 17:11:05.777 [http-nio-8088-exec-7] INFO  c.p.s.c.aspects.PerformanceAspect - Finished execution of socialAuth
2024-07-03 17:11:05.777 [http-nio-8088-exec-7] INFO  c.p.s.c.aspects.PerformanceAspect - Execution of socialAuth took 2219 ms
2024-07-03 17:11:38.787 [http-nio-8088-exec-9] INFO  Spring Security Debugger - 

************************************************************

Request received for GET '/api/v1/users/auth/social/callback?code=AQBG1d664WgK3YB8szsZlcqiaDPzEovHSUH6PKLSO8V-4WPhIaIQZ0o8KaotFgH0VWY5ZPEIimeMBLmiZTPAl2aFlyNNxH2OePA9YDMmv-bFZibIuy1pinLLYfRSDnQqKzbr7wWf6FpK0VH2FIB4FLPFHKaiIMv83EgvQbWZLavf4QDgIIqFqRK5ufM9696YZyomipZmoISKkUIFr15jBbOvRJ1hr4FlqFHkEZx61a1z_irUXDNNXZ8P0uaCh5pBFSrxpzs21Z0e7BoWs4tuwfJKgfz_DqwhwRZUznSRwUMYV5VWSe-VFLw3cPrtPjbHjnonixJeRYgBeqG0YRnjal64xDVybGWXRXFim45Q2AkITqS6bgSEfvmWkytCUoIoMf9prbaMCZhGpF5KROvvNBwsLpVTw9-aqzPaUqK6saEdQQ%23_=_&login_type=facebook':

org.apache.catalina.connector.RequestFacade@4d949956

servletPath:/api/v1/users/auth/social/callback
pathInfo:null
headers: 
user-agent: PostmanRuntime/7.39.0
accept: */*
postman-token: 206ccfde-1cfb-41f3-aa53-d19e85459e3d
host: localhost:8088
accept-encoding: gzip, deflate, br
connection: keep-alive


Security filter chain: no match


************************************************************


2024-07-03 17:11:43.174 [http-nio-8088-exec-9] INFO  c.p.s.c.aspects.PerformanceAspect - Starting execution of callback
2024-07-03 17:11:43.174 [http-nio-8088-exec-9] INFO  c.p.s.c.aspects.UserActivityLogger - User activity started: callback, IP address: 0:0:0:0:0:0:0:1
2024-07-04 10:56:13.068 [background-preinit] INFO  o.h.validator.internal.util.Version - HV000001: Hibernate Validator 8.0.1.Final
2024-07-04 10:56:13.116 [main] INFO  c.project.shopapp.ShopappApplication - Starting ShopappApplication using Java 21.0.3 with PID 13532 (C:\code\udemy\ShopApp\shopapp-backend\target\classes started by nguye in C:\code\udemy\ShopApp\shopapp-backend)
2024-07-04 10:56:13.117 [main] INFO  c.project.shopapp.ShopappApplication - No active profile set, falling back to 1 default profile: "default"
2024-07-04 10:56:15.155 [main] INFO  o.s.d.r.c.RepositoryConfigurationDelegate - Multiple Spring Data modules found, entering strict repository configuration mode
2024-07-04 10:56:15.155 [main] INFO  o.s.d.r.c.RepositoryConfigurationDelegate - Bootstrapping Spring Data JPA repositories in DEFAULT mode.
2024-07-04 10:56:15.324 [main] INFO  o.s.d.r.c.RepositoryConfigurationDelegate - Finished Spring Data repository scanning in 161 ms. Found 12 JPA repository interfaces.
2024-07-04 10:56:15.868 [main] INFO  o.s.d.r.c.RepositoryConfigurationDelegate - Multiple Spring Data modules found, entering strict repository configuration mode
2024-07-04 10:56:15.870 [main] INFO  o.s.d.r.c.RepositoryConfigurationDelegate - Bootstrapping Spring Data Redis repositories in DEFAULT mode.
2024-07-04 10:56:15.909 [main] INFO  o.s.d.r.c.RepositoryConfigurationExtensionSupport - Spring Data Redis - Could not safely identify store assignment for repository candidate interface com.project.shopapp.repositories.CategoryRepository; If you want this repository to be a Redis repository, consider annotating your entities with one of these annotations: org.springframework.data.redis.core.RedisHash (preferred), or consider extending one of the following types with your repository: org.springframework.data.keyvalue.repository.KeyValueRepository
2024-07-04 10:56:15.910 [main] INFO  o.s.d.r.c.RepositoryConfigurationExtensionSupport - Spring Data Redis - Could not safely identify store assignment for repository candidate interface com.project.shopapp.repositories.CommentRepository; If you want this repository to be a Redis repository, consider annotating your entities with one of these annotations: org.springframework.data.redis.core.RedisHash (preferred), or consider extending one of the following types with your repository: org.springframework.data.keyvalue.repository.KeyValueRepository
2024-07-04 10:56:15.911 [main] INFO  o.s.d.r.c.RepositoryConfigurationExtensionSupport - Spring Data Redis - Could not safely identify store assignment for repository candidate interface com.project.shopapp.repositories.CouponConditionRepository; If you want this repository to be a Redis repository, consider annotating your entities with one of these annotations: org.springframework.data.redis.core.RedisHash (preferred), or consider extending one of the following types with your repository: org.springframework.data.keyvalue.repository.KeyValueRepository
2024-07-04 10:56:15.911 [main] INFO  o.s.d.r.c.RepositoryConfigurationExtensionSupport - Spring Data Redis - Could not safely identify store assignment for repository candidate interface com.project.shopapp.repositories.CouponRepository; If you want this repository to be a Redis repository, consider annotating your entities with one of these annotations: org.springframework.data.redis.core.RedisHash (preferred), or consider extending one of the following types with your repository: org.springframework.data.keyvalue.repository.KeyValueRepository
2024-07-04 10:56:15.911 [main] INFO  o.s.d.r.c.RepositoryConfigurationExtensionSupport - Spring Data Redis - Could not safely identify store assignment for repository candidate interface com.project.shopapp.repositories.FavoriteRepository; If you want this repository to be a Redis repository, consider annotating your entities with one of these annotations: org.springframework.data.redis.core.RedisHash (preferred), or consider extending one of the following types with your repository: org.springframework.data.keyvalue.repository.KeyValueRepository
2024-07-04 10:56:15.912 [main] INFO  o.s.d.r.c.RepositoryConfigurationExtensionSupport - Spring Data Redis - Could not safely identify store assignment for repository candidate interface com.project.shopapp.repositories.OrderDetailRepository; If you want this repository to be a Redis repository, consider annotating your entities with one of these annotations: org.springframework.data.redis.core.RedisHash (preferred), or consider extending one of the following types with your repository: org.springframework.data.keyvalue.repository.KeyValueRepository
2024-07-04 10:56:15.912 [main] INFO  o.s.d.r.c.RepositoryConfigurationExtensionSupport - Spring Data Redis - Could not safely identify store assignment for repository candidate interface com.project.shopapp.repositories.OrderRepository; If you want this repository to be a Redis repository, consider annotating your entities with one of these annotations: org.springframework.data.redis.core.RedisHash (preferred), or consider extending one of the following types with your repository: org.springframework.data.keyvalue.repository.KeyValueRepository
2024-07-04 10:56:15.912 [main] INFO  o.s.d.r.c.RepositoryConfigurationExtensionSupport - Spring Data Redis - Could not safely identify store assignment for repository candidate interface com.project.shopapp.repositories.ProductImageRepository; If you want this repository to be a Redis repository, consider annotating your entities with one of these annotations: org.springframework.data.redis.core.RedisHash (preferred), or consider extending one of the following types with your repository: org.springframework.data.keyvalue.repository.KeyValueRepository
2024-07-04 10:56:15.913 [main] INFO  o.s.d.r.c.RepositoryConfigurationExtensionSupport - Spring Data Redis - Could not safely identify store assignment for repository candidate interface com.project.shopapp.repositories.ProductRepository; If you want this repository to be a Redis repository, consider annotating your entities with one of these annotations: org.springframework.data.redis.core.RedisHash (preferred), or consider extending one of the following types with your repository: org.springframework.data.keyvalue.repository.KeyValueRepository
2024-07-04 10:56:15.914 [main] INFO  o.s.d.r.c.RepositoryConfigurationExtensionSupport - Spring Data Redis - Could not safely identify store assignment for repository candidate interface com.project.shopapp.repositories.RoleRepository; If you want this repository to be a Redis repository, consider annotating your entities with one of these annotations: org.springframework.data.redis.core.RedisHash (preferred), or consider extending one of the following types with your repository: org.springframework.data.keyvalue.repository.KeyValueRepository
2024-07-04 10:56:15.914 [main] INFO  o.s.d.r.c.RepositoryConfigurationExtensionSupport - Spring Data Redis - Could not safely identify store assignment for repository candidate interface com.project.shopapp.repositories.TokenRepository; If you want this repository to be a Redis repository, consider annotating your entities with one of these annotations: org.springframework.data.redis.core.RedisHash (preferred), or consider extending one of the following types with your repository: org.springframework.data.keyvalue.repository.KeyValueRepository
2024-07-04 10:56:15.914 [main] INFO  o.s.d.r.c.RepositoryConfigurationExtensionSupport - Spring Data Redis - Could not safely identify store assignment for repository candidate interface com.project.shopapp.repositories.UserRepository; If you want this repository to be a Redis repository, consider annotating your entities with one of these annotations: org.springframework.data.redis.core.RedisHash (preferred), or consider extending one of the following types with your repository: org.springframework.data.keyvalue.repository.KeyValueRepository
2024-07-04 10:56:15.914 [main] INFO  o.s.d.r.c.RepositoryConfigurationDelegate - Finished Spring Data repository scanning in 34 ms. Found 0 Redis repository interfaces.
2024-07-04 10:56:17.148 [main] INFO  o.s.b.w.e.tomcat.TomcatWebServer - Tomcat initialized with port 8088 (http)
2024-07-04 10:56:17.159 [main] INFO  o.a.coyote.http11.Http11NioProtocol - Initializing ProtocolHandler ["http-nio-8088"]
2024-07-04 10:56:17.162 [main] INFO  o.a.catalina.core.StandardService - Starting service [Tomcat]
2024-07-04 10:56:17.162 [main] INFO  o.a.catalina.core.StandardEngine - Starting Servlet engine: [Apache Tomcat/10.1.24]
2024-07-04 10:56:17.269 [main] INFO  o.a.c.c.C.[Tomcat].[localhost].[/] - Initializing Spring embedded WebApplicationContext
2024-07-04 10:56:17.270 [main] INFO  o.s.b.w.s.c.ServletWebServerApplicationContext - Root WebApplicationContext: initialization completed in 4096 ms
2024-07-04 10:56:18.088 [main] INFO  org.flywaydb.core.FlywayExecutor - Database: jdbc:mysql://localhost:3307/ShopApp (MySQL 8.2)
2024-07-04 10:56:18.110 [main] WARN  o.f.c.i.database.base.Database - Flyway upgrade recommended: MySQL 8.2 is newer than this version of Flyway and support has not been tested. The latest supported version of MySQL is 8.1.
2024-07-04 10:56:18.213 [main] INFO  o.f.core.internal.command.DbValidate - Successfully validated 5 migrations (execution time 00:00.084s)
2024-07-04 10:56:18.233 [main] INFO  o.f.core.internal.command.DbMigrate - Current version of schema `ShopApp`: 5
2024-07-04 10:56:18.238 [main] INFO  o.f.core.internal.command.DbMigrate - Schema `ShopApp` is up to date. No migration necessary.
2024-07-04 10:56:18.390 [main] INFO  o.h.jpa.internal.util.LogHelper - HHH000204: Processing PersistenceUnitInfo [name: default]
2024-07-04 10:56:18.474 [main] INFO  org.hibernate.Version - HHH000412: Hibernate ORM core version 6.5.2.Final
2024-07-04 10:56:18.518 [main] INFO  o.h.c.i.RegionFactoryInitiator - HHH000026: Second-level cache disabled
2024-07-04 10:56:18.875 [main] INFO  o.s.o.j.p.SpringPersistenceUnitInfo - No LoadTimeWeaver setup: ignoring JPA class transformer
2024-07-04 10:56:19.422 [main] INFO  c.p.s.configurations.RedisConfig - redisHost = localhost, redisPort = 6379
2024-07-04 10:56:20.727 [main] INFO  o.h.e.t.j.p.i.JtaPlatformInitiator - HHH000489: No JTA platform available (set 'hibernate.transaction.jta.platform' to enable JTA platform integration)
2024-07-04 10:56:20.730 [main] INFO  o.s.o.j.LocalContainerEntityManagerFactoryBean - Initialized JPA EntityManagerFactory for persistence unit 'default'
2024-07-04 10:56:21.076 [main] INFO  o.s.d.j.r.query.QueryEnhancerFactory - Hibernate is in classpath; If applicable, HQL parser will be used.
2024-07-04 10:56:22.446 [main] INFO  o.s.b.a.e.web.EndpointLinksResolver - Exposing 2 endpoints beneath base path '/api/v1/actuator'
2024-07-04 10:56:22.523 [main] WARN  o.s.b.a.o.j.JpaBaseConfiguration$JpaWebConfiguration - spring.jpa.open-in-view is enabled by default. Therefore, database queries may be performed during view rendering. Explicitly configure spring.jpa.open-in-view to disable this warning
2024-07-04 10:56:23.199 [main] INFO  o.s.s.c.a.a.c.InitializeAuthenticationProviderBeanManagerConfigurer$InitializeAuthenticationProviderManagerConfigurer - Global AuthenticationManager configured with AuthenticationProvider bean with name authenticationProvider
2024-07-04 10:56:23.203 [main] WARN  o.s.s.c.a.a.c.InitializeUserDetailsBeanManagerConfigurer$InitializeUserDetailsManagerConfigurer - Global AuthenticationManager configured with an AuthenticationProvider bean. UserDetailsService beans will not be used for username/password login. Consider removing the AuthenticationProvider bean. Alternatively, consider using the UserDetailsService in a manually instantiated DaoAuthenticationProvider.
2024-07-04 10:56:23.684 [main] INFO  o.s.s.web.DefaultSecurityFilterChain - Will secure Or [Mvc [pattern='EndpointRequestMatcher includes=[*], excludes=[], includeLinks=true']] with [org.springframework.security.web.session.DisableEncodeUrlFilter@3e127718, org.springframework.security.web.context.request.async.WebAsyncManagerIntegrationFilter@599293c8, org.springframework.security.web.context.SecurityContextHolderFilter@5951d91, org.springframework.security.web.header.HeaderWriterFilter@3a2486d9, org.springframework.web.filter.CorsFilter@3ea4efd6, org.springframework.security.web.authentication.logout.LogoutFilter@63730298, org.springframework.security.oauth2.client.web.OAuth2AuthorizationRequestRedirectFilter@31bf5580, org.springframework.security.oauth2.client.web.OAuth2LoginAuthenticationFilter@260287a7, com.project.shopapp.filters.JwtTokenFilter@406a54a2, org.springframework.security.oauth2.server.resource.web.authentication.BearerTokenAuthenticationFilter@70cdf9a, org.springframework.security.web.savedrequest.RequestCacheAwareFilter@6203846e, org.springframework.security.web.servletapi.SecurityContextHolderAwareRequestFilter@14992832, org.springframework.security.web.authentication.AnonymousAuthenticationFilter@360b8448, org.springframework.security.web.session.SessionManagementFilter@3dc4e185, org.springframework.security.web.access.ExceptionTranslationFilter@7604ce58, org.springframework.security.web.access.intercept.AuthorizationFilter@67ea360f]
2024-07-04 10:56:23.702 [main] WARN  o.s.s.c.a.web.builders.WebSecurity - 

********************************************************************
**********        Security debugging is enabled.       *************
**********    This may include sensitive information.  *************
**********      Do not use in a production system!     *************
********************************************************************


2024-07-04 10:56:24.754 [main] INFO  o.a.k.c.admin.AdminClientConfig - AdminClientConfig values: 
	auto.include.jmx.reporter = true
	bootstrap.controllers = []
	bootstrap.servers = [localhost:9092]
	client.dns.lookup = use_all_dns_ips
	client.id = 
	connections.max.idle.ms = 300000
	default.api.timeout.ms = 60000
	enable.metrics.push = true
	metadata.max.age.ms = 300000
	metric.reporters = []
	metrics.num.samples = 2
	metrics.recording.level = INFO
	metrics.sample.window.ms = 30000
	receive.buffer.bytes = 65536
	reconnect.backoff.max.ms = 1000
	reconnect.backoff.ms = 50
	request.timeout.ms = 30000
	retries = 2147483647
	retry.backoff.max.ms = 1000
	retry.backoff.ms = 100
	sasl.client.callback.handler.class = null
	sasl.jaas.config = null
	sasl.kerberos.kinit.cmd = /usr/bin/kinit
	sasl.kerberos.min.time.before.relogin = 60000
	sasl.kerberos.service.name = null
	sasl.kerberos.ticket.renew.jitter = 0.05
	sasl.kerberos.ticket.renew.window.factor = 0.8
	sasl.login.callback.handler.class = null
	sasl.login.class = null
	sasl.login.connect.timeout.ms = null
	sasl.login.read.timeout.ms = null
	sasl.login.refresh.buffer.seconds = 300
	sasl.login.refresh.min.period.seconds = 60
	sasl.login.refresh.window.factor = 0.8
	sasl.login.refresh.window.jitter = 0.05
	sasl.login.retry.backoff.max.ms = 10000
	sasl.login.retry.backoff.ms = 100
	sasl.mechanism = GSSAPI
	sasl.oauthbearer.clock.skew.seconds = 30
	sasl.oauthbearer.expected.audience = null
	sasl.oauthbearer.expected.issuer = null
	sasl.oauthbearer.jwks.endpoint.refresh.ms = 3600000
	sasl.oauthbearer.jwks.endpoint.retry.backoff.max.ms = 10000
	sasl.oauthbearer.jwks.endpoint.retry.backoff.ms = 100
	sasl.oauthbearer.jwks.endpoint.url = null
	sasl.oauthbearer.scope.claim.name = scope
	sasl.oauthbearer.sub.claim.name = sub
	sasl.oauthbearer.token.endpoint.url = null
	security.protocol = PLAINTEXT
	security.providers = null
	send.buffer.bytes = 131072
	socket.connection.setup.timeout.max.ms = 30000
	socket.connection.setup.timeout.ms = 10000
	ssl.cipher.suites = null
	ssl.enabled.protocols = [TLSv1.2, TLSv1.3]
	ssl.endpoint.identification.algorithm = https
	ssl.engine.factory.class = null
	ssl.key.password = null
	ssl.keymanager.algorithm = SunX509
	ssl.keystore.certificate.chain = null
	ssl.keystore.key = null
	ssl.keystore.location = null
	ssl.keystore.password = null
	ssl.keystore.type = JKS
	ssl.protocol = TLSv1.3
	ssl.provider = null
	ssl.secure.random.implementation = null
	ssl.trustmanager.algorithm = PKIX
	ssl.truststore.certificates = null
	ssl.truststore.location = null
	ssl.truststore.password = null
	ssl.truststore.type = JKS

2024-07-04 10:56:24.924 [main] INFO  o.a.kafka.common.utils.AppInfoParser - Kafka version: 3.7.0
2024-07-04 10:56:24.924 [main] INFO  o.a.kafka.common.utils.AppInfoParser - Kafka commitId: 2ae524ed625438c5
2024-07-04 10:56:24.924 [main] INFO  o.a.kafka.common.utils.AppInfoParser - Kafka startTimeMs: 1720065384922
2024-07-04 10:56:25.521 [kafka-admin-client-thread | adminclient-1] INFO  o.a.kafka.common.utils.AppInfoParser - App info kafka.admin.client for adminclient-1 unregistered
2024-07-04 10:56:25.526 [kafka-admin-client-thread | adminclient-1] INFO  o.a.kafka.common.metrics.Metrics - Metrics scheduler closed
2024-07-04 10:56:25.526 [kafka-admin-client-thread | adminclient-1] INFO  o.a.kafka.common.metrics.Metrics - Closing reporter org.apache.kafka.common.metrics.JmxReporter
2024-07-04 10:56:25.526 [kafka-admin-client-thread | adminclient-1] INFO  o.a.kafka.common.metrics.Metrics - Metrics reporters closed
2024-07-04 10:56:25.532 [main] INFO  o.a.coyote.http11.Http11NioProtocol - Starting ProtocolHandler ["http-nio-8088"]
2024-07-04 10:56:25.540 [main] INFO  o.s.b.w.e.tomcat.TomcatWebServer - Tomcat started on port 8088 (http) with context path '/'
2024-07-04 10:56:25.566 [main] INFO  o.a.k.c.consumer.ConsumerConfig - ConsumerConfig values: 
	allow.auto.create.topics = true
	auto.commit.interval.ms = 5000
	auto.include.jmx.reporter = true
	auto.offset.reset = latest
	bootstrap.servers = [localhost:9092]
	check.crcs = true
	client.dns.lookup = use_all_dns_ips
	client.id = consumer-groupA-1
	client.rack = 
	connections.max.idle.ms = 540000
	default.api.timeout.ms = 60000
	enable.auto.commit = false
	enable.metrics.push = true
	exclude.internal.topics = true
	fetch.max.bytes = 52428800
	fetch.max.wait.ms = 500
	fetch.min.bytes = 1
	group.id = groupA
	group.instance.id = null
	group.protocol = classic
	group.remote.assignor = null
	heartbeat.interval.ms = 3000
	interceptor.classes = []
	internal.leave.group.on.close = true
	internal.throw.on.fetch.stable.offset.unsupported = false
	isolation.level = read_uncommitted
	key.deserializer = class org.apache.kafka.common.serialization.StringDeserializer
	max.partition.fetch.bytes = 1048576
	max.poll.interval.ms = 300000
	max.poll.records = 500
	metadata.max.age.ms = 300000
	metric.reporters = []
	metrics.num.samples = 2
	metrics.recording.level = INFO
	metrics.sample.window.ms = 30000
	partition.assignment.strategy = [class org.apache.kafka.clients.consumer.RangeAssignor, class org.apache.kafka.clients.consumer.CooperativeStickyAssignor]
	receive.buffer.bytes = 65536
	reconnect.backoff.max.ms = 1000
	reconnect.backoff.ms = 50
	request.timeout.ms = 30000
	retry.backoff.max.ms = 1000
	retry.backoff.ms = 100
	sasl.client.callback.handler.class = null
	sasl.jaas.config = null
	sasl.kerberos.kinit.cmd = /usr/bin/kinit
	sasl.kerberos.min.time.before.relogin = 60000
	sasl.kerberos.service.name = null
	sasl.kerberos.ticket.renew.jitter = 0.05
	sasl.kerberos.ticket.renew.window.factor = 0.8
	sasl.login.callback.handler.class = null
	sasl.login.class = null
	sasl.login.connect.timeout.ms = null
	sasl.login.read.timeout.ms = null
	sasl.login.refresh.buffer.seconds = 300
	sasl.login.refresh.min.period.seconds = 60
	sasl.login.refresh.window.factor = 0.8
	sasl.login.refresh.window.jitter = 0.05
	sasl.login.retry.backoff.max.ms = 10000
	sasl.login.retry.backoff.ms = 100
	sasl.mechanism = GSSAPI
	sasl.oauthbearer.clock.skew.seconds = 30
	sasl.oauthbearer.expected.audience = null
	sasl.oauthbearer.expected.issuer = null
	sasl.oauthbearer.jwks.endpoint.refresh.ms = 3600000
	sasl.oauthbearer.jwks.endpoint.retry.backoff.max.ms = 10000
	sasl.oauthbearer.jwks.endpoint.retry.backoff.ms = 100
	sasl.oauthbearer.jwks.endpoint.url = null
	sasl.oauthbearer.scope.claim.name = scope
	sasl.oauthbearer.sub.claim.name = sub
	sasl.oauthbearer.token.endpoint.url = null
	security.protocol = PLAINTEXT
	security.providers = null
	send.buffer.bytes = 131072
	session.timeout.ms = 45000
	socket.connection.setup.timeout.max.ms = 30000
	socket.connection.setup.timeout.ms = 10000
	ssl.cipher.suites = null
	ssl.enabled.protocols = [TLSv1.2, TLSv1.3]
	ssl.endpoint.identification.algorithm = https
	ssl.engine.factory.class = null
	ssl.key.password = null
	ssl.keymanager.algorithm = SunX509
	ssl.keystore.certificate.chain = null
	ssl.keystore.key = null
	ssl.keystore.location = null
	ssl.keystore.password = null
	ssl.keystore.type = JKS
	ssl.protocol = TLSv1.3
	ssl.provider = null
	ssl.secure.random.implementation = null
	ssl.trustmanager.algorithm = PKIX
	ssl.truststore.certificates = null
	ssl.truststore.location = null
	ssl.truststore.password = null
	ssl.truststore.type = JKS
	value.deserializer = class org.apache.kafka.common.serialization.ByteArrayDeserializer

2024-07-04 10:56:25.608 [main] INFO  o.a.k.c.t.i.KafkaMetricsCollector - initializing Kafka metrics collector
2024-07-04 10:56:25.654 [main] INFO  o.a.kafka.common.utils.AppInfoParser - Kafka version: 3.7.0
2024-07-04 10:56:25.654 [main] INFO  o.a.kafka.common.utils.AppInfoParser - Kafka commitId: 2ae524ed625438c5
2024-07-04 10:56:25.655 [main] INFO  o.a.kafka.common.utils.AppInfoParser - Kafka startTimeMs: 1720065385654
2024-07-04 10:56:25.665 [main] INFO  o.a.k.c.c.i.LegacyKafkaConsumer - [Consumer clientId=consumer-groupA-1, groupId=groupA] Subscribed to topic(s): get-all-categories, insert-a-category
2024-07-04 10:56:25.688 [main] INFO  c.project.shopapp.ShopappApplication - Started ShopappApplication in 13.036 seconds (process running for 14.892)
2024-07-04 10:56:25.694 [groupA-0-C-1] INFO  org.apache.kafka.clients.Metadata - [Consumer clientId=consumer-groupA-1, groupId=groupA] Cluster ID: jsACefkzQ_afttOEF0bnKA
2024-07-04 10:56:27.297 [groupA-0-C-1] INFO  o.a.k.c.c.i.ConsumerCoordinator - [Consumer clientId=consumer-groupA-1, groupId=groupA] Discovered group coordinator 127.0.0.1:9092 (id: 2147483646 rack: null)
2024-07-04 10:56:27.302 [groupA-0-C-1] INFO  o.a.k.c.c.i.ConsumerCoordinator - [Consumer clientId=consumer-groupA-1, groupId=groupA] (Re-)joining group
2024-07-04 10:56:27.346 [groupA-0-C-1] INFO  o.a.k.c.c.i.ConsumerCoordinator - [Consumer clientId=consumer-groupA-1, groupId=groupA] Request joining group due to: need to re-join with the given member-id: consumer-groupA-1-28466c35-f8e3-487f-bdea-babd72fc6be0
2024-07-04 10:56:27.346 [groupA-0-C-1] INFO  o.a.k.c.c.i.ConsumerCoordinator - [Consumer clientId=consumer-groupA-1, groupId=groupA] (Re-)joining group
2024-07-04 10:56:30.391 [groupA-0-C-1] INFO  o.a.k.c.c.i.ConsumerCoordinator - [Consumer clientId=consumer-groupA-1, groupId=groupA] Successfully joined group with generation Generation{generationId=1, memberId='consumer-groupA-1-28466c35-f8e3-487f-bdea-babd72fc6be0', protocol='range'}
2024-07-04 10:56:30.405 [groupA-0-C-1] INFO  o.a.k.c.c.i.ConsumerCoordinator - [Consumer clientId=consumer-groupA-1, groupId=groupA] Finished assignment for group at generation 1: {consumer-groupA-1-28466c35-f8e3-487f-bdea-babd72fc6be0=Assignment(partitions=[get-all-categories-0, insert-a-category-0])}
2024-07-04 10:56:30.451 [groupA-0-C-1] INFO  o.a.k.c.c.i.ConsumerCoordinator - [Consumer clientId=consumer-groupA-1, groupId=groupA] Successfully synced group in generation Generation{generationId=1, memberId='consumer-groupA-1-28466c35-f8e3-487f-bdea-babd72fc6be0', protocol='range'}
2024-07-04 10:56:30.451 [groupA-0-C-1] INFO  o.a.k.c.c.i.ConsumerCoordinator - [Consumer clientId=consumer-groupA-1, groupId=groupA] Notifying assignor about the new Assignment(partitions=[get-all-categories-0, insert-a-category-0])
2024-07-04 10:56:30.454 [groupA-0-C-1] INFO  o.a.k.c.c.i.ConsumerRebalanceListenerInvoker - [Consumer clientId=consumer-groupA-1, groupId=groupA] Adding newly assigned partitions: get-all-categories-0, insert-a-category-0
2024-07-04 10:56:30.464 [groupA-0-C-1] INFO  o.a.k.c.c.i.ConsumerCoordinator - [Consumer clientId=consumer-groupA-1, groupId=groupA] Found no committed offset for partition insert-a-category-0
2024-07-04 10:56:30.465 [groupA-0-C-1] INFO  o.a.k.c.c.i.ConsumerCoordinator - [Consumer clientId=consumer-groupA-1, groupId=groupA] Found no committed offset for partition get-all-categories-0
2024-07-04 10:56:30.470 [groupA-0-C-1] INFO  o.a.k.c.c.i.ConsumerCoordinator - [Consumer clientId=consumer-groupA-1, groupId=groupA] Found no committed offset for partition insert-a-category-0
2024-07-04 10:56:30.470 [groupA-0-C-1] INFO  o.a.k.c.c.i.ConsumerCoordinator - [Consumer clientId=consumer-groupA-1, groupId=groupA] Found no committed offset for partition get-all-categories-0
2024-07-04 10:56:30.483 [groupA-0-C-1] INFO  o.a.k.c.c.i.SubscriptionState - [Consumer clientId=consumer-groupA-1, groupId=groupA] Resetting offset for partition insert-a-category-0 to position FetchPosition{offset=0, offsetEpoch=Optional.empty, currentLeader=LeaderAndEpoch{leader=Optional[127.0.0.1:9092 (id: 1 rack: null)], epoch=0}}.
2024-07-04 10:56:30.484 [groupA-0-C-1] INFO  o.a.k.c.c.i.SubscriptionState - [Consumer clientId=consumer-groupA-1, groupId=groupA] Resetting offset for partition get-all-categories-0 to position FetchPosition{offset=0, offsetEpoch=Optional.empty, currentLeader=LeaderAndEpoch{leader=Optional[127.0.0.1:9092 (id: 1 rack: null)], epoch=0}}.
2024-07-04 10:56:30.499 [groupA-0-C-1] INFO  o.s.k.l.KafkaMessageListenerContainer - groupA: partitions assigned: [get-all-categories-0, insert-a-category-0]
2024-07-04 10:58:27.283 [http-nio-8088-exec-2] INFO  o.a.c.c.C.[Tomcat].[localhost].[/] - Initializing Spring DispatcherServlet 'dispatcherServlet'
2024-07-04 10:58:27.284 [http-nio-8088-exec-2] INFO  o.s.web.servlet.DispatcherServlet - Initializing Servlet 'dispatcherServlet'
2024-07-04 10:58:27.285 [http-nio-8088-exec-2] INFO  o.s.web.servlet.DispatcherServlet - Completed initialization in 1 ms
2024-07-04 10:58:27.309 [http-nio-8088-exec-2] INFO  Spring Security Debugger - 

************************************************************

Request received for GET '/api/v1/users/auth/social-login?login_type=facebook':

org.apache.catalina.connector.RequestFacade@1d0d2a67

servletPath:/api/v1/users/auth/social-login
pathInfo:null
headers: 
user-agent: PostmanRuntime/7.39.0
accept: */*
postman-token: 9f26fac4-0634-4435-a1f0-4f590860447b
host: localhost:8088
accept-encoding: gzip, deflate, br
connection: keep-alive


Security filter chain: no match


************************************************************


2024-07-04 10:58:31.816 [http-nio-8088-exec-2] INFO  c.p.s.c.aspects.PerformanceAspect - Starting execution of socialAuth
2024-07-04 10:58:31.816 [http-nio-8088-exec-2] INFO  c.p.s.c.aspects.UserActivityLogger - User activity started: socialAuth, IP address: 0:0:0:0:0:0:0:1
2024-07-04 10:58:33.974 [http-nio-8088-exec-2] INFO  c.p.s.c.aspects.UserActivityLogger - User activity finished: socialAuth
2024-07-04 10:58:33.975 [http-nio-8088-exec-2] INFO  c.p.s.c.aspects.PerformanceAspect - Finished execution of socialAuth
2024-07-04 10:58:33.976 [http-nio-8088-exec-2] INFO  c.p.s.c.aspects.PerformanceAspect - Execution of socialAuth took 2161 ms
2024-07-04 10:59:09.935 [http-nio-8088-exec-3] INFO  Spring Security Debugger - 

************************************************************

Request received for GET '/api/v1/users/auth/social/callback?code=AQBlVAShK9nH5DACBvnseN9Bx9ugra15L9uj36mo0vQV9oGra_Ei3dMxcGZBmxjm2GSRSNR6v-vHFHcXk-wn0bAfzQF4XNYCkfNPjeRPAlAaFoChA0pSQqbg2UUNfmYHn8VEMFvJTqgKOOUWFu8aTnRaCONIk_fQdOSMa_x5dtALWiqcF-sazI6HBaqigXVzaR3qA2rK7FEynu6rkBzSEIOeS4AfoyTz-RCupMSjvfPuLs04bGysqnpg-9pRfuWqDBqdIqtV5lqO4U5CtlGZNb-IFF101LKGdIPyT28k2E8aOLzrJvvRKnxVyGarF7zYG2qnImC9-ho1M5ii_tewnMF1KOvVhhACc0qsBYA26SMZxzc-yaHFanJOlFuhuyfwt0-vp55cUUZi0u8mLqYVUH9_iA4CMyu8bcFkXKFV2ke7TQ%23_=_&login_type=facebook':

org.apache.catalina.connector.RequestFacade@1948030f

servletPath:/api/v1/users/auth/social/callback
pathInfo:null
headers: 
user-agent: PostmanRuntime/7.39.0
accept: */*
postman-token: 67a00f41-04b3-42e9-aa64-4492f1fe2d5f
host: localhost:8088
accept-encoding: gzip, deflate, br
connection: keep-alive


Security filter chain: no match


************************************************************


2024-07-04 10:59:12.830 [http-nio-8088-exec-3] INFO  c.p.s.c.aspects.PerformanceAspect - Starting execution of callback
2024-07-04 10:59:12.830 [http-nio-8088-exec-3] INFO  c.p.s.c.aspects.UserActivityLogger - User activity started: callback, IP address: 0:0:0:0:0:0:0:1
2024-07-04 11:00:26.205 [http-nio-8088-exec-3] INFO  c.p.s.c.aspects.UserActivityLogger - User activity finished: callback
2024-07-04 11:00:26.205 [http-nio-8088-exec-3] INFO  c.p.s.c.aspects.PerformanceAspect - Finished execution of callback
2024-07-04 11:00:26.205 [http-nio-8088-exec-3] INFO  c.p.s.c.aspects.PerformanceAspect - Execution of callback took 73375 ms
